#
# There is insufficient memory for the Java Runtime Environment to continue.
# Native memory allocation (mmap) failed to map 27262976 bytes. Error detail: G1 virtual space
# Possible reasons:
#   The system is out of physical RAM or swap space
#   This process is running with CompressedOops enabled, and the Java Heap may be blocking the growth of the native heap
# Possible solutions:
#   Reduce memory load on the system
#   Increase physical memory or swap space
#   Check if swap backing store is full
#   Decrease Java heap size (-Xmx/-Xms)
#   Decrease number of Java threads
#   Decrease Java thread stack sizes (-Xss)
#   Set larger code cache with -XX:ReservedCodeCacheSize=
#   JVM is running with Unscaled Compressed Oops mode in which the Java heap is
#     placed in the first 4GB address space. The Java Heap base address is the
#     maximum limit for the native heap growth. Please use -XX:HeapBaseMinAddress
#     to set the Java Heap base and to place the Java Heap above 4GB virtual address.
# This output file may be truncated or incomplete.
#
#  Out of Memory Error (os_windows.cpp:3925), pid=12756, tid=1376
#
# JRE version: OpenJDK Runtime Environment (21.0.8) (build 21.0.8+-14018985-b1038.68)
# Java VM: OpenJDK 64-Bit Server VM (21.0.8+-14018985-b1038.68, mixed mode, tiered, compressed oops, compressed class ptrs, g1 gc, windows-amd64)
# No core dump will be written. Minidumps are not enabled by default on client versions of Windows
#

---------------  S U M M A R Y ------------

Command Line: --add-opens=java.base/java.lang=ALL-UNNAMED --add-opens=java.base/java.lang.invoke=ALL-UNNAMED --add-opens=java.base/java.util=ALL-UNNAMED --add-opens=java.prefs/java.util.prefs=ALL-UNNAMED --add-exports=jdk.compiler/com.sun.tools.javac.api=ALL-UNNAMED --add-exports=jdk.compiler/com.sun.tools.javac.util=ALL-UNNAMED --add-opens=java.base/java.util=ALL-UNNAMED --add-opens=java.prefs/java.util.prefs=ALL-UNNAMED --add-opens=java.base/java.nio.charset=ALL-UNNAMED --add-opens=java.base/java.net=ALL-UNNAMED --add-opens=java.base/java.util.concurrent.atomic=ALL-UNNAMED --add-opens=java.xml/javax.xml.namespace=ALL-UNNAMED -Xmx2048m -Dfile.encoding=UTF-8 -Duser.country=US -Duser.language=en -Duser.variant -javaagent:C:\Users\Laptop_Store\.gradle\wrapper\dists\gradle-8.13-bin\5xuhj0ry160q40clulazy9h7d\gradle-8.13\lib\agents\gradle-instrumentation-agent-8.13.jar org.gradle.launcher.daemon.bootstrap.GradleDaemon 8.13

Host: Intel(R) Core(TM) i5-8350U CPU @ 1.70GHz, 8 cores, 7G,  Windows 10 , 64 bit Build 19041 (10.0.19041.5794)
Time: Tue Jun  9 00:15:12 2026 Pakistan Standard Time elapsed time: 35.483494 seconds (0d 0h 0m 35s)

---------------  T H R E A D  ---------------

Current thread (0x000001c2a9c99120):  VMThread "VM Thread"          [id=1376, stack(0x0000002c61300000,0x0000002c61400000) (1024K)]

Stack: [0x0000002c61300000,0x0000002c61400000]
Native frames: (J=compiled Java code, j=interpreted, Vv=VM code, C=native code)
V  [jvm.dll+0x6d68d9]
V  [jvm.dll+0x866693]
V  [jvm.dll+0x868c4e]
V  [jvm.dll+0x869333]
V  [jvm.dll+0x280566]
V  [jvm.dll+0x6d3195]
V  [jvm.dll+0x6c69ea]
V  [jvm.dll+0x3586db]
V  [jvm.dll+0x360336]
V  [jvm.dll+0x3b23f6]
V  [jvm.dll+0x3b26c8]
V  [jvm.dll+0x32ae6c]
V  [jvm.dll+0x32d806]
V  [jvm.dll+0x3376dd]
V  [jvm.dll+0x36ee15]
V  [jvm.dll+0x86f0b8]
V  [jvm.dll+0x870434]
V  [jvm.dll+0x870970]
V  [jvm.dll+0x870c03]
V  [jvm.dll+0x80eac8]
V  [jvm.dll+0x6d512d]
C  [ucrtbase.dll+0x21bb2]
C  [KERNEL32.DLL+0x17374]
C  [ntdll.dll+0x4cc91]

VM_Operation (0x0000002c60eff890): G1PauseRemark, mode: safepoint, requested by thread 0x000001c2926397f0


---------------  P R O C E S S  ---------------

Threads class SMR info:
_java_thread_list=0x000001c2b904a080, length=77, elements={
0x000001c2925d2b30, 0x000001c2ae046830, 0x000001c2ae056e10, 0x000001c2ae04a100,
0x000001c2ae04bd90, 0x000001c2ae04c7f0, 0x000001c2ae06a5a0, 0x000001c2ae06b7a0,
0x000001c2ae07aa50, 0x000001c2ae07dca0, 0x000001c2ae45d160, 0x000001c2af102e30,
0x000001c2afbc5fd0, 0x000001c2af0003a0, 0x000001c2ae2ead30, 0x000001c2aef647d0,
0x000001c2ae515ed0, 0x000001c2afcb0990, 0x000001c2afdbc220, 0x000001c2afdb9ac0,
0x000001c2afdba7e0, 0x000001c2afdbae70, 0x000001c2afdbb500, 0x000001c2afdbc8b0,
0x000001c2afdbbb90, 0x000001c2afdb9430, 0x000001c2b03aea50, 0x000001c2b03af0e0,
0x000001c2b03b0490, 0x000001c2b03b1ed0, 0x000001c2b03add30, 0x000001c2b03b3910,
0x000001c2b03afe00, 0x000001c2b03ac980, 0x000001c2b03b2560, 0x000001c2b03b3280,
0x000001c2b03ad6a0, 0x000001c2b03b3fa0, 0x000001c2b03ad010, 0x000001c2b08b9f00,
0x000001c2b08bb2b0, 0x000001c2b08ba590, 0x000001c2b08bac20, 0x000001c2b08b8b50,
0x000001c2b08bb940, 0x000001c2b08b9870, 0x000001c2b08bbfd0, 0x000001c2b08b91e0,
0x000001c2b0280300, 0x000001c2b0280990, 0x000001c2b0286570, 0x000001c2b027fc70,
0x000001c2b02823d0, 0x000001c2b0282a60, 0x000001c2b0283780, 0x000001c2b3208ff0,
0x000001c2b32047c0, 0x000001c2b3205b70, 0x000001c2b3206200, 0x000001c2b3204e50,
0x000001c2b3206890, 0x000001c2b3206f20, 0x000001c2b3202060, 0x000001c2b32075b0,
0x000001c2b3209680, 0x000001c2b32026f0, 0x000001c2b3204130, 0x000001c2b32082d0,
0x000001c2b32054e0, 0x000001c2b3207c40, 0x000001c2b3208960, 0x000001c2b3202d80,
0x000001c2b3203410, 0x000001c2b0285ee0, 0x000001c2b3e1fb20, 0x000001c2b3e1e770,
0x000001c2b3e19220
}

Java Threads: ( => current thread )
  0x000001c2925d2b30 JavaThread "main"                              [_thread_blocked, id=12320, stack(0x0000002c60c00000,0x0000002c60d00000) (1024K)]
  0x000001c2ae046830 JavaThread "Common-Cleaner"             daemon [_thread_blocked, id=2792, stack(0x0000002c61400000,0x0000002c61500000) (1024K)]
  0x000001c2ae056e10 JavaThread "Reference Handler"          daemon [_thread_blocked, id=14132, stack(0x0000002c61500000,0x0000002c61600000) (1024K)]
  0x000001c2ae04a100 JavaThread "Finalizer"                  daemon [_thread_blocked, id=11316, stack(0x0000002c61600000,0x0000002c61700000) (1024K)]
  0x000001c2ae04bd90 JavaThread "Signal Dispatcher"          daemon [_thread_blocked, id=3048, stack(0x0000002c61700000,0x0000002c61800000) (1024K)]
  0x000001c2ae04c7f0 JavaThread "Attach Listener"            daemon [_thread_blocked, id=8216, stack(0x0000002c61800000,0x0000002c61900000) (1024K)]
  0x000001c2ae06a5a0 JavaThread "Service Thread"             daemon [_thread_blocked, id=13504, stack(0x0000002c61900000,0x0000002c61a00000) (1024K)]
  0x000001c2ae06b7a0 JavaThread "Monitor Deflation Thread"   daemon [_thread_blocked, id=8184, stack(0x0000002c61a00000,0x0000002c61b00000) (1024K)]
  0x000001c2ae07aa50 JavaThread "C2 CompilerThread0"         daemon [_thread_blocked, id=13852, stack(0x0000002c61b00000,0x0000002c61c00000) (1024K)]
  0x000001c2ae07dca0 JavaThread "C1 CompilerThread0"         daemon [_thread_blocked, id=13172, stack(0x0000002c61c00000,0x0000002c61d00000) (1024K)]
  0x000001c2ae45d160 JavaThread "Notification Thread"        daemon [_thread_blocked, id=3960, stack(0x0000002c61d00000,0x0000002c61e00000) (1024K)]
  0x000001c2af102e30 JavaThread "Daemon health stats"               [_thread_blocked, id=5308, stack(0x0000002c62300000,0x0000002c62400000) (1024K)]
  0x000001c2afbc5fd0 JavaThread "Incoming local TCP Connector on port 51626"        [_thread_in_native, id=788, stack(0x0000002c62400000,0x0000002c62500000) (1024K)]
  0x000001c2af0003a0 JavaThread "Daemon periodic checks"            [_thread_blocked, id=12404, stack(0x0000002c62500000,0x0000002c62600000) (1024K)]
  0x000001c2ae2ead30 JavaThread "Daemon"                            [_thread_blocked, id=1356, stack(0x0000002c62600000,0x0000002c62700000) (1024K)]
  0x000001c2aef647d0 JavaThread "Handler for socket connection from /127.0.0.1:51626 to /127.0.0.1:51627"        [_thread_in_native, id=13180, stack(0x0000002c62700000,0x0000002c62800000) (1024K)]
  0x000001c2ae515ed0 JavaThread "Cancel handler"                    [_thread_blocked, id=13900, stack(0x0000002c62800000,0x0000002c62900000) (1024K)]
  0x000001c2afcb0990 JavaThread "Daemon worker"                     [_thread_blocked, id=13936, stack(0x0000002c62900000,0x0000002c62a00000) (1024K)]
  0x000001c2afdbc220 JavaThread "Asynchronous log dispatcher for DefaultDaemonConnection: socket connection from /127.0.0.1:51626 to /127.0.0.1:51627"        [_thread_blocked, id=12016, stack(0x0000002c62a00000,0x0000002c62b00000) (1024K)]
  0x000001c2afdb9ac0 JavaThread "Stdin handler"                     [_thread_blocked, id=12232, stack(0x0000002c62b00000,0x0000002c62c00000) (1024K)]
  0x000001c2afdba7e0 JavaThread "Daemon client event forwarder"        [_thread_blocked, id=13324, stack(0x0000002c62c00000,0x0000002c62d00000) (1024K)]
  0x000001c2afdbae70 JavaThread "Cache worker for journal cache (C:\Users\Laptop_Store\.gradle\caches\journal-1)"        [_thread_blocked, id=12780, stack(0x0000002c63000000,0x0000002c63100000) (1024K)]
  0x000001c2afdbb500 JavaThread "File lock request listener"        [_thread_in_native, id=1724, stack(0x0000002c63100000,0x0000002c63200000) (1024K)]
  0x000001c2afdbc8b0 JavaThread "Cache worker for file hash cache (C:\Users\Laptop_Store\.gradle\caches\8.13\fileHashes)"        [_thread_blocked, id=12296, stack(0x0000002c63200000,0x0000002c63300000) (1024K)]
  0x000001c2afdbbb90 JavaThread "Cache worker for file hash cache (D:\VillageToCityReseilingApp1\.gradle\8.13\fileHashes)"        [_thread_blocked, id=12280, stack(0x0000002c63300000,0x0000002c63400000) (1024K)]
  0x000001c2afdb9430 JavaThread "Cache worker for Build Output Cleanup Cache (D:\VillageToCityReseilingApp1\.gradle\buildOutputCleanup)"        [_thread_blocked, id=11644, stack(0x0000002c63400000,0x0000002c63500000) (1024K)]
  0x000001c2b03aea50 JavaThread "File watcher server"        daemon [_thread_in_native, id=7180, stack(0x0000002c63500000,0x0000002c63600000) (1024K)]
  0x000001c2b03af0e0 JavaThread "File watcher consumer"      daemon [_thread_blocked, id=6348, stack(0x0000002c63600000,0x0000002c63700000) (1024K)]
  0x000001c2b03b0490 JavaThread "jar transforms"                    [_thread_blocked, id=5752, stack(0x0000002c63700000,0x0000002c63800000) (1024K)]
  0x000001c2b03b1ed0 JavaThread "jar transforms Thread 2"           [_thread_blocked, id=8576, stack(0x0000002c63800000,0x0000002c63900000) (1024K)]
  0x000001c2b03add30 JavaThread "Cache worker for checksums cache (D:\VillageToCityReseilingApp1\.gradle\8.13\checksums)"        [_thread_blocked, id=3508, stack(0x0000002c63900000,0x0000002c63a00000) (1024K)]
  0x000001c2b03b3910 JavaThread "Cache worker for file content cache (C:\Users\Laptop_Store\.gradle\caches\8.13\fileContent)"        [_thread_blocked, id=9624, stack(0x0000002c63a00000,0x0000002c63b00000) (1024K)]
  0x000001c2b03afe00 JavaThread "jar transforms Thread 3"           [_thread_blocked, id=11112, stack(0x0000002c63b00000,0x0000002c63c00000) (1024K)]
  0x000001c2b03ac980 JavaThread "Cache worker for cache directory md-supplier (C:\Users\Laptop_Store\.gradle\caches\8.13\md-supplier)"        [_thread_blocked, id=13644, stack(0x0000002c63c00000,0x0000002c63d00000) (1024K)]
  0x000001c2b03b2560 JavaThread "Cache worker for cache directory md-rule (C:\Users\Laptop_Store\.gradle\caches\8.13\md-rule)"        [_thread_blocked, id=13628, stack(0x0000002c63d00000,0x0000002c63e00000) (1024K)]
  0x000001c2b03b3280 JavaThread "Unconstrained build operations"        [_thread_blocked, id=6912, stack(0x0000002c63e00000,0x0000002c63f00000) (1024K)]
  0x000001c2b03ad6a0 JavaThread "Unconstrained build operations Thread 2"        [_thread_blocked, id=12468, stack(0x0000002c63f00000,0x0000002c64000000) (1024K)]
  0x000001c2b03b3fa0 JavaThread "Unconstrained build operations Thread 3"        [_thread_blocked, id=11796, stack(0x0000002c64000000,0x0000002c64100000) (1024K)]
  0x000001c2b03ad010 JavaThread "Unconstrained build operations Thread 4"        [_thread_blocked, id=13536, stack(0x0000002c64100000,0x0000002c64200000) (1024K)]
  0x000001c2b08b9f00 JavaThread "Unconstrained build operations Thread 5"        [_thread_blocked, id=9728, stack(0x0000002c64200000,0x0000002c64300000) (1024K)]
  0x000001c2b08bb2b0 JavaThread "Unconstrained build operations Thread 6"        [_thread_blocked, id=12888, stack(0x0000002c64300000,0x0000002c64400000) (1024K)]
  0x000001c2b08ba590 JavaThread "Unconstrained build operations Thread 7"        [_thread_blocked, id=13908, stack(0x0000002c64400000,0x0000002c64500000) (1024K)]
  0x000001c2b08bac20 JavaThread "Unconstrained build operations Thread 8"        [_thread_blocked, id=10252, stack(0x0000002c64500000,0x0000002c64600000) (1024K)]
  0x000001c2b08b8b50 JavaThread "jar transforms Thread 4"           [_thread_blocked, id=8540, stack(0x0000002c64600000,0x0000002c64700000) (1024K)]
  0x000001c2b08bb940 JavaThread "jar transforms Thread 5"           [_thread_blocked, id=12940, stack(0x0000002c64700000,0x0000002c64800000) (1024K)]
  0x000001c2b08b9870 JavaThread "Unconstrained build operations Thread 9"        [_thread_blocked, id=11988, stack(0x0000002c64800000,0x0000002c64900000) (1024K)]
  0x000001c2b08bbfd0 JavaThread "Unconstrained build operations Thread 10"        [_thread_blocked, id=4024, stack(0x0000002c64900000,0x0000002c64a00000) (1024K)]
  0x000001c2b08b91e0 JavaThread "Unconstrained build operations Thread 11"        [_thread_blocked, id=13412, stack(0x0000002c64a00000,0x0000002c64b00000) (1024K)]
  0x000001c2b0280300 JavaThread "Unconstrained build operations Thread 12"        [_thread_blocked, id=10352, stack(0x0000002c64b00000,0x0000002c64c00000) (1024K)]
  0x000001c2b0280990 JavaThread "jar transforms Thread 6"           [_thread_blocked, id=4236, stack(0x0000002c64c00000,0x0000002c64d00000) (1024K)]
  0x000001c2b0286570 JavaThread "jar transforms Thread 7"           [_thread_blocked, id=13176, stack(0x0000002c64d00000,0x0000002c64e00000) (1024K)]
  0x000001c2b027fc70 JavaThread "jar transforms Thread 8"           [_thread_blocked, id=2720, stack(0x0000002c64e00000,0x0000002c64f00000) (1024K)]
  0x000001c2b02823d0 JavaThread "Unconstrained build operations Thread 13"        [_thread_blocked, id=10956, stack(0x0000002c64f00000,0x0000002c65000000) (1024K)]
  0x000001c2b0282a60 JavaThread "Unconstrained build operations Thread 14"        [_thread_blocked, id=2276, stack(0x0000002c65000000,0x0000002c65100000) (1024K)]
  0x000001c2b0283780 JavaThread "Unconstrained build operations Thread 15"        [_thread_blocked, id=8200, stack(0x0000002c65100000,0x0000002c65200000) (1024K)]
  0x000001c2b3208ff0 JavaThread "Unconstrained build operations Thread 16"        [_thread_blocked, id=13076, stack(0x0000002c65200000,0x0000002c65300000) (1024K)]
  0x000001c2b32047c0 JavaThread "Unconstrained build operations Thread 17"        [_thread_blocked, id=12160, stack(0x0000002c65300000,0x0000002c65400000) (1024K)]
  0x000001c2b3205b70 JavaThread "Unconstrained build operations Thread 18"        [_thread_blocked, id=7516, stack(0x0000002c65400000,0x0000002c65500000) (1024K)]
  0x000001c2b3206200 JavaThread "Unconstrained build operations Thread 19"        [_thread_blocked, id=8520, stack(0x0000002c65500000,0x0000002c65600000) (1024K)]
  0x000001c2b3204e50 JavaThread "Unconstrained build operations Thread 20"        [_thread_blocked, id=12200, stack(0x0000002c65600000,0x0000002c65700000) (1024K)]
  0x000001c2b3206890 JavaThread "Unconstrained build operations Thread 21"        [_thread_blocked, id=12204, stack(0x0000002c65700000,0x0000002c65800000) (1024K)]
  0x000001c2b3206f20 JavaThread "Unconstrained build operations Thread 22"        [_thread_blocked, id=824, stack(0x0000002c65800000,0x0000002c65900000) (1024K)]
  0x000001c2b3202060 JavaThread "Unconstrained build operations Thread 23"        [_thread_blocked, id=12216, stack(0x0000002c65900000,0x0000002c65a00000) (1024K)]
  0x000001c2b32075b0 JavaThread "Unconstrained build operations Thread 24"        [_thread_blocked, id=11012, stack(0x0000002c65a00000,0x0000002c65b00000) (1024K)]
  0x000001c2b3209680 JavaThread "Unconstrained build operations Thread 25"        [_thread_blocked, id=8496, stack(0x0000002c65b00000,0x0000002c65c00000) (1024K)]
  0x000001c2b32026f0 JavaThread "Unconstrained build operations Thread 26"        [_thread_blocked, id=12208, stack(0x0000002c65c00000,0x0000002c65d00000) (1024K)]
  0x000001c2b3204130 JavaThread "Unconstrained build operations Thread 27"        [_thread_blocked, id=2688, stack(0x0000002c65d00000,0x0000002c65e00000) (1024K)]
  0x000001c2b32082d0 JavaThread "Unconstrained build operations Thread 28"        [_thread_blocked, id=10388, stack(0x0000002c65e00000,0x0000002c65f00000) (1024K)]
  0x000001c2b32054e0 JavaThread "Unconstrained build operations Thread 29"        [_thread_blocked, id=10476, stack(0x0000002c65f00000,0x0000002c66000000) (1024K)]
  0x000001c2b3207c40 JavaThread "Unconstrained build operations Thread 30"        [_thread_blocked, id=12228, stack(0x0000002c66000000,0x0000002c66100000) (1024K)]
  0x000001c2b3208960 JavaThread "Unconstrained build operations Thread 31"        [_thread_blocked, id=12236, stack(0x0000002c66100000,0x0000002c66200000) (1024K)]
  0x000001c2b3202d80 JavaThread "Unconstrained build operations Thread 32"        [_thread_blocked, id=11892, stack(0x0000002c66200000,0x0000002c66300000) (1024K)]
  0x000001c2b3203410 JavaThread "Unconstrained build operations Thread 33"        [_thread_blocked, id=12240, stack(0x0000002c66300000,0x0000002c66400000) (1024K)]
  0x000001c2b0285ee0 JavaThread "build event listener"              [_thread_blocked, id=5668, stack(0x0000002c66400000,0x0000002c66500000) (1024K)]
  0x000001c2b3e1fb20 JavaThread "Memory manager"                    [_thread_blocked, id=13032, stack(0x0000002c66500000,0x0000002c66600000) (1024K)]
  0x000001c2b3e1e770 JavaThread "pool-3-thread-1"                   [_thread_blocked, id=11980, stack(0x0000002c66600000,0x0000002c66700000) (1024K)]
  0x000001c2b3e19220 JavaThread "build event listener"              [_thread_blocked, id=11888, stack(0x0000002c66700000,0x0000002c66800000) (1024K)]
Total: 77

Other Threads:
=>0x000001c2a9c99120 VMThread "VM Thread"                           [id=1376, stack(0x0000002c61300000,0x0000002c61400000) (1024K)]
  0x000001c2a9c53a90 WatcherThread "VM Periodic Task Thread"        [id=5884, stack(0x0000002c61200000,0x0000002c61300000) (1024K)]
  0x000001c292628900 WorkerThread "GC Thread#0"                     [id=3080, stack(0x0000002c60d00000,0x0000002c60e00000) (1024K)]
  0x000001c2ae46b910 WorkerThread "GC Thread#1"                     [id=12212, stack(0x0000002c61e00000,0x0000002c61f00000) (1024K)]
  0x000001c2ae46bcb0 WorkerThread "GC Thread#2"                     [id=9024, stack(0x0000002c61f00000,0x0000002c62000000) (1024K)]
  0x000001c2aee797f0 WorkerThread "GC Thread#3"                     [id=4616, stack(0x0000002c62000000,0x0000002c62100000) (1024K)]
  0x000001c2aee82a00 WorkerThread "GC Thread#4"                     [id=12456, stack(0x0000002c62100000,0x0000002c62200000) (1024K)]
  0x000001c2af9cb0b0 WorkerThread "GC Thread#5"                     [id=12440, stack(0x0000002c62200000,0x0000002c62300000) (1024K)]
  0x000001c2afb36ee0 WorkerThread "GC Thread#6"                     [id=6524, stack(0x0000002c62d00000,0x0000002c62e00000) (1024K)]
  0x000001c2afb35cc0 WorkerThread "GC Thread#7"                     [id=10708, stack(0x0000002c62e00000,0x0000002c62f00000) (1024K)]
  0x000001c2926397f0 ConcurrentGCThread "G1 Main Marker"            [id=13868, stack(0x0000002c60e00000,0x0000002c60f00000) (1024K)]
  0x000001c29263ab10 WorkerThread "G1 Conc#0"                       [id=11532, stack(0x0000002c60f00000,0x0000002c61000000) (1024K)]
  0x000001c2afb367a0 WorkerThread "G1 Conc#1"                       [id=3280, stack(0x0000002c62f00000,0x0000002c63000000) (1024K)]
  0x000001c29269ea00 ConcurrentGCThread "G1 Refine#0"               [id=5216, stack(0x0000002c61000000,0x0000002c61100000) (1024K)]
  0x000001c2a9b2b670 ConcurrentGCThread "G1 Service"                [id=11600, stack(0x0000002c61100000,0x0000002c61200000) (1024K)]
Total: 15

Threads with active compile tasks:
C2 CompilerThread0  35606 11698       4       java.util.HashSet::add (20 bytes)
C1 CompilerThread0  35607 11769       3       org.gradle.internal.component.model.DefaultComponentOverrideMetadata::extractClientModule (31 bytes)
Total: 2

VM state: at safepoint (normal execution)

VM Mutex/Monitor currently owned by a thread:  ([mutex/lock_event])
[0x00007ffda63f85b8] Threads_lock - owner thread: 0x000001c2a9c99120
[0x00007ffda63f86b8] Heap_lock - owner thread: 0x000001c2926397f0

Heap address: 0x0000000080000000, size: 2048 MB, Compressed Oops mode: 32-bit

CDS archive(s) not mapped
Compressed class space mapped at: 0x0000000100000000-0x0000000140000000, reserved size: 1073741824
Narrow klass base: 0x0000000000000000, Narrow klass shift: 3, Narrow klass range: 0x140000000

GC Precious Log:
 CardTable entry size: 512
 Card Set container configuration: InlinePtr #cards 5 size 8 Array Of Cards #cards 12 size 40 Howl #buckets 4 coarsen threshold 1843 Howl Bitmap #cards 512 size 80 coarsen threshold 460 Card regions per heap region 1 cards per card region 2048
 CPUs: 8 total, 8 available
 Memory: 8050M
 Large Page Support: Disabled
 NUMA Support: Disabled
 Compressed Oops: Enabled (32-bit)
 Heap Region Size: 1M
 Heap Min Capacity: 8M
 Heap Initial Capacity: 126M
 Heap Max Capacity: 2G
 Pre-touch: Disabled
 Parallel Workers: 8
 Concurrent Workers: 2
 Concurrent Refinement Workers: 8
 Periodic GC: Disabled

Heap:
 garbage-first heap   total 152576K, used 110045K [0x0000000080000000, 0x0000000100000000)
  region size 1024K, 10 young (10240K), 6 survivors (6144K)
 Metaspace       used 110795K, committed 112960K, reserved 1179648K
  class space    used 15386K, committed 16448K, reserved 1048576K

Heap Regions: E=young(eden), S=young(survivor), O=old, HS=humongous(starts), HC=humongous(continues), CS=collection set, F=free, TAMS=top-at-mark-start, PB=parsable bottom
|   0|0x0000000080000000, 0x0000000080100000, 0x0000000080100000|100%|HS|  |TAMS 0x0000000080100000| PB 0x0000000080000000| Complete 
|   1|0x0000000080100000, 0x0000000080200000, 0x0000000080200000|100%|HC|  |TAMS 0x0000000080200000| PB 0x0000000080100000| Complete 
|   2|0x0000000080200000, 0x0000000080300000, 0x0000000080300000|100%|HC|  |TAMS 0x0000000080300000| PB 0x0000000080200000| Complete 
|   3|0x0000000080300000, 0x0000000080400000, 0x0000000080400000|100%| O|  |TAMS 0x0000000080400000| PB 0x0000000080400000| Untracked 
|   4|0x0000000080400000, 0x0000000080500000, 0x0000000080500000|100%| O|  |TAMS 0x0000000080500000| PB 0x0000000080500000| Untracked 
|   5|0x0000000080500000, 0x0000000080600000, 0x0000000080600000|100%| O|  |TAMS 0x0000000080600000| PB 0x0000000080600000| Untracked 
|   6|0x0000000080600000, 0x0000000080700000, 0x0000000080700000|100%|HS|  |TAMS 0x0000000080700000| PB 0x0000000080600000| Complete 
|   7|0x0000000080700000, 0x0000000080800000, 0x0000000080800000|100%| O|  |TAMS 0x0000000080800000| PB 0x0000000080800000| Untracked 
|   8|0x0000000080800000, 0x0000000080900000, 0x0000000080900000|100%| O|  |TAMS 0x0000000080900000| PB 0x0000000080900000| Untracked 
|   9|0x0000000080900000, 0x0000000080a00000, 0x0000000080a00000|100%| O|  |TAMS 0x0000000080a00000| PB 0x0000000080a00000| Untracked 
|  10|0x0000000080a00000, 0x0000000080b00000, 0x0000000080b00000|100%| O|  |TAMS 0x0000000080b00000| PB 0x0000000080b00000| Updating 
|  11|0x0000000080b00000, 0x0000000080c00000, 0x0000000080c00000|100%| O|  |TAMS 0x0000000080c00000| PB 0x0000000080c00000| Untracked 
|  12|0x0000000080c00000, 0x0000000080d00000, 0x0000000080d00000|100%| O|  |TAMS 0x0000000080d00000| PB 0x0000000080d00000| Untracked 
|  13|0x0000000080d00000, 0x0000000080e00000, 0x0000000080e00000|100%| O|  |TAMS 0x0000000080e00000| PB 0x0000000080e00000| Untracked 
|  14|0x0000000080e00000, 0x0000000080f00000, 0x0000000080f00000|100%| O|  |TAMS 0x0000000080f00000| PB 0x0000000080f00000| Untracked 
|  15|0x0000000080f00000, 0x0000000081000000, 0x0000000081000000|100%| O|  |TAMS 0x0000000081000000| PB 0x0000000081000000| Untracked 
|  16|0x0000000081000000, 0x0000000081100000, 0x0000000081100000|100%| O|  |TAMS 0x0000000081100000| PB 0x0000000081100000| Untracked 
|  17|0x0000000081100000, 0x0000000081200000, 0x0000000081200000|100%| O|  |TAMS 0x0000000081200000| PB 0x0000000081200000| Untracked 
|  18|0x0000000081200000, 0x0000000081300000, 0x0000000081300000|100%| O|  |TAMS 0x0000000081300000| PB 0x0000000081300000| Untracked 
|  19|0x0000000081300000, 0x0000000081400000, 0x0000000081400000|100%| O|  |TAMS 0x0000000081400000| PB 0x0000000081400000| Updating 
|  20|0x0000000081400000, 0x0000000081500000, 0x0000000081500000|100%| O|  |TAMS 0x0000000081500000| PB 0x0000000081500000| Updating 
|  21|0x0000000081500000, 0x0000000081600000, 0x0000000081600000|100%| O|  |TAMS 0x0000000081600000| PB 0x0000000081600000| Updating 
|  22|0x0000000081600000, 0x0000000081700000, 0x0000000081700000|100%| O|  |TAMS 0x0000000081700000| PB 0x0000000081700000| Untracked 
|  23|0x0000000081700000, 0x0000000081800000, 0x0000000081800000|100%| O|  |TAMS 0x0000000081800000| PB 0x0000000081800000| Updating 
|  24|0x0000000081800000, 0x0000000081900000, 0x0000000081900000|100%| O|  |TAMS 0x0000000081900000| PB 0x0000000081900000| Untracked 
|  25|0x0000000081900000, 0x0000000081a00000, 0x0000000081a00000|100%| O|  |TAMS 0x0000000081a00000| PB 0x0000000081a00000| Untracked 
|  26|0x0000000081a00000, 0x0000000081b00000, 0x0000000081b00000|100%| O|  |TAMS 0x0000000081b00000| PB 0x0000000081b00000| Updating 
|  27|0x0000000081b00000, 0x0000000081c00000, 0x0000000081c00000|100%| O|  |TAMS 0x0000000081c00000| PB 0x0000000081c00000| Untracked 
|  28|0x0000000081c00000, 0x0000000081d00000, 0x0000000081d00000|100%| O|  |TAMS 0x0000000081c00000| PB 0x0000000081c00000| Untracked 
|  29|0x0000000081d00000, 0x0000000081e00000, 0x0000000081e00000|100%| O|  |TAMS 0x0000000081e00000| PB 0x0000000081e00000| Updating 
|  30|0x0000000081e00000, 0x0000000081f00000, 0x0000000081f00000|100%| O|  |TAMS 0x0000000081f00000| PB 0x0000000081f00000| Untracked 
|  31|0x0000000081f00000, 0x0000000082000000, 0x0000000082000000|100%| O|  |TAMS 0x0000000082000000| PB 0x0000000082000000| Untracked 
|  32|0x0000000082000000, 0x0000000082100000, 0x0000000082100000|100%| O|  |TAMS 0x0000000082100000| PB 0x0000000082100000| Untracked 
|  33|0x0000000082100000, 0x0000000082200000, 0x0000000082200000|100%| O|  |TAMS 0x0000000082200000| PB 0x0000000082200000| Updating 
|  34|0x0000000082200000, 0x0000000082300000, 0x0000000082300000|100%| O|  |TAMS 0x0000000082300000| PB 0x0000000082300000| Untracked 
|  35|0x0000000082300000, 0x0000000082400000, 0x0000000082400000|100%| O|  |TAMS 0x0000000082400000| PB 0x0000000082400000| Untracked 
|  36|0x0000000082400000, 0x0000000082500000, 0x0000000082500000|100%| O|  |TAMS 0x0000000082500000| PB 0x0000000082500000| Updating 
|  37|0x0000000082500000, 0x0000000082600000, 0x0000000082600000|100%| O|  |TAMS 0x0000000082600000| PB 0x0000000082600000| Updating 
|  38|0x0000000082600000, 0x0000000082700000, 0x0000000082700000|100%| O|  |TAMS 0x0000000082700000| PB 0x0000000082700000| Untracked 
|  39|0x0000000082700000, 0x0000000082800000, 0x0000000082800000|100%| O|  |TAMS 0x0000000082800000| PB 0x0000000082800000| Untracked 
|  40|0x0000000082800000, 0x0000000082900000, 0x0000000082900000|100%| O|  |TAMS 0x0000000082900000| PB 0x0000000082900000| Untracked 
|  41|0x0000000082900000, 0x0000000082a00000, 0x0000000082a00000|100%| O|  |TAMS 0x0000000082a00000| PB 0x0000000082a00000| Untracked 
|  42|0x0000000082a00000, 0x0000000082b00000, 0x0000000082b00000|100%| O|  |TAMS 0x0000000082b00000| PB 0x0000000082b00000| Untracked 
|  43|0x0000000082b00000, 0x0000000082c00000, 0x0000000082c00000|100%| O|  |TAMS 0x0000000082c00000| PB 0x0000000082c00000| Untracked 
|  44|0x0000000082c00000, 0x0000000082d00000, 0x0000000082d00000|100%| O|  |TAMS 0x0000000082d00000| PB 0x0000000082d00000| Untracked 
|  45|0x0000000082d00000, 0x0000000082e00000, 0x0000000082e00000|100%| O|  |TAMS 0x0000000082e00000| PB 0x0000000082e00000| Untracked 
|  46|0x0000000082e00000, 0x0000000082f00000, 0x0000000082f00000|100%|HS|  |TAMS 0x0000000082f00000| PB 0x0000000082e00000| Complete 
|  47|0x0000000082f00000, 0x0000000083000000, 0x0000000083000000|100%|HS|  |TAMS 0x0000000083000000| PB 0x0000000082f00000| Complete 
|  48|0x0000000083000000, 0x0000000083100000, 0x0000000083100000|100%|HS|  |TAMS 0x0000000083100000| PB 0x0000000083000000| Complete 
|  49|0x0000000083100000, 0x0000000083200000, 0x0000000083200000|100%| O|  |TAMS 0x0000000083200000| PB 0x0000000083200000| Untracked 
|  50|0x0000000083200000, 0x0000000083300000, 0x0000000083300000|100%|HS|  |TAMS 0x0000000083300000| PB 0x0000000083200000| Complete 
|  51|0x0000000083300000, 0x0000000083400000, 0x0000000083400000|100%| O|  |TAMS 0x0000000083400000| PB 0x0000000083400000| Untracked 
|  52|0x0000000083400000, 0x0000000083500000, 0x0000000083500000|100%|HS|  |TAMS 0x0000000083500000| PB 0x0000000083400000| Complete 
|  53|0x0000000083500000, 0x0000000083600000, 0x0000000083600000|100%| O|  |TAMS 0x0000000083600000| PB 0x0000000083600000| Untracked 
|  54|0x0000000083600000, 0x0000000083700000, 0x0000000083700000|100%|HS|  |TAMS 0x0000000083700000| PB 0x0000000083600000| Complete 
|  55|0x0000000083700000, 0x0000000083800000, 0x0000000083800000|100%| O|  |TAMS 0x0000000083800000| PB 0x0000000083800000| Updating 
|  56|0x0000000083800000, 0x0000000083900000, 0x0000000083900000|100%| O|  |TAMS 0x0000000083900000| PB 0x0000000083900000| Untracked 
|  57|0x0000000083900000, 0x0000000083a00000, 0x0000000083a00000|100%| O|  |TAMS 0x0000000083a00000| PB 0x0000000083a00000| Untracked 
|  58|0x0000000083a00000, 0x0000000083b00000, 0x0000000083b00000|100%| O|  |TAMS 0x0000000083b00000| PB 0x0000000083b00000| Untracked 
|  59|0x0000000083b00000, 0x0000000083c00000, 0x0000000083c00000|100%| O|  |TAMS 0x0000000083c00000| PB 0x0000000083c00000| Untracked 
|  60|0x0000000083c00000, 0x0000000083d00000, 0x0000000083d00000|100%| O|  |TAMS 0x0000000083d00000| PB 0x0000000083d00000| Untracked 
|  61|0x0000000083d00000, 0x0000000083e00000, 0x0000000083e00000|100%|HS|  |TAMS 0x0000000083e00000| PB 0x0000000083d00000| Complete 
|  62|0x0000000083e00000, 0x0000000083f00000, 0x0000000083f00000|100%| O|  |TAMS 0x0000000083f00000| PB 0x0000000083f00000| Untracked 
|  63|0x0000000083f00000, 0x0000000084000000, 0x0000000084000000|100%| O|  |TAMS 0x0000000084000000| PB 0x0000000084000000| Untracked 
|  64|0x0000000084000000, 0x0000000084100000, 0x0000000084100000|100%| O|  |TAMS 0x0000000084100000| PB 0x0000000084100000| Untracked 
|  65|0x0000000084100000, 0x0000000084200000, 0x0000000084200000|100%| O|  |TAMS 0x0000000084200000| PB 0x0000000084200000| Untracked 
|  66|0x0000000084200000, 0x0000000084300000, 0x0000000084300000|100%| O|  |TAMS 0x0000000084300000| PB 0x0000000084300000| Updating 
|  67|0x0000000084300000, 0x0000000084400000, 0x0000000084400000|100%| O|  |TAMS 0x0000000084300000| PB 0x0000000084300000| Untracked 
|  68|0x0000000084400000, 0x0000000084500000, 0x0000000084500000|100%| O|  |TAMS 0x0000000084500000| PB 0x0000000084500000| Updating 
|  69|0x0000000084500000, 0x0000000084600000, 0x0000000084600000|100%| O|  |TAMS 0x0000000084600000| PB 0x0000000084600000| Untracked 
|  70|0x0000000084600000, 0x0000000084700000, 0x0000000084700000|100%| O|  |TAMS 0x0000000084700000| PB 0x0000000084700000| Untracked 
|  71|0x0000000084700000, 0x0000000084800000, 0x0000000084800000|100%| O|  |TAMS 0x0000000084800000| PB 0x0000000084800000| Updating 
|  72|0x0000000084800000, 0x0000000084900000, 0x0000000084900000|100%| O|  |TAMS 0x0000000084900000| PB 0x0000000084900000| Updating 
|  73|0x0000000084900000, 0x0000000084a00000, 0x0000000084a00000|100%| O|  |TAMS 0x0000000084a00000| PB 0x0000000084a00000| Untracked 
|  74|0x0000000084a00000, 0x0000000084b00000, 0x0000000084b00000|100%| O|  |TAMS 0x0000000084b00000| PB 0x0000000084b00000| Untracked 
|  75|0x0000000084b00000, 0x0000000084c00000, 0x0000000084c00000|100%| O|  |TAMS 0x0000000084c00000| PB 0x0000000084c00000| Updating 
|  76|0x0000000084c00000, 0x0000000084d00000, 0x0000000084d00000|100%| O|  |TAMS 0x0000000084d00000| PB 0x0000000084d00000| Untracked 
|  77|0x0000000084d00000, 0x0000000084e00000, 0x0000000084e00000|100%| O|  |TAMS 0x0000000084e00000| PB 0x0000000084e00000| Untracked 
|  78|0x0000000084e00000, 0x0000000084f00000, 0x0000000084f00000|100%| O|  |TAMS 0x0000000084f00000| PB 0x0000000084f00000| Untracked 
|  79|0x0000000084f00000, 0x0000000085000000, 0x0000000085000000|100%| O|  |TAMS 0x0000000085000000| PB 0x0000000085000000| Untracked 
|  80|0x0000000085000000, 0x0000000085100000, 0x0000000085100000|100%| O|  |TAMS 0x0000000085100000| PB 0x0000000085100000| Untracked 
|  81|0x0000000085100000, 0x0000000085200000, 0x0000000085200000|100%| O|  |TAMS 0x0000000085200000| PB 0x0000000085200000| Untracked 
|  82|0x0000000085200000, 0x0000000085300000, 0x0000000085300000|100%| O|  |TAMS 0x0000000085200000| PB 0x0000000085200000| Untracked 
|  83|0x0000000085300000, 0x0000000085400000, 0x0000000085400000|100%| O|  |TAMS 0x0000000085300000| PB 0x0000000085300000| Untracked 
|  84|0x0000000085400000, 0x0000000085500000, 0x0000000085500000|100%| O|  |TAMS 0x00000000854f1870| PB 0x00000000854f1870| Updating 
|  85|0x0000000085500000, 0x0000000085600000, 0x0000000085600000|100%| O|  |TAMS 0x0000000085500000| PB 0x0000000085500000| Untracked 
|  86|0x0000000085600000, 0x0000000085700000, 0x0000000085700000|100%|HS|  |TAMS 0x0000000085600000| PB 0x0000000085600000| Complete 
|  87|0x0000000085700000, 0x0000000085800000, 0x0000000085800000|100%|HS|  |TAMS 0x0000000085700000| PB 0x0000000085700000| Complete 
|  88|0x0000000085800000, 0x0000000085900000, 0x0000000085900000|100%|HS|  |TAMS 0x0000000085800000| PB 0x0000000085800000| Complete 
|  89|0x0000000085900000, 0x0000000085a00000, 0x0000000085a00000|100%|HS|  |TAMS 0x0000000085900000| PB 0x0000000085900000| Complete 
|  90|0x0000000085a00000, 0x0000000085b00000, 0x0000000085b00000|100%|HS|  |TAMS 0x0000000085a00000| PB 0x0000000085a00000| Complete 
|  91|0x0000000085b00000, 0x0000000085c00000, 0x0000000085c00000|100%| O|  |TAMS 0x0000000085b00000| PB 0x0000000085b00000| Untracked 
|  92|0x0000000085c00000, 0x0000000085d00000, 0x0000000085d00000|100%| O|  |TAMS 0x0000000085c00000| PB 0x0000000085c00000| Untracked 
|  93|0x0000000085d00000, 0x0000000085dbeb18, 0x0000000085e00000| 74%| O|  |TAMS 0x0000000085d00000| PB 0x0000000085d00000| Updating 
|  94|0x0000000085e00000, 0x0000000085e00000, 0x0000000085f00000|  0%| F|  |TAMS 0x0000000085e00000| PB 0x0000000085e00000| Untracked 
|  95|0x0000000085f00000, 0x0000000085f00000, 0x0000000086000000|  0%| F|  |TAMS 0x0000000085f00000| PB 0x0000000085f00000| Untracked 
|  96|0x0000000086000000, 0x0000000086000000, 0x0000000086100000|  0%| F|  |TAMS 0x0000000086000000| PB 0x0000000086000000| Untracked 
|  97|0x0000000086100000, 0x0000000086100000, 0x0000000086200000|  0%| F|  |TAMS 0x0000000086100000| PB 0x0000000086100000| Untracked 
|  98|0x0000000086200000, 0x0000000086200000, 0x0000000086300000|  0%| F|  |TAMS 0x0000000086200000| PB 0x0000000086200000| Untracked 
|  99|0x0000000086300000, 0x0000000086300000, 0x0000000086400000|  0%| F|  |TAMS 0x0000000086300000| PB 0x0000000086300000| Untracked 
| 100|0x0000000086400000, 0x0000000086400000, 0x0000000086500000|  0%| F|  |TAMS 0x0000000086400000| PB 0x0000000086400000| Untracked 
| 101|0x0000000086500000, 0x0000000086500000, 0x0000000086600000|  0%| F|  |TAMS 0x0000000086500000| PB 0x0000000086500000| Untracked 
| 102|0x0000000086600000, 0x0000000086600000, 0x0000000086700000|  0%| F|  |TAMS 0x0000000086600000| PB 0x0000000086600000| Untracked 
| 103|0x0000000086700000, 0x0000000086700000, 0x0000000086800000|  0%| F|  |TAMS 0x0000000086700000| PB 0x0000000086700000| Untracked 
| 104|0x0000000086800000, 0x0000000086800000, 0x0000000086900000|  0%| F|  |TAMS 0x0000000086800000| PB 0x0000000086800000| Untracked 
| 105|0x0000000086900000, 0x0000000086900000, 0x0000000086a00000|  0%| F|  |TAMS 0x0000000086900000| PB 0x0000000086900000| Untracked 
| 106|0x0000000086a00000, 0x0000000086a00000, 0x0000000086b00000|  0%| F|  |TAMS 0x0000000086a00000| PB 0x0000000086a00000| Untracked 
| 107|0x0000000086b00000, 0x0000000086b00000, 0x0000000086c00000|  0%| F|  |TAMS 0x0000000086b00000| PB 0x0000000086b00000| Untracked 
| 108|0x0000000086c00000, 0x0000000086c00000, 0x0000000086d00000|  0%| F|  |TAMS 0x0000000086c00000| PB 0x0000000086c00000| Untracked 
| 109|0x0000000086d00000, 0x0000000086d00000, 0x0000000086e00000|  0%| F|  |TAMS 0x0000000086d00000| PB 0x0000000086d00000| Untracked 
| 110|0x0000000086e00000, 0x0000000086e00000, 0x0000000086f00000|  0%| F|  |TAMS 0x0000000086e00000| PB 0x0000000086e00000| Untracked 
| 111|0x0000000086f00000, 0x0000000086f00000, 0x0000000087000000|  0%| F|  |TAMS 0x0000000086f00000| PB 0x0000000086f00000| Untracked 
| 112|0x0000000087000000, 0x00000000870b8950, 0x0000000087100000| 72%| S|CS|TAMS 0x0000000087000000| PB 0x0000000087000000| Complete 
| 113|0x0000000087100000, 0x0000000087200000, 0x0000000087200000|100%| S|CS|TAMS 0x0000000087100000| PB 0x0000000087100000| Complete 
| 114|0x0000000087200000, 0x0000000087300000, 0x0000000087300000|100%| S|CS|TAMS 0x0000000087200000| PB 0x0000000087200000| Complete 
| 115|0x0000000087300000, 0x0000000087400000, 0x0000000087400000|100%| S|CS|TAMS 0x0000000087300000| PB 0x0000000087300000| Complete 
| 116|0x0000000087400000, 0x0000000087500000, 0x0000000087500000|100%| S|CS|TAMS 0x0000000087400000| PB 0x0000000087400000| Complete 
| 117|0x0000000087500000, 0x0000000087600000, 0x0000000087600000|100%| S|CS|TAMS 0x0000000087500000| PB 0x0000000087500000| Complete 
| 118|0x0000000087600000, 0x0000000087600000, 0x0000000087700000|  0%| F|  |TAMS 0x0000000087600000| PB 0x0000000087600000| Untracked 
| 119|0x0000000087700000, 0x0000000087700000, 0x0000000087800000|  0%| F|  |TAMS 0x0000000087700000| PB 0x0000000087700000| Untracked 
| 120|0x0000000087800000, 0x0000000087800000, 0x0000000087900000|  0%| F|  |TAMS 0x0000000087800000| PB 0x0000000087800000| Untracked 
| 121|0x0000000087900000, 0x0000000087900000, 0x0000000087a00000|  0%| F|  |TAMS 0x0000000087900000| PB 0x0000000087900000| Untracked 
| 122|0x0000000087a00000, 0x0000000087a00000, 0x0000000087b00000|  0%| F|  |TAMS 0x0000000087a00000| PB 0x0000000087a00000| Untracked 
| 123|0x0000000087b00000, 0x0000000087b00000, 0x0000000087c00000|  0%| F|  |TAMS 0x0000000087b00000| PB 0x0000000087b00000| Untracked 
| 124|0x0000000087c00000, 0x0000000087c00000, 0x0000000087d00000|  0%| F|  |TAMS 0x0000000087c00000| PB 0x0000000087c00000| Untracked 
| 125|0x0000000087d00000, 0x0000000087d00000, 0x0000000087e00000|  0%| F|  |TAMS 0x0000000087d00000| PB 0x0000000087d00000| Untracked 
| 126|0x0000000087e00000, 0x0000000087e00000, 0x0000000087f00000|  0%| F|  |TAMS 0x0000000087e00000| PB 0x0000000087e00000| Untracked 
| 127|0x0000000087f00000, 0x0000000087f00000, 0x0000000088000000|  0%| F|  |TAMS 0x0000000087f00000| PB 0x0000000087f00000| Untracked 
| 128|0x0000000088000000, 0x0000000088000000, 0x0000000088100000|  0%| F|  |TAMS 0x0000000088000000| PB 0x0000000088000000| Untracked 
| 129|0x0000000088100000, 0x0000000088100000, 0x0000000088200000|  0%| F|  |TAMS 0x0000000088100000| PB 0x0000000088100000| Untracked 
| 130|0x0000000088200000, 0x0000000088200000, 0x0000000088300000|  0%| F|  |TAMS 0x0000000088200000| PB 0x0000000088200000| Untracked 
| 131|0x0000000088300000, 0x0000000088300000, 0x0000000088400000|  0%| F|  |TAMS 0x0000000088300000| PB 0x0000000088300000| Untracked 
| 132|0x0000000088400000, 0x0000000088400000, 0x0000000088500000|  0%| F|  |TAMS 0x0000000088400000| PB 0x0000000088400000| Untracked 
| 133|0x0000000088500000, 0x0000000088500000, 0x0000000088600000|  0%| F|  |TAMS 0x0000000088500000| PB 0x0000000088500000| Untracked 
| 134|0x0000000088600000, 0x0000000088600000, 0x0000000088700000|  0%| F|  |TAMS 0x0000000088600000| PB 0x0000000088600000| Untracked 
| 135|0x0000000088700000, 0x0000000088700000, 0x0000000088800000|  0%| F|  |TAMS 0x0000000088700000| PB 0x0000000088700000| Untracked 
| 136|0x0000000088800000, 0x0000000088800000, 0x0000000088900000|  0%| F|  |TAMS 0x0000000088800000| PB 0x0000000088800000| Untracked 
| 137|0x0000000088900000, 0x0000000088900000, 0x0000000088a00000|  0%| F|  |TAMS 0x0000000088900000| PB 0x0000000088900000| Untracked 
| 138|0x0000000088a00000, 0x0000000088a00000, 0x0000000088b00000|  0%| F|  |TAMS 0x0000000088a00000| PB 0x0000000088a00000| Untracked 
| 139|0x0000000088b00000, 0x0000000088b00000, 0x0000000088c00000|  0%| F|  |TAMS 0x0000000088b00000| PB 0x0000000088b00000| Untracked 
|2039|0x00000000ff700000, 0x00000000ff800000, 0x00000000ff800000|100%| O|  |TAMS 0x00000000ff800000| PB 0x00000000ff800000| Updating 
|2040|0x00000000ff800000, 0x00000000ff880a50, 0x00000000ff900000| 50%| E|  |TAMS 0x00000000ff800000| PB 0x00000000ff800000| Complete 
|2041|0x00000000ff900000, 0x00000000ffa00000, 0x00000000ffa00000|100%| E|CS|TAMS 0x00000000ff900000| PB 0x00000000ff900000| Complete 
|2042|0x00000000ffa00000, 0x00000000ffb00000, 0x00000000ffb00000|100%| E|CS|TAMS 0x00000000ffa00000| PB 0x00000000ffa00000| Complete 
|2043|0x00000000ffb00000, 0x00000000ffc00000, 0x00000000ffc00000|100%| O|  |TAMS 0x00000000ffc00000| PB 0x00000000ffc00000| Updating 
|2044|0x00000000ffc00000, 0x00000000ffd00000, 0x00000000ffd00000|100%| O|  |TAMS 0x00000000ffd00000| PB 0x00000000ffd00000| Updating 
|2045|0x00000000ffd00000, 0x00000000ffe00000, 0x00000000ffe00000|100%| E|CS|TAMS 0x00000000ffd00000| PB 0x00000000ffd00000| Complete 
|2046|0x00000000ffe00000, 0x00000000fff00000, 0x00000000fff00000|100%| O|  |TAMS 0x00000000fff00000| PB 0x00000000fff00000| Updating 
|2047|0x00000000fff00000, 0x0000000100000000, 0x0000000100000000|100%| O|  |TAMS 0x0000000100000000| PB 0x0000000100000000| Updating 

Card table byte_map: [0x000001c2a4e60000,0x000001c2a5260000] _byte_map_base: 0x000001c2a4a60000

Marking Bits: (CMBitMap*) 0x000001c292628f10
 Bits: [0x000001c2a5260000, 0x000001c2a7260000)

Polling page: 0x000001c2905e0000

Metaspace:

Usage:
  Non-class:     93.17 MB used.
      Class:     15.03 MB used.
       Both:    108.20 MB used.

Virtual space:
  Non-class space:      128.00 MB reserved,      94.25 MB ( 74%) committed,  2 nodes.
      Class space:        1.00 GB reserved,      16.06 MB (  2%) committed,  1 nodes.
             Both:        1.12 GB reserved,     110.31 MB ( 10%) committed. 

Chunk freelists:
   Non-Class:  1.20 MB
       Class:  15.98 MB
        Both:  17.18 MB

MaxMetaspaceSize: unlimited
CompressedClassSpaceSize: 1.00 GB
Initial GC threshold: 21.00 MB
Current GC threshold: 173.44 MB
CDS: off
 - commit_granule_bytes: 65536.
 - commit_granule_words: 8192.
 - virtual_space_node_default_size: 8388608.
 - enlarge_chunks_in_place: 1.
 - use_allocation_guard: 0.


Internal statistics:

num_allocs_failed_limit: 9.
num_arena_births: 4220.
num_arena_deaths: 0.
num_vsnodes_births: 3.
num_vsnodes_deaths: 0.
num_space_committed: 1764.
num_space_uncommitted: 0.
num_chunks_returned_to_freelist: 9.
num_chunks_taken_from_freelist: 8968.
num_chunk_merges: 9.
num_chunk_splits: 5847.
num_chunks_enlarged: 3642.
num_inconsistent_stats: 0.

CodeHeap 'non-profiled nmethods': size=120000Kb used=5020Kb max_used=5175Kb free=114980Kb
 bounds [0x000001c29d200000, 0x000001c29d710000, 0x000001c2a4730000]
CodeHeap 'profiled nmethods': size=120000Kb used=18468Kb max_used=19245Kb free=101531Kb
 bounds [0x000001c295730000, 0x000001c296a00000, 0x000001c29cc60000]
CodeHeap 'non-nmethods': size=5760Kb used=2865Kb max_used=2932Kb free=2894Kb
 bounds [0x000001c29cc60000, 0x000001c29cf60000, 0x000001c29d200000]
CodeCache: size=245760Kb, used=26353Kb, max_used=27352Kb, free=219405Kb
 total_blobs=10926, nmethods=9941, adapters=889, full_count=0
Compilation: enabled, stopped_count=0, restarted_count=0

Compilation events (20 events):
Event: 35.461 Thread 0x000001c2ae07dca0 nmethod 11755 0x000001c2969f1f90 code [0x000001c2969f21e0, 0x000001c2969f2b18]
Event: 35.461 Thread 0x000001c2ae07dca0 11756       3       org.gradle.api.internal.artifacts.ComponentVariantNodeIdentifier::equals (57 bytes)
Event: 35.461 Thread 0x000001c2ae07dca0 nmethod 11756 0x000001c2969f2f90 code [0x000001c2969f3180, 0x000001c2969f3628]
Event: 35.461 Thread 0x000001c2ae07dca0 11757       3       org.gradle.api.internal.artifacts.ivyservice.resolveengine.graph.builder.NodeState::maybeCollectStrictVersions (72 bytes)
Event: 35.462 Thread 0x000001c2ae07dca0 nmethod 11757 0x000001c2969f3790 code [0x000001c2969f3a20, 0x000001c2969f4750]
Event: 35.462 Thread 0x000001c2ae07dca0 11758       3       org.gradle.api.internal.artifacts.ivyservice.resolveengine.graph.builder.DependencyState::isNewReason (40 bytes)
Event: 35.462 Thread 0x000001c2ae07dca0 nmethod 11758 0x000001c2969f4c10 code [0x000001c2969f4e00, 0x000001c2969f52b8]
Event: 35.463 Thread 0x000001c2ae07dca0 11759       3       org.gradle.api.internal.artifacts.ivyservice.resolveengine.graph.builder.ResolveState$SelectorCacheKey::equals (71 bytes)
Event: 35.463 Thread 0x000001c2ae07dca0 nmethod 11759 0x000001c2969f5410 code [0x000001c2969f55e0, 0x000001c2969f5a90]
Event: 35.463 Thread 0x000001c2ae07dca0 11761       3       org.gradle.api.internal.attributes.matching.DefaultAttributeMatcher$CachedQuery::from (76 bytes)
Event: 35.463 Thread 0x000001c2ae07dca0 nmethod 11761 0x000001c2969f5c10 code [0x000001c2969f5ec0, 0x000001c2969f6d90]
Event: 35.463 Thread 0x000001c2ae07dca0 11762       3       org.gradle.api.internal.attributes.matching.DefaultAttributeMatcher$CachedQuery::getMatchesFromCandidateIndices (67 bytes)
Event: 35.464 Thread 0x000001c2ae07dca0 nmethod 11762 0x000001c2969f7290 code [0x000001c2969f74c0, 0x000001c2969f7da8]
Event: 35.464 Thread 0x000001c2ae07dca0 11766       3       org.gradle.api.internal.attributes.DefaultImmutableAttributesContainer::equals (124 bytes)
Event: 35.465 Thread 0x000001c2ae07dca0 nmethod 11766 0x000001c2969f8110 code [0x000001c2969f8440, 0x000001c2969f9868]
Event: 35.465 Thread 0x000001c2ae07dca0 11770       3       java.util.ArrayList::equals (62 bytes)
Event: 35.466 Thread 0x000001c2ae07dca0 nmethod 11770 0x000001c2969f9d90 code [0x000001c2969f9fa0, 0x000001c2969fa730]
Event: 35.466 Thread 0x000001c2ae07dca0 11768       3       org.gradle.api.internal.artifacts.ivyservice.resolveengine.graph.builder.ResolveState$SelectorCacheKey::hashCode (35 bytes)
Event: 35.466 Thread 0x000001c2ae07dca0 nmethod 11768 0x000001c2969fa910 code [0x000001c2969fab20, 0x000001c2969fb2e0]
Event: 35.466 Thread 0x000001c2ae07dca0 11769       3       org.gradle.internal.component.model.DefaultComponentOverrideMetadata::extractClientModule (31 bytes)

GC Heap History (20 events):
Event: 25.523 GC heap before
{Heap before GC invocations=31 (full 0):
 garbage-first heap   total 116736K, used 98535K [0x0000000080000000, 0x0000000100000000)
  region size 1024K, 35 young (35840K), 4 survivors (4096K)
 Metaspace       used 84854K, committed 86720K, reserved 1179648K
  class space    used 11734K, committed 12672K, reserved 1048576K
}
Event: 25.530 GC heap after
{Heap after GC invocations=32 (full 0):
 garbage-first heap   total 116736K, used 71384K [0x0000000080000000, 0x0000000100000000)
  region size 1024K, 5 young (5120K), 5 survivors (5120K)
 Metaspace       used 84854K, committed 86720K, reserved 1179648K
  class space    used 11734K, committed 12672K, reserved 1048576K
}
Event: 26.205 GC heap before
{Heap before GC invocations=33 (full 0):
 garbage-first heap   total 126976K, used 109272K [0x0000000080000000, 0x0000000100000000)
  region size 1024K, 37 young (37888K), 5 survivors (5120K)
 Metaspace       used 86477K, committed 88448K, reserved 1179648K
  class space    used 11969K, committed 12928K, reserved 1048576K
}
Event: 26.214 GC heap after
{Heap after GC invocations=34 (full 0):
 garbage-first heap   total 126976K, used 75355K [0x0000000080000000, 0x0000000100000000)
  region size 1024K, 5 young (5120K), 5 survivors (5120K)
 Metaspace       used 86477K, committed 88448K, reserved 1179648K
  class space    used 11969K, committed 12928K, reserved 1048576K
}
Event: 26.976 GC heap before
{Heap before GC invocations=34 (full 0):
 garbage-first heap   total 126976K, used 112219K [0x0000000080000000, 0x0000000100000000)
  region size 1024K, 41 young (41984K), 5 survivors (5120K)
 Metaspace       used 89262K, committed 91136K, reserved 1179648K
  class space    used 12329K, committed 13248K, reserved 1048576K
}
Event: 26.990 GC heap after
{Heap after GC invocations=35 (full 0):
 garbage-first heap   total 126976K, used 76994K [0x0000000080000000, 0x0000000100000000)
  region size 1024K, 3 young (3072K), 3 survivors (3072K)
 Metaspace       used 89262K, committed 91136K, reserved 1179648K
  class space    used 12329K, committed 13248K, reserved 1048576K
}
Event: 28.061 GC heap before
{Heap before GC invocations=35 (full 0):
 garbage-first heap   total 126976K, used 112834K [0x0000000080000000, 0x0000000100000000)
  region size 1024K, 38 young (38912K), 3 survivors (3072K)
 Metaspace       used 91463K, committed 93440K, reserved 1179648K
  class space    used 12610K, committed 13568K, reserved 1048576K
}
Event: 28.071 GC heap after
{Heap after GC invocations=36 (full 0):
 garbage-first heap   total 152576K, used 80577K [0x0000000080000000, 0x0000000100000000)
  region size 1024K, 5 young (5120K), 5 survivors (5120K)
 Metaspace       used 91463K, committed 93440K, reserved 1179648K
  class space    used 12610K, committed 13568K, reserved 1048576K
}
Event: 29.625 GC heap before
{Heap before GC invocations=37 (full 0):
 garbage-first heap   total 152576K, used 131777K [0x0000000080000000, 0x0000000100000000)
  region size 1024K, 54 young (55296K), 5 survivors (5120K)
 Metaspace       used 95318K, committed 97280K, reserved 1179648K
  class space    used 13208K, committed 14144K, reserved 1048576K
}
Event: 29.645 GC heap after
{Heap after GC invocations=38 (full 0):
 garbage-first heap   total 152576K, used 82866K [0x0000000080000000, 0x0000000100000000)
  region size 1024K, 6 young (6144K), 6 survivors (6144K)
 Metaspace       used 95318K, committed 97280K, reserved 1179648K
  class space    used 13208K, committed 14144K, reserved 1048576K
}
Event: 31.514 GC heap before
{Heap before GC invocations=38 (full 0):
 garbage-first heap   total 152576K, used 135090K [0x0000000080000000, 0x0000000100000000)
  region size 1024K, 57 young (58368K), 6 survivors (6144K)
 Metaspace       used 99575K, committed 101632K, reserved 1179648K
  class space    used 13933K, committed 14912K, reserved 1048576K
}
Event: 31.534 GC heap after
{Heap after GC invocations=39 (full 0):
 garbage-first heap   total 152576K, used 83544K [0x0000000080000000, 0x0000000100000000)
  region size 1024K, 5 young (5120K), 5 survivors (5120K)
 Metaspace       used 99575K, committed 101632K, reserved 1179648K
  class space    used 13933K, committed 14912K, reserved 1048576K
}
Event: 33.115 GC heap before
{Heap before GC invocations=39 (full 0):
 garbage-first heap   total 152576K, used 136792K [0x0000000080000000, 0x0000000100000000)
  region size 1024K, 57 young (58368K), 5 survivors (5120K)
 Metaspace       used 103845K, committed 105984K, reserved 1179648K
  class space    used 14575K, committed 15616K, reserved 1048576K
}
Event: 33.127 GC heap after
{Heap after GC invocations=40 (full 0):
 garbage-first heap   total 152576K, used 86595K [0x0000000080000000, 0x0000000100000000)
  region size 1024K, 8 young (8192K), 8 survivors (8192K)
 Metaspace       used 103845K, committed 105984K, reserved 1179648K
  class space    used 14575K, committed 15616K, reserved 1048576K
}
Event: 34.347 GC heap before
{Heap before GC invocations=41 (full 0):
 garbage-first heap   total 152576K, used 134723K [0x0000000080000000, 0x0000000100000000)
  region size 1024K, 55 young (56320K), 8 survivors (8192K)
 Metaspace       used 107766K, committed 109888K, reserved 1179648K
  class space    used 15184K, committed 16192K, reserved 1048576K
}
Event: 34.358 GC heap after
{Heap after GC invocations=42 (full 0):
 garbage-first heap   total 152576K, used 89647K [0x0000000080000000, 0x0000000100000000)
  region size 1024K, 7 young (7168K), 7 survivors (7168K)
 Metaspace       used 107766K, committed 109888K, reserved 1179648K
  class space    used 15184K, committed 16192K, reserved 1048576K
}
Event: 34.908 GC heap before
{Heap before GC invocations=42 (full 0):
 garbage-first heap   total 152576K, used 135727K [0x0000000080000000, 0x0000000100000000)
  region size 1024K, 52 young (53248K), 7 survivors (7168K)
 Metaspace       used 108374K, committed 110528K, reserved 1179648K
  class space    used 15259K, committed 16320K, reserved 1048576K
}
Event: 34.924 GC heap after
{Heap after GC invocations=43 (full 0):
 garbage-first heap   total 152576K, used 95174K [0x0000000080000000, 0x0000000100000000)
  region size 1024K, 7 young (7168K), 7 survivors (7168K)
 Metaspace       used 108374K, committed 110528K, reserved 1179648K
  class space    used 15259K, committed 16320K, reserved 1048576K
}
Event: 35.338 GC heap before
{Heap before GC invocations=43 (full 0):
 garbage-first heap   total 152576K, used 119750K [0x0000000080000000, 0x0000000100000000)
  region size 1024K, 33 young (33792K), 7 survivors (7168K)
 Metaspace       used 109736K, committed 111872K, reserved 1179648K
  class space    used 15353K, committed 16384K, reserved 1048576K
}
Event: 35.351 GC heap after
{Heap after GC invocations=44 (full 0):
 garbage-first heap   total 152576K, used 101853K [0x0000000080000000, 0x0000000100000000)
  region size 1024K, 6 young (6144K), 6 survivors (6144K)
 Metaspace       used 109736K, committed 111872K, reserved 1179648K
  class space    used 15353K, committed 16384K, reserved 1048576K
}

Dll operation events (3 events):
Event: 0.047 Loaded shared library C:\Program Files\Common Files\Android\Android Studio\jbr\bin\java.dll
Event: 0.075 Loaded shared library C:\Program Files\Common Files\Android\Android Studio\jbr\bin\zip.dll
Event: 2.465 Loaded shared library C:\Program Files\Common Files\Android\Android Studio\jbr\bin\verify.dll

Deoptimization events (20 events):
Event: 35.426 Thread 0x000001c2afcb0990 DEOPT PACKING pc=0x000001c29d692ba8 sp=0x0000002c629f9b30
Event: 35.426 Thread 0x000001c2afcb0990 DEOPT UNPACKING pc=0x000001c29ccb46a2 sp=0x0000002c629f9a40 mode 2
Event: 35.426 Thread 0x000001c2afcb0990 Uncommon trap: trap_request=0xffffffc6 fr.pc=0x000001c29d692ba8 relative=0x00000000000003c8
Event: 35.426 Thread 0x000001c2afcb0990 Uncommon trap: reason=bimorphic_or_optimized_type_check action=maybe_recompile pc=0x000001c29d692ba8 method=com.google.common.collect.NaturalOrdering.compare(Ljava/lang/Comparable;Ljava/lang/Comparable;)I @ 12 c2
Event: 35.426 Thread 0x000001c2afcb0990 DEOPT PACKING pc=0x000001c29d692ba8 sp=0x0000002c629f9b30
Event: 35.426 Thread 0x000001c2afcb0990 DEOPT UNPACKING pc=0x000001c29ccb46a2 sp=0x0000002c629f9a40 mode 2
Event: 35.426 Thread 0x000001c2afcb0990 Uncommon trap: trap_request=0xffffffc6 fr.pc=0x000001c29d692ba8 relative=0x00000000000003c8
Event: 35.426 Thread 0x000001c2afcb0990 Uncommon trap: reason=bimorphic_or_optimized_type_check action=maybe_recompile pc=0x000001c29d692ba8 method=com.google.common.collect.NaturalOrdering.compare(Ljava/lang/Comparable;Ljava/lang/Comparable;)I @ 12 c2
Event: 35.426 Thread 0x000001c2afcb0990 DEOPT PACKING pc=0x000001c29d692ba8 sp=0x0000002c629f9b30
Event: 35.426 Thread 0x000001c2afcb0990 DEOPT UNPACKING pc=0x000001c29ccb46a2 sp=0x0000002c629f9a40 mode 2
Event: 35.426 Thread 0x000001c2afcb0990 Uncommon trap: trap_request=0xffffffc6 fr.pc=0x000001c29d692ba8 relative=0x00000000000003c8
Event: 35.426 Thread 0x000001c2afcb0990 Uncommon trap: reason=bimorphic_or_optimized_type_check action=maybe_recompile pc=0x000001c29d692ba8 method=com.google.common.collect.NaturalOrdering.compare(Ljava/lang/Comparable;Ljava/lang/Comparable;)I @ 12 c2
Event: 35.426 Thread 0x000001c2afcb0990 DEOPT PACKING pc=0x000001c29d692ba8 sp=0x0000002c629f9cc0
Event: 35.426 Thread 0x000001c2afcb0990 DEOPT UNPACKING pc=0x000001c29ccb46a2 sp=0x0000002c629f9bd0 mode 2
Event: 35.431 Thread 0x000001c2afcb0990 DEOPT PACKING pc=0x000001c29682dc9f sp=0x0000002c629f9790
Event: 35.431 Thread 0x000001c2afcb0990 DEOPT UNPACKING pc=0x000001c29ccb4e42 sp=0x0000002c629f8c68 mode 0
Event: 35.446 Thread 0x000001c2afcb0990 Uncommon trap: trap_request=0xffffff45 fr.pc=0x000001c29d61fc4c relative=0x000000000000040c
Event: 35.446 Thread 0x000001c2afcb0990 Uncommon trap: reason=unstable_if action=reinterpret pc=0x000001c29d61fc4c method=com.google.common.cache.LocalCache$Segment.drainReferenceQueues()V @ 21 c2
Event: 35.446 Thread 0x000001c2afcb0990 DEOPT PACKING pc=0x000001c29d61fc4c sp=0x0000002c629f8580
Event: 35.446 Thread 0x000001c2afcb0990 DEOPT UNPACKING pc=0x000001c29ccb46a2 sp=0x0000002c629f84f0 mode 2

Classes loaded (20 events):
Event: 33.724 Loading class java/util/regex/Pattern$Neg
Event: 33.724 Loading class java/util/regex/Pattern$Neg done
Event: 33.760 Loading class javax/xml/datatype/DatatypeConfigurationException
Event: 33.760 Loading class javax/xml/datatype/DatatypeConfigurationException done
Event: 33.772 Loading class com/sun/org/apache/xerces/internal/impl/io/MalformedByteSequenceException
Event: 33.773 Loading class java/io/CharConversionException
Event: 33.773 Loading class java/io/CharConversionException done
Event: 33.773 Loading class com/sun/org/apache/xerces/internal/impl/io/MalformedByteSequenceException done
Event: 34.436 Loading class java/util/TreeMap$KeySpliterator
Event: 34.436 Loading class java/util/TreeMap$TreeMapSpliterator
Event: 34.436 Loading class java/util/TreeMap$TreeMapSpliterator done
Event: 34.436 Loading class java/util/TreeMap$KeySpliterator done
Event: 34.837 Loading class java/io/FilterReader
Event: 34.838 Loading class java/io/FilterReader done
Event: 35.326 Loading class java/util/HashMap$UnsafeHolder
Event: 35.326 Loading class java/util/HashMap$UnsafeHolder done
Event: 35.408 Loading class sun/nio/ch/ChannelOutputStream
Event: 35.408 Loading class sun/nio/ch/ChannelOutputStream done
Event: 35.410 Loading class java/util/concurrent/ConcurrentLinkedQueue$Itr
Event: 35.410 Loading class java/util/concurrent/ConcurrentLinkedQueue$Itr done

Classes unloaded (0 events):
No events

Classes redefined (0 events):
No events

Internal exceptions (20 events):
Event: 34.933 Thread 0x000001c2afcb0990 Exception <a 'java/lang/ClassNotFoundException'{0x00000000ffa05cd8}: com/android/build/gradle/internal/tasks/AppMetadataTask_DecoratedCustomizer> (0x00000000ffa05cd8) 
thrown [s\src\hotspot\share\classfile\systemDictionary.cpp, line 312]
Event: 34.937 Thread 0x000001c2afcb0990 Exception <a 'java/lang/ClassNotFoundException'{0x00000000ffa9afa8}: com/android/build/gradle/internal/tasks/SigningConfigVersionsWriterTask_DecoratedBeanInfo> (0x00000000ffa9afa8) 
thrown [s\src\hotspot\share\classfile\systemDictionary.cpp, line 312]
Event: 34.938 Thread 0x000001c2afcb0990 Exception <a 'java/lang/ClassNotFoundException'{0x00000000ffaa7e00}: com/android/build/gradle/internal/tasks/SigningConfigVersionsWriterTaskBeanInfo> (0x00000000ffaa7e00) 
thrown [s\src\hotspot\share\classfile\systemDictionary.cpp, line 312]
Event: 34.938 Thread 0x000001c2afcb0990 Exception <a 'java/lang/ClassNotFoundException'{0x00000000ffab4c78}: com/android/build/gradle/internal/tasks/SigningConfigVersionsWriterTaskCustomizer> (0x00000000ffab4c78) 
thrown [s\src\hotspot\share\classfile\systemDictionary.cpp, line 312]
Event: 34.940 Thread 0x000001c2afcb0990 Exception <a 'java/lang/ClassNotFoundException'{0x00000000ffadc070}: com/android/build/gradle/internal/tasks/SigningConfigVersionsWriterTask_DecoratedCustomizer> (0x00000000ffadc070) 
thrown [s\src\hotspot\share\classfile\systemDictionary.cpp, line 312]
Event: 34.946 Thread 0x000001c2afcb0990 Exception <a 'java/lang/ClassNotFoundException'{0x00000000ff9c9300}: com/android/build/gradle/tasks/PackageApplication_DecoratedBeanInfo> (0x00000000ff9c9300) 
thrown [s\src\hotspot\share\classfile\systemDictionary.cpp, line 312]
Event: 34.947 Thread 0x000001c2afcb0990 Exception <a 'java/lang/ClassNotFoundException'{0x00000000ff9d5c70}: com/android/build/gradle/tasks/PackageApplicationBeanInfo> (0x00000000ff9d5c70) 
thrown [s\src\hotspot\share\classfile\systemDictionary.cpp, line 312]
Event: 34.947 Thread 0x000001c2afcb0990 Exception <a 'java/lang/ClassNotFoundException'{0x00000000ff9e2610}: com/android/build/gradle/tasks/PackageAndroidArtifactBeanInfo> (0x00000000ff9e2610) 
thrown [s\src\hotspot\share\classfile\systemDictionary.cpp, line 312]
Event: 34.948 Thread 0x000001c2afcb0990 Exception <a 'java/lang/ClassNotFoundException'{0x00000000ff9ef0a0}: com/android/build/gradle/tasks/PackageAndroidArtifactCustomizer> (0x00000000ff9ef0a0) 
thrown [s\src\hotspot\share\classfile\systemDictionary.cpp, line 312]
Event: 34.950 Thread 0x000001c2afcb0990 Exception <a 'java/lang/ClassNotFoundException'{0x00000000ff851d50}: com/android/build/gradle/tasks/PackageApplicationCustomizer> (0x00000000ff851d50) 
thrown [s\src\hotspot\share\classfile\systemDictionary.cpp, line 312]
Event: 34.951 Thread 0x000001c2afcb0990 Exception <a 'java/lang/ClassNotFoundException'{0x00000000ff8811a0}: com/android/build/gradle/tasks/PackageApplication_DecoratedCustomizer> (0x00000000ff8811a0) 
thrown [s\src\hotspot\share\classfile\systemDictionary.cpp, line 312]
Event: 34.959 Thread 0x000001c2afcb0990 Exception <a 'java/lang/ClassNotFoundException'{0x0000000088b68608}: com/android/build/gradle/internal/tasks/ListingFileRedirectTask_DecoratedBeanInfo> (0x0000000088b68608) 
thrown [s\src\hotspot\share\classfile\systemDictionary.cpp, line 312]
Event: 34.960 Thread 0x000001c2afcb0990 Exception <a 'java/lang/ClassNotFoundException'{0x0000000088b75298}: com/android/build/gradle/internal/tasks/ListingFileRedirectTaskBeanInfo> (0x0000000088b75298) 
thrown [s\src\hotspot\share\classfile\systemDictionary.cpp, line 312]
Event: 34.961 Thread 0x000001c2afcb0990 Exception <a 'java/lang/ClassNotFoundException'{0x0000000088b82258}: com/android/build/gradle/internal/tasks/ListingFileRedirectTaskCustomizer> (0x0000000088b82258) 
thrown [s\src\hotspot\share\classfile\systemDictionary.cpp, line 312]
Event: 34.963 Thread 0x000001c2afcb0990 Exception <a 'java/lang/ClassNotFoundException'{0x0000000088b9f6a8}: com/android/build/gradle/internal/tasks/ListingFileRedirectTask_DecoratedCustomizer> (0x0000000088b9f6a8) 
thrown [s\src\hotspot\share\classfile\systemDictionary.cpp, line 312]
Event: 34.973 Thread 0x000001c2afcb0990 Implicit null exception at 0x000001c29d670ce9 to 0x000001c29d670d98
Event: 35.317 Thread 0x000001c2afcb0990 Exception <a 'java/lang/NoSuchMethodError'{0x000000008785bb10}: static Lcom/android/build/gradle/internal/profile/ProjectData;.<clinit>()V> (0x000000008785bb10) 
thrown [s\src\hotspot\share\prims\jni.cpp, line 1144]
Event: 35.323 Thread 0x000001c2afcb0990 Exception <a 'java/lang/NoSuchMethodError'{0x00000000878a2180}: static Lcom/android/build/gradle/internal/profile/TaskMetadata;.<clinit>()V> (0x00000000878a2180) 
thrown [s\src\hotspot\share\prims\jni.cpp, line 1144]
Event: 35.405 Thread 0x000001c2afcb0990 Exception <a 'sun/nio/fs/WindowsException'{0x00000000ffa55df0}> (0x00000000ffa55df0) 
thrown [s\src\hotspot\share\prims\jni.cpp, line 537]
Event: 35.417 Thread 0x000001c2afcb0990 Exception <a 'java/lang/NoSuchMethodError'{0x00000000ffadb210}: 'void java.lang.invoke.DirectMethodHandle$Holder.invokeSpecial(java.lang.Object, java.lang.Object, java.lang.Object, java.lang.Object, int, java.lang.Object, java.lang.Object)'> (0x00000000ffadb210) 
thrown [s\src\hotspot\share\interpreter\linkResolver.cpp, line 784]

ZGC Phase Switch (0 events):
No events

VM Operations (20 events):
Event: 33.036 Executing VM operation: HandshakeAllThreads (Deoptimize) done
Event: 33.115 Executing VM operation: G1CollectForAllocation (G1 Evacuation Pause)
Event: 33.127 Executing VM operation: G1CollectForAllocation (G1 Evacuation Pause) done
Event: 33.287 Executing VM operation: G1PauseRemark
Event: 33.293 Executing VM operation: G1PauseRemark done
Event: 33.339 Executing VM operation: G1PauseCleanup
Event: 33.339 Executing VM operation: G1PauseCleanup done
Event: 33.634 Executing VM operation: HandshakeAllThreads (Deoptimize)
Event: 33.635 Executing VM operation: HandshakeAllThreads (Deoptimize) done
Event: 33.784 Executing VM operation: HandshakeAllThreads (Deoptimize)
Event: 33.785 Executing VM operation: HandshakeAllThreads (Deoptimize) done
Event: 34.346 Executing VM operation: G1CollectForAllocation (G1 Evacuation Pause)
Event: 34.359 Executing VM operation: G1CollectForAllocation (G1 Evacuation Pause) done
Event: 34.473 Executing VM operation: HandshakeAllThreads (Deoptimize)
Event: 34.473 Executing VM operation: HandshakeAllThreads (Deoptimize) done
Event: 34.908 Executing VM operation: G1CollectForAllocation (G1 Evacuation Pause)
Event: 34.924 Executing VM operation: G1CollectForAllocation (G1 Evacuation Pause) done
Event: 35.338 Executing VM operation: G1TryInitiateConcMark (G1 Humongous Allocation)
Event: 35.351 Executing VM operation: G1TryInitiateConcMark (G1 Humongous Allocation) done
Event: 35.466 Executing VM operation: G1PauseRemark

Memory protections (0 events):
No events

Nmethod flushes (20 events):
Event: 35.472 Thread 0x000001c2a9c99120 flushing  nmethod 0x000001c295a2c490
Event: 35.472 Thread 0x000001c2a9c99120 flushing  nmethod 0x000001c295a6e410
Event: 35.472 Thread 0x000001c2a9c99120 flushing  nmethod 0x000001c295a6fa10
Event: 35.472 Thread 0x000001c2a9c99120 flushing  nmethod 0x000001c295b68210
Event: 35.472 Thread 0x000001c2a9c99120 flushing  nmethod 0x000001c295d0c690
Event: 35.472 Thread 0x000001c2a9c99120 flushing  nmethod 0x000001c295e98890
Event: 35.472 Thread 0x000001c2a9c99120 flushing  nmethod 0x000001c295f11590
Event: 35.472 Thread 0x000001c2a9c99120 flushing  nmethod 0x000001c295f15b90
Event: 35.472 Thread 0x000001c2a9c99120 flushing  nmethod 0x000001c295f4a910
Event: 35.472 Thread 0x000001c2a9c99120 flushing  nmethod 0x000001c295f4c290
Event: 35.472 Thread 0x000001c2a9c99120 flushing  nmethod 0x000001c295f4d090
Event: 35.472 Thread 0x000001c2a9c99120 flushing  nmethod 0x000001c295f4e810
Event: 35.472 Thread 0x000001c2a9c99120 flushing  nmethod 0x000001c29604e410
Event: 35.472 Thread 0x000001c2a9c99120 flushing  nmethod 0x000001c296133590
Event: 35.472 Thread 0x000001c2a9c99120 flushing  nmethod 0x000001c296134210
Event: 35.472 Thread 0x000001c2a9c99120 flushing  nmethod 0x000001c2961ca310
Event: 35.472 Thread 0x000001c2a9c99120 flushing  nmethod 0x000001c29654f210
Event: 35.472 Thread 0x000001c2a9c99120 flushing  nmethod 0x000001c2966a4a10
Event: 35.472 Thread 0x000001c2a9c99120 flushing  nmethod 0x000001c29673ee10
Event: 35.472 Thread 0x000001c2a9c99120 flushing  nmethod 0x000001c29677c790

Events (20 events):
Event: 20.270 Thread 0x000001c2afcb0990 Thread added: 0x000001c2b3205b70
Event: 20.270 Thread 0x000001c2afcb0990 Thread added: 0x000001c2b3206200
Event: 20.406 Thread 0x000001c2afcb0990 Thread added: 0x000001c2b3204e50
Event: 20.409 Thread 0x000001c2afcb0990 Thread added: 0x000001c2b3206890
Event: 20.411 Thread 0x000001c2afcb0990 Thread added: 0x000001c2b3206f20
Event: 20.413 Thread 0x000001c2afcb0990 Thread added: 0x000001c2b3202060
Event: 20.416 Thread 0x000001c2afcb0990 Thread added: 0x000001c2b32075b0
Event: 20.420 Thread 0x000001c2afcb0990 Thread added: 0x000001c2b3209680
Event: 20.425 Thread 0x000001c2afcb0990 Thread added: 0x000001c2b32026f0
Event: 21.030 Thread 0x000001c2afcb0990 Thread added: 0x000001c2b3204130
Event: 21.032 Thread 0x000001c2afcb0990 Thread added: 0x000001c2b32082d0
Event: 21.033 Thread 0x000001c2afcb0990 Thread added: 0x000001c2b32054e0
Event: 21.033 Thread 0x000001c2afcb0990 Thread added: 0x000001c2b3207c40
Event: 21.034 Thread 0x000001c2afcb0990 Thread added: 0x000001c2b3208960
Event: 21.035 Thread 0x000001c2afcb0990 Thread added: 0x000001c2b3202d80
Event: 21.036 Thread 0x000001c2afcb0990 Thread added: 0x000001c2b3203410
Event: 24.298 Thread 0x000001c2afcb0990 Thread added: 0x000001c2b0285ee0
Event: 25.156 Thread 0x000001c2afcb0990 Thread added: 0x000001c2b3e1fb20
Event: 35.410 Thread 0x000001c2afcb0990 Thread added: 0x000001c2b3e1e770
Event: 35.411 Thread 0x000001c2afcb0990 Thread added: 0x000001c2b3e19220


Dynamic libraries:
0x00007ff7e6600000 - 0x00007ff7e660a000 	C:\Program Files\Common Files\Android\Android Studio\jbr\bin\java.exe
0x00007ffdd5d30000 - 0x00007ffdd5f28000 	C:\Windows\SYSTEM32\ntdll.dll
0x00007ffdd5950000 - 0x00007ffdd5a12000 	C:\Windows\System32\KERNEL32.DLL
0x00007ffdd3680000 - 0x00007ffdd3976000 	C:\Windows\System32\KERNELBASE.dll
0x00007ffdd3be0000 - 0x00007ffdd3ce0000 	C:\Windows\System32\ucrtbase.dll
0x00007ffd91e40000 - 0x00007ffd91e58000 	C:\Program Files\Common Files\Android\Android Studio\jbr\bin\jli.dll
0x00007ffdc6d30000 - 0x00007ffdc6d4b000 	C:\Program Files\Common Files\Android\Android Studio\jbr\bin\VCRUNTIME140.dll
0x00007ffdd42b0000 - 0x00007ffdd444d000 	C:\Windows\System32\USER32.dll
0x00007ffdd3650000 - 0x00007ffdd3672000 	C:\Windows\System32\win32u.dll
0x00007ffdbe710000 - 0x00007ffdbe9aa000 	C:\Windows\WinSxS\amd64_microsoft.windows.common-controls_6595b64144ccf1df_6.0.19041.5794_none_60bcd33171f2783c\COMCTL32.dll
0x00007ffdd45c0000 - 0x00007ffdd45eb000 	C:\Windows\System32\GDI32.dll
0x00007ffdd3e10000 - 0x00007ffdd3eae000 	C:\Windows\System32\msvcrt.dll
0x00007ffdd33d0000 - 0x00007ffdd34ea000 	C:\Windows\System32\gdi32full.dll
0x00007ffdd3980000 - 0x00007ffdd3a1d000 	C:\Windows\System32\msvcp_win.dll
0x00007ffdd3eb0000 - 0x00007ffdd3edf000 	C:\Windows\System32\IMM32.DLL
0x00007ffdbb270000 - 0x00007ffdbb27c000 	C:\Program Files\Common Files\Android\Android Studio\jbr\bin\vcruntime140_1.dll
0x00007ffd855a0000 - 0x00007ffd8562d000 	C:\Program Files\Common Files\Android\Android Studio\jbr\bin\msvcp140.dll
0x00007ffda5840000 - 0x00007ffda64d6000 	C:\Program Files\Common Files\Android\Android Studio\jbr\bin\server\jvm.dll
0x00007ffdd5390000 - 0x00007ffdd543f000 	C:\Windows\System32\ADVAPI32.dll
0x00007ffdd5440000 - 0x00007ffdd54df000 	C:\Windows\System32\sechost.dll
0x00007ffdd5ae0000 - 0x00007ffdd5c03000 	C:\Windows\System32\RPCRT4.dll
0x00007ffdd3ce0000 - 0x00007ffdd3d07000 	C:\Windows\System32\bcrypt.dll
0x00007ffdd2910000 - 0x00007ffdd295b000 	C:\Windows\SYSTEM32\POWRPROF.dll
0x00007ffdd4240000 - 0x00007ffdd42ab000 	C:\Windows\System32\WS2_32.dll
0x00007ffdbd910000 - 0x00007ffdbd937000 	C:\Windows\SYSTEM32\WINMM.dll
0x00007ffdcbcb0000 - 0x00007ffdcbcba000 	C:\Windows\SYSTEM32\VERSION.dll
0x00007ffdd27d0000 - 0x00007ffdd27e2000 	C:\Windows\SYSTEM32\UMPDC.dll
0x00007ffdd1c40000 - 0x00007ffdd1c52000 	C:\Windows\SYSTEM32\kernel.appcore.dll
0x00007ffdbaa00000 - 0x00007ffdbaa0a000 	C:\Program Files\Common Files\Android\Android Studio\jbr\bin\jimage.dll
0x00007ffdcdf90000 - 0x00007ffdce191000 	C:\Windows\SYSTEM32\DBGHELP.DLL
0x00007ffdae2f0000 - 0x00007ffdae324000 	C:\Windows\SYSTEM32\dbgcore.DLL
0x00007ffdd3aa0000 - 0x00007ffdd3b22000 	C:\Windows\System32\bcryptPrimitives.dll
0x00007ffdbad60000 - 0x00007ffdbad6e000 	C:\Program Files\Common Files\Android\Android Studio\jbr\bin\instrument.dll
0x00007ffda6e80000 - 0x00007ffda6ea0000 	C:\Program Files\Common Files\Android\Android Studio\jbr\bin\java.dll
0x00007ffda6e60000 - 0x00007ffda6e78000 	C:\Program Files\Common Files\Android\Android Studio\jbr\bin\zip.dll
0x00007ffdd4c10000 - 0x00007ffdd537e000 	C:\Windows\System32\SHELL32.dll
0x00007ffdce2f0000 - 0x00007ffdcea93000 	C:\Windows\SYSTEM32\windows.storage.dll
0x00007ffdd3ee0000 - 0x00007ffdd4233000 	C:\Windows\System32\combase.dll
0x00007ffdd2e00000 - 0x00007ffdd2e2b000 	C:\Windows\SYSTEM32\Wldp.dll
0x00007ffdd44f0000 - 0x00007ffdd45bd000 	C:\Windows\System32\OLEAUT32.dll
0x00007ffdd4650000 - 0x00007ffdd46fd000 	C:\Windows\System32\SHCORE.dll
0x00007ffdd49d0000 - 0x00007ffdd4a25000 	C:\Windows\System32\shlwapi.dll
0x00007ffdd3300000 - 0x00007ffdd3325000 	C:\Windows\SYSTEM32\profapi.dll
0x00007ffdb1ed0000 - 0x00007ffdb1ee0000 	C:\Program Files\Common Files\Android\Android Studio\jbr\bin\net.dll
0x00007ffdcb8b0000 - 0x00007ffdcb9ba000 	C:\Windows\SYSTEM32\WINHTTP.dll
0x00007ffdd2b60000 - 0x00007ffdd2bcc000 	C:\Windows\system32\mswsock.dll
0x00007ffda5820000 - 0x00007ffda5836000 	C:\Program Files\Common Files\Android\Android Studio\jbr\bin\nio.dll
0x00007ffda6980000 - 0x00007ffda6990000 	C:\Program Files\Common Files\Android\Android Studio\jbr\bin\verify.dll
0x00007ffdb1f30000 - 0x00007ffdb1f57000 	C:\Users\Laptop_Store\.gradle\native\1def1411415f61bf3af743bc5b6707747c0891f09f0c88961ee8f79bc544acac\windows-amd64\native-platform.dll
0x00007ffd85520000 - 0x00007ffd85598000 	C:\Users\Laptop_Store\.gradle\native\0.2.7\x86_64-windows-gnu\gradle-fileevents.dll
0x00007ffda6e50000 - 0x00007ffda6e59000 	C:\Program Files\Common Files\Android\Android Studio\jbr\bin\management.dll
0x00007ffda69a0000 - 0x00007ffda69ab000 	C:\Program Files\Common Files\Android\Android Studio\jbr\bin\management_ext.dll
0x00007ffdd5380000 - 0x00007ffdd5388000 	C:\Windows\System32\PSAPI.DLL
0x00007ffdd27f0000 - 0x00007ffdd282b000 	C:\Windows\SYSTEM32\IPHLPAPI.DLL
0x00007ffdd4ac0000 - 0x00007ffdd4ac8000 	C:\Windows\System32\NSI.dll
0x00007ffdcc380000 - 0x00007ffdcc389000 	C:\Program Files\Common Files\Android\Android Studio\jbr\bin\extnet.dll
0x00007ffdd2d60000 - 0x00007ffdd2d78000 	C:\Windows\SYSTEM32\CRYPTSP.dll
0x00007ffdd2410000 - 0x00007ffdd2448000 	C:\Windows\system32\rsaenh.dll
0x00007ffdd32c0000 - 0x00007ffdd32ee000 	C:\Windows\SYSTEM32\USERENV.dll
0x00007ffdd2d50000 - 0x00007ffdd2d5c000 	C:\Windows\SYSTEM32\CRYPTBASE.dll
0x00007ffdc9b10000 - 0x00007ffdc9b17000 	C:\Windows\system32\wshunix.dll

JVMTI agents:
C:\Users\Laptop_Store\.gradle\wrapper\dists\gradle-8.13-bin\5xuhj0ry160q40clulazy9h7d\gradle-8.13\lib\agents\gradle-instrumentation-agent-8.13.jar path:C:\Program Files\Common Files\Android\Android Studio\jbr\bin\instrument.dll, loaded, initialized, instrumentlib options:none

dbghelp: loaded successfully - version: 4.0.5 - missing functions: none
symbol engine: initialized successfully - sym options: 0x614 - pdb path: .;C:\Program Files\Common Files\Android\Android Studio\jbr\bin;C:\Windows\SYSTEM32;C:\Windows\WinSxS\amd64_microsoft.windows.common-controls_6595b64144ccf1df_6.0.19041.5794_none_60bcd33171f2783c;C:\Program Files\Common Files\Android\Android Studio\jbr\bin\server;C:\Users\Laptop_Store\.gradle\native\1def1411415f61bf3af743bc5b6707747c0891f09f0c88961ee8f79bc544acac\windows-amd64;C:\Users\Laptop_Store\.gradle\native\0.2.7\x86_64-windows-gnu

VM Arguments:
jvm_args: --add-opens=java.base/java.lang=ALL-UNNAMED --add-opens=java.base/java.lang.invoke=ALL-UNNAMED --add-opens=java.base/java.util=ALL-UNNAMED --add-opens=java.prefs/java.util.prefs=ALL-UNNAMED --add-exports=jdk.compiler/com.sun.tools.javac.api=ALL-UNNAMED --add-exports=jdk.compiler/com.sun.tools.javac.util=ALL-UNNAMED --add-opens=java.base/java.util=ALL-UNNAMED --add-opens=java.prefs/java.util.prefs=ALL-UNNAMED --add-opens=java.base/java.nio.charset=ALL-UNNAMED --add-opens=java.base/java.net=ALL-UNNAMED --add-opens=java.base/java.util.concurrent.atomic=ALL-UNNAMED --add-opens=java.xml/javax.xml.namespace=ALL-UNNAMED -Xmx2048m -Dfile.encoding=UTF-8 -Duser.country=US -Duser.language=en -Duser.variant -javaagent:C:\Users\Laptop_Store\.gradle\wrapper\dists\gradle-8.13-bin\5xuhj0ry160q40clulazy9h7d\gradle-8.13\lib\agents\gradle-instrumentation-agent-8.13.jar 
java_command: org.gradle.launcher.daemon.bootstrap.GradleDaemon 8.13
java_class_path (initial): C:\Users\Laptop_Store\.gradle\wrapper\dists\gradle-8.13-bin\5xuhj0ry160q40clulazy9h7d\gradle-8.13\lib\gradle-daemon-main-8.13.jar
Launcher Type: SUN_STANDARD

[Global flags]
     intx CICompilerCount                          = 4                                         {product} {ergonomic}
     uint ConcGCThreads                            = 2                                         {product} {ergonomic}
     uint G1ConcRefinementThreads                  = 8                                         {product} {ergonomic}
   size_t G1HeapRegionSize                         = 1048576                                   {product} {ergonomic}
    uintx GCDrainStackTargetSize                   = 64                                        {product} {ergonomic}
   size_t InitialHeapSize                          = 132120576                                 {product} {ergonomic}
   size_t MarkStackSize                            = 4194304                                   {product} {ergonomic}
   size_t MaxHeapSize                              = 2147483648                                {product} {command line}
   size_t MaxNewSize                               = 1287651328                                {product} {ergonomic}
   size_t MinHeapDeltaBytes                        = 1048576                                   {product} {ergonomic}
   size_t MinHeapSize                              = 8388608                                   {product} {ergonomic}
    uintx NonNMethodCodeHeapSize                   = 5839372                                {pd product} {ergonomic}
    uintx NonProfiledCodeHeapSize                  = 122909434                              {pd product} {ergonomic}
    uintx ProfiledCodeHeapSize                     = 122909434                              {pd product} {ergonomic}
    uintx ReservedCodeCacheSize                    = 251658240                              {pd product} {ergonomic}
     bool SegmentedCodeCache                       = true                                      {product} {ergonomic}
   size_t SoftMaxHeapSize                          = 2147483648                             {manageable} {ergonomic}
     bool UseCompressedOops                        = true                           {product lp64_product} {ergonomic}
     bool UseG1GC                                  = true                                      {product} {ergonomic}
     bool UseLargePagesIndividualAllocation        = false                                  {pd product} {ergonomic}

Logging:
Log output configuration:
 #0: stdout all=warning uptime,level,tags foldmultilines=false
 #1: stderr all=off uptime,level,tags foldmultilines=false

Environment Variables:
PATH=C:\Program Files (x86)\Common Files\Oracle\Java\java8path;C:\Program Files (x86)\Common Files\Oracle\Java\javapath;C:\Windows\system32;C:\Windows;C:\Windows\System32\Wbem;C:\Windows\System32\WindowsPowerShell\v1.0\;C:\Windows\System32\OpenSSH\;C:\Program Files\Git\cmd;C:\Users\Laptop_Store\AppData\Local\Microsoft\WindowsApps
USERNAME=Laptop_Store
OS=Windows_NT
PROCESSOR_IDENTIFIER=Intel64 Family 6 Model 142 Stepping 10, GenuineIntel
TMP=C:\Users\LAPTOP~1\AppData\Local\Temp
TEMP=C:\Users\LAPTOP~1\AppData\Local\Temp




Periodic native trim disabled

JNI global refs:
JNI global refs: 28, weak refs: 9

JNI global refs memory usage: 835, weak refs: 833

Process memory usage:
Resident Set Size: 410708K (4% of 8243648K total physical memory with 169116K free physical memory)

OOME stack traces (most recent first):
Classloader memory used:
Loader org.gradle.internal.classloader.VisitableURLClassLoader                         : 41628K
Loader bootstrap                                                                       : 27816K
Loader org.gradle.internal.classloader.VisitableURLClassLoader$InstrumentingVisitableURLClassLoader: 27610K
Loader org.gradle.initialization.MixInLegacyTypesClassLoader                           : 12441K
Loader jdk.internal.loader.ClassLoaders$PlatformClassLoader                            : 508K
Loader jdk.internal.loader.ClassLoaders$AppClassLoader                                 : 235K
Loader jdk.internal.reflect.DelegatingClassLoader                                      : 233K
Loader org.gradle.internal.classloader.VisitableURLClassLoader                         : 160K
Loader org.gradle.groovy.scripts.internal.DefaultScriptCompilationHandler$ScriptClassLoader: 134K
Loader org.codehaus.groovy.runtime.callsite.CallSiteClassLoader                        : 27488B

Classes loaded by more than one classloader:
Class Program                                                                         : loaded 5 times (x 72B)
Class Build_gradle                                                                    : loaded 3 times (x 130B)
Class Build_gradle$1                                                                  : loaded 3 times (x 74B)
Class org.gradle.internal.classloader.FilteringClassLoader                            : loaded 2 times (x 105B)
Class com.google.common.base.CharMatcher$IsEither                                     : loaded 2 times (x 111B)
Class org.gradle.internal.classloader.ClassLoaderHierarchy                            : loaded 2 times (x 70B)
Class com.google.common.collect.ImmutableEnumSet                                      : loaded 2 times (x 146B)
Class com.google.common.util.concurrent.ExecutionError                                : loaded 2 times (x 82B)
Class com.google.common.collect.ImmutableList$1                                       : loaded 2 times (x 97B)
Class org.gradle.api.internal.classpath.ManifestUtil                                  : loaded 2 times (x 71B)
Class com.google.common.collect.RegularImmutableMap                                   : loaded 2 times (x 121B)
Class com.google.common.collect.ImmutableMap$MapViewOfValuesAsSingletonSets           : loaded 2 times (x 126B)
Class [Lorg.objectweb.asm.Symbol;                                                     : loaded 2 times (x 69B)
Class org.objectweb.asm.ClassVisitor                                                  : loaded 2 times (x 88B)
Class com.google.common.collect.UnmodifiableListIterator                              : loaded 2 times (x 95B)
Class com.google.common.base.Platform$JdkPatternCompiler                              : loaded 2 times (x 75B)
Class org.objectweb.asm.MethodTooLargeException                                       : loaded 2 times (x 83B)
Class [Lcom.google.common.cache.CacheBuilder$OneWeigher;                              : loaded 2 times (x 69B)
Class com.google.common.base.Suppliers                                                : loaded 2 times (x 71B)
Class org.gradle.internal.classloader.DefaultClassLoaderFactory                       : loaded 2 times (x 82B)
Class org.gradle.internal.classloader.ClassLoaderVisitor                              : loaded 2 times (x 76B)
Class [Lcom.google.common.collect.ImmutableMapEntry;                                  : loaded 2 times (x 69B)
Class org.gradle.api.internal.classpath.EffectiveClassPath                            : loaded 2 times (x 90B)
Class com.google.common.collect.ListMultimap                                          : loaded 2 times (x 70B)
Class com.google.common.collect.ImmutableEnumMap                                      : loaded 2 times (x 126B)
Class com.google.common.collect.Sets$1                                                : loaded 2 times (x 139B)
Class org.objectweb.asm.AnnotationVisitor                                             : loaded 2 times (x 78B)
Class org.gradle.api.internal.DefaultClassPathProvider                                : loaded 2 times (x 76B)
Class com.google.common.collect.Sets$2                                                : loaded 2 times (x 139B)
Class [Lorg.gradle.api.internal.ClassPathProvider;                                    : loaded 2 times (x 69B)
Class org.gradle.api.internal.ClassPathProvider                                       : loaded 2 times (x 70B)
Class [Lorg.objectweb.asm.AnnotationVisitor;                                          : loaded 2 times (x 69B)
Class com.google.common.collect.Sets$3                                                : loaded 2 times (x 139B)
Class com.google.common.util.concurrent.AbstractFuture$SafeAtomicHelper               : loaded 2 times (x 79B)
Class com.google.common.cache.LocalCache$LocalLoadingCache                            : loaded 2 times (x 134B)
Class org.gradle.internal.service.UnknownServiceException                             : loaded 2 times (x 83B)
Class com.google.common.collect.Sets$4                                                : loaded 2 times (x 139B)
Class org.objectweb.asm.ModuleVisitor                                                 : loaded 2 times (x 81B)
Class com.google.common.cache.LocalCache$Strength$1                                   : loaded 2 times (x 81B)
Class com.google.common.util.concurrent.SettableFuture                                : loaded 2 times (x 114B)
Class com.google.common.cache.LocalCache$Strength$2                                   : loaded 2 times (x 81B)
Class com.google.common.cache.LocalCache$Strength$3                                   : loaded 2 times (x 81B)
Class com.google.common.collect.MapDifference                                         : loaded 2 times (x 70B)
Class org.objectweb.asm.FieldWriter                                                   : loaded 2 times (x 78B)
Class com.google.common.cache.CacheBuilder$NullListener                               : loaded 2 times (x 82B)
Class org.gradle.internal.classpath.TransformedClassPath                              : loaded 2 times (x 96B)
Class org.gradle.internal.classloader.InstrumentingClassLoader                        : loaded 2 times (x 70B)
Class com.google.common.cache.CacheLoader$FunctionToCacheLoader                       : loaded 2 times (x 75B)
Class com.google.common.collect.Iterators$ArrayItr                                    : loaded 2 times (x 97B)
Class com.google.common.collect.ImmutableCollection$Builder                           : loaded 2 times (x 76B)
Class ijJvmDebugger1_1xmetagh0zzfu3fni9z64hmfq                                        : loaded 2 times (x 179B)
Class com.google.common.base.Joiner                                                   : loaded 2 times (x 79B)
Class com.google.common.base.MoreObjects                                              : loaded 2 times (x 71B)
Class com.google.common.collect.Platform                                              : loaded 2 times (x 71B)
Class [Lorg.objectweb.asm.Type;                                                       : loaded 2 times (x 69B)
Class com.google.common.collect.UnmodifiableIterator                                  : loaded 2 times (x 80B)
Class org.gradle.internal.service.ServiceLocator                                      : loaded 2 times (x 70B)
Class com.google.common.base.Ascii                                                    : loaded 2 times (x 71B)
Class com.google.common.collect.SingletonImmutableBiMap                               : loaded 2 times (x 143B)
Class com.google.common.cache.LocalCache$1                                            : loaded 2 times (x 89B)
Class com.google.common.collect.AbstractMapEntry                                      : loaded 2 times (x 81B)
Class com.google.common.collect.Sets$ImprovedAbstractSet                              : loaded 2 times (x 135B)
Class com.google.common.collect.ImmutableList$Builder                                 : loaded 2 times (x 77B)
Class com.google.common.collect.AbstractMultimap                                      : loaded 2 times (x 123B)
Class com.google.common.cache.LocalCache$2                                            : loaded 2 times (x 142B)
Class com.google.common.util.concurrent.AbstractFuture$UnsafeAtomicHelper$1           : loaded 2 times (x 76B)
Class com.google.common.collect.RegularImmutableAsList                                : loaded 2 times (x 217B)
Class com.google.common.util.concurrent.AbstractFuture$Trusted                        : loaded 2 times (x 70B)
Class com.google.common.collect.Iterators                                             : loaded 2 times (x 71B)
Class com.google.common.collect.Lists$StringAsImmutableList                           : loaded 2 times (x 207B)
Class com.google.common.util.concurrent.UncheckedExecutionException                   : loaded 2 times (x 82B)
Class org.gradle.kotlin.dsl.VersionCatalogAccessorsKt                                 : loaded 2 times (x 71B)
Class org.gradle.internal.InternalTransformer                                         : loaded 2 times (x 70B)
Class com.google.common.collect.AbstractMapBasedMultimap$KeySet$1                     : loaded 2 times (x 82B)
Class org.objectweb.asm.ClassWriter                                                   : loaded 2 times (x 106B)
Class com.google.common.base.CharMatcher$And                                          : loaded 2 times (x 112B)
Class com.google.common.cache.CacheLoader$UnsupportedLoadingOperationException        : loaded 2 times (x 82B)
Class org.gradle.internal.classloader.ClasspathUtil$1                                 : loaded 2 times (x 76B)
Class com.google.common.base.Objects                                                  : loaded 2 times (x 71B)
Class org.objectweb.asm.FieldVisitor                                                  : loaded 2 times (x 77B)
Class com.google.common.collect.IndexedImmutableSet                                   : loaded 2 times (x 152B)
Class com.google.common.collect.ImmutableMap$1                                        : loaded 2 times (x 81B)
Class com.google.common.collect.BiMap                                                 : loaded 2 times (x 70B)
Class org.gradle.api.internal.classpath.DefaultModuleRegistry$DefaultModule           : loaded 2 times (x 86B)
Class com.google.common.primitives.Ints                                               : loaded 2 times (x 71B)
Class com.google.common.collect.AbstractIterator                                      : loaded 2 times (x 82B)
Class com.google.common.collect.ObjectArrays                                          : loaded 2 times (x 71B)
Class com.google.common.collect.Multiset                                              : loaded 2 times (x 70B)
Class com.google.common.collect.ArrayListMultimapGwtSerializationDependencies         : loaded 2 times (x 172B)
Class com.google.common.collect.RegularImmutableMap$KeySet                            : loaded 2 times (x 152B)
Class com.google.common.math.MathPreconditions                                        : loaded 2 times (x 71B)
Class com.google.common.collect.ImmutableMapEntrySet                                  : loaded 2 times (x 152B)
Class org.gradle.api.internal.classpath.Module                                        : loaded 2 times (x 70B)
Class com.google.common.cache.Weigher                                                 : loaded 2 times (x 70B)
Class org.gradle.api.internal.classpath.UnknownModuleException                        : loaded 2 times (x 82B)
Class com.google.common.base.Stopwatch                                                : loaded 2 times (x 72B)
Class com.google.common.cache.LocalCache$Strength                                     : loaded 2 times (x 81B)
Class com.google.common.cache.Cache                                                   : loaded 2 times (x 70B)
Class com.google.common.util.concurrent.AbstractFuture$Cancellation                   : loaded 2 times (x 72B)
Class com.google.common.collect.ImmutableMap$Builder                                  : loaded 2 times (x 82B)
Class com.google.common.cache.RemovalListener                                         : loaded 2 times (x 70B)
Class org.gradle.api.internal.DefaultClassPathRegistry                                : loaded 2 times (x 76B)
Class com.google.common.primitives.IntsMethodsForWeb                                  : loaded 2 times (x 71B)
Class com.google.common.collect.Multimap                                              : loaded 2 times (x 70B)
Class org.gradle.api.internal.ClassPathRegistry                                       : loaded 2 times (x 70B)
Class org.gradle.internal.classpath.DefaultClassPath$ImmutableUniqueList              : loaded 2 times (x 199B)
Class com.google.common.base.ExtraObjectsMethodsForWeb                                : loaded 2 times (x 71B)
Class com.google.common.base.Equivalence$Identity                                     : loaded 2 times (x 82B)
Class com.google.common.cache.CacheBuilder                                            : loaded 2 times (x 72B)
Class com.google.common.collect.SingletonImmutableList                                : loaded 2 times (x 207B)
Class Settings_gradle$1                                                               : loaded 2 times (x 74B)
Class org.gradle.internal.classpath.ClassPath                                         : loaded 2 times (x 70B)
Class org.gradle.api.UncheckedIOException                                             : loaded 2 times (x 82B)
Class com.google.common.base.JdkPattern                                               : loaded 2 times (x 75B)
Class com.google.common.collect.ImmutableList$ReverseImmutableList                    : loaded 2 times (x 209B)
Class ijKotlinCoroutineJvmDebugInit1_f2xb91z8bjt99qyrcjg9y4vw3$_run_closure1$_closure2: loaded 2 times (x 139B)
Class org.objectweb.asm.SymbolTable$Entry                                             : loaded 2 times (x 74B)
Class com.google.common.util.concurrent.AbstractFuture$AtomicHelper                   : loaded 2 times (x 78B)
Class org.objectweb.asm.Edge                                                          : loaded 2 times (x 72B)
Class com.google.common.base.Suppliers$SupplierOfInstance                             : loaded 2 times (x 79B)
Class com.google.common.collect.Iterators$1                                           : loaded 2 times (x 81B)
Class com.google.common.cache.LocalCache$ComputingValueReference                      : loaded 2 times (x 96B)
Class com.google.common.collect.SingletonImmutableSet                                 : loaded 2 times (x 146B)
Class com.google.common.collect.ImmutableMap$IteratorBasedImmutableMap                : loaded 2 times (x 126B)
Class com.google.common.cache.LocalCache$Segment                                      : loaded 2 times (x 154B)
Class com.google.common.collect.AbstractListMultimap                                  : loaded 2 times (x 172B)
Class [Lorg.objectweb.asm.SymbolTable$Entry;                                          : loaded 2 times (x 69B)
Class com.google.common.cache.CacheLoader                                             : loaded 2 times (x 74B)
Class com.google.common.collect.Iterators$4                                           : loaded 2 times (x 82B)
Class com.google.common.collect.ImmutableBiMap                                        : loaded 2 times (x 143B)
Class org.gradle.internal.installation.GradleInstallation$1                           : loaded 2 times (x 75B)
Class org.gradle.api.internal.classpath.ModuleRegistry                                : loaded 2 times (x 70B)
Class com.google.common.util.concurrent.internal.InternalFutureFailureAccess          : loaded 2 times (x 72B)
Class com.google.common.collect.Iterators$5                                           : loaded 2 times (x 82B)
Class com.google.common.collect.ImmutableSet$JdkBackedSetBuilderImpl                  : loaded 2 times (x 76B)
Class com.google.common.util.concurrent.AbstractFuture$UnsafeAtomicHelper             : loaded 2 times (x 78B)
Class com.google.common.base.CharMatcher$ForPredicate                                 : loaded 2 times (x 112B)
Class com.google.common.cache.LocalCache$LocalManualCache$1                           : loaded 2 times (x 75B)
Class com.google.common.base.CharMatcher$AnyOf                                        : loaded 2 times (x 112B)
Class com.google.common.collect.ImmutableCollection                                   : loaded 2 times (x 125B)
Class org.gradle.api.internal.classpath.DefaultModuleRegistry                         : loaded 2 times (x 86B)
Class com.google.common.collect.Lists                                                 : loaded 2 times (x 71B)
Class com.google.common.util.concurrent.ListenableFuture                              : loaded 2 times (x 70B)
Class com.google.common.cache.ReferenceEntry                                          : loaded 2 times (x 70B)
Class com.google.common.base.Converter                                                : loaded 2 times (x 90B)
Class com.google.common.collect.ImmutableSet$CachingAsList                            : loaded 2 times (x 148B)
Class com.google.common.collect.AbstractMapBasedMultimap                              : loaded 2 times (x 139B)
Class com.google.common.util.concurrent.AbstractFuture                                : loaded 2 times (x 106B)
Class com.google.common.base.FunctionalEquivalence                                    : loaded 2 times (x 83B)
Class com.google.common.collect.Iterators$9                                           : loaded 2 times (x 81B)
Class com.google.common.collect.ImmutableAsList                                       : loaded 2 times (x 209B)
Class org.objectweb.asm.RecordComponentVisitor                                        : loaded 2 times (x 77B)
Class com.google.common.cache.CacheLoader$SupplierToCacheLoader                       : loaded 2 times (x 75B)
Class com.google.common.collect.Maps$EntryTransformer                                 : loaded 2 times (x 70B)
Class org.gradle.internal.service.ServiceLookupException                              : loaded 2 times (x 82B)
Class [Lcom.google.common.cache.LocalCache$EntryFactory;                              : loaded 2 times (x 69B)
Class org.gradle.internal.classloader.ClassLoaderFactory                              : loaded 2 times (x 70B)
Class com.google.common.base.CommonPattern                                            : loaded 2 times (x 74B)
Class com.google.common.base.CharMatcher$IsNot                                        : loaded 2 times (x 111B)
Class com.google.common.cache.LocalCache$LocalManualCache                             : loaded 2 times (x 99B)
Class org.gradle.internal.service.CachingServiceLocator                               : loaded 2 times (x 82B)
Class com.google.common.collect.AbstractMapBasedMultimap$KeySet                       : loaded 2 times (x 137B)
Class com.google.common.math.IntMath                                                  : loaded 2 times (x 71B)
Class com.google.common.collect.ImmutableMapEntry                                     : loaded 2 times (x 85B)
Class com.google.common.base.Equivalence                                              : loaded 2 times (x 82B)
Class com.google.common.base.Function                                                 : loaded 2 times (x 70B)
Class com.google.common.collect.ImmutableMapEntry$NonTerminalImmutableMapEntry        : loaded 2 times (x 85B)
Class ijKotlinCoroutineJvmDebugInit1_f2xb91z8bjt99qyrcjg9y4vw3                        : loaded 2 times (x 179B)
Class com.google.common.collect.IndexedImmutableSet$1                                 : loaded 2 times (x 213B)
Class com.google.common.cache.CacheBuilder$OneWeigher                                 : loaded 2 times (x 82B)
Class com.google.common.collect.RegularImmutableList                                  : loaded 2 times (x 213B)
Class org.gradle.internal.classloader.ClasspathUtil                                   : loaded 2 times (x 71B)
Class com.google.common.base.Charsets                                                 : loaded 2 times (x 71B)
Class com.google.common.util.concurrent.Uninterruptibles                              : loaded 2 times (x 71B)
Class com.google.common.collect.Maps                                                  : loaded 2 times (x 71B)
Class org.gradle.api.specs.Spec                                                       : loaded 2 times (x 70B)
Class [Lcom.google.common.collect.ImmutableEntry;                                     : loaded 2 times (x 69B)
Class com.google.common.cache.LocalCache$LoadingValueReference                        : loaded 2 times (x 96B)
Class com.google.common.collect.AbstractIndexedListIterator                           : loaded 2 times (x 96B)
Class com.google.common.base.Platform                                                 : loaded 2 times (x 71B)
Class ijJvmDebugger1_1xmetagh0zzfu3fni9z64hmfq$_run_closure1                          : loaded 2 times (x 139B)
Class [Lorg.objectweb.asm.AnnotationWriter;                                           : loaded 2 times (x 69B)
Class com.google.common.collect.Maps$8                                                : loaded 2 times (x 82B)
Class com.google.common.collect.Sets$SetView                                          : loaded 2 times (x 138B)
Class com.google.common.cache.LocalCache$StrongValueReference                         : loaded 2 times (x 90B)
Class com.google.common.util.concurrent.AbstractFuture$SynchronizedHelper             : loaded 2 times (x 78B)
Class org.objectweb.asm.Type                                                          : loaded 2 times (x 72B)
Class org.gradle.internal.classloader.VisitableURLClassLoader$InstrumentingVisitableURLClassLoader: loaded 2 times (x 123B)
Class org.objectweb.asm.ByteVector                                                    : loaded 2 times (x 79B)
Class [Lcom.google.common.cache.CacheBuilder$NullListener;                            : loaded 2 times (x 69B)
Class com.google.common.math.IntMath$1                                                : loaded 2 times (x 71B)
Class org.gradle.internal.classloader.VisitableURLClassLoader$Spec                    : loaded 2 times (x 74B)
Class org.gradle.internal.classpath.DefaultClassPath                                  : loaded 2 times (x 90B)
Class org.objectweb.asm.Symbol                                                        : loaded 2 times (x 73B)
Class com.google.common.base.CharMatcher$Ascii                                        : loaded 2 times (x 112B)
Class com.google.common.base.CharMatcher$BitSetMatcher                                : loaded 2 times (x 112B)
Class com.google.common.collect.RegularImmutableMap$Values                            : loaded 2 times (x 207B)
Class com.google.common.collect.ImmutableSet                                          : loaded 2 times (x 145B)
Class org.gradle.internal.classloader.ClassLoaderSpec                                 : loaded 2 times (x 71B)
Class org.objectweb.asm.AnnotationWriter                                              : loaded 2 times (x 79B)
Class com.google.common.cache.CacheStats                                              : loaded 2 times (x 71B)
Class org.objectweb.asm.RecordComponentWriter                                         : loaded 2 times (x 78B)
Class com.google.common.util.concurrent.AbstractFuture$Listener                       : loaded 2 times (x 72B)
Class com.google.common.base.CharMatcher$Or                                           : loaded 2 times (x 112B)
Class Settings_gradle$1$1                                                             : loaded 2 times (x 74B)
Class org.objectweb.asm.Attribute                                                     : loaded 2 times (x 77B)
Class com.google.common.base.Supplier                                                 : loaded 2 times (x 70B)
Class org.gradle.internal.classloader.VisitableURLClassLoader                         : loaded 2 times (x 117B)
Class com.google.common.util.concurrent.AbstractFuture$Waiter                         : loaded 2 times (x 72B)
Class Settings_gradle                                                                 : loaded 2 times (x 128B)
Class org.gradle.internal.Cast                                                        : loaded 2 times (x 71B)
Class org.gradle.api.Action                                                           : loaded 2 times (x 70B)
Class com.google.common.base.Strings                                                  : loaded 2 times (x 71B)
Class com.google.common.collect.Sets                                                  : loaded 2 times (x 71B)
Class org.objectweb.asm.Handler                                                       : loaded 2 times (x 72B)
Class com.google.common.base.CharMatcher$FastMatcher                                  : loaded 2 times (x 111B)
Class com.google.common.base.Ticker                                                   : loaded 2 times (x 72B)
Class [Lcom.google.common.cache.LocalCache$Segment;                                   : loaded 2 times (x 69B)
Class com.google.common.base.Predicate                                                : loaded 2 times (x 70B)
Class [Lcom.google.common.cache.LocalCache$Strength;                                  : loaded 2 times (x 69B)
Class com.google.common.cache.CacheBuilder$1                                          : loaded 2 times (x 85B)
Class com.google.common.collect.ImmutableMap                                          : loaded 2 times (x 120B)
Class org.gradle.internal.classpath.DefaultClassPath$ImmutableUniqueList$Builder      : loaded 2 times (x 75B)
Class com.google.common.base.CharMatcher$NegatedFastMatcher                           : loaded 2 times (x 113B)
Class com.google.common.cache.LocalCache                                              : loaded 2 times (x 187B)
Class com.google.common.cache.CacheBuilder$2                                          : loaded 2 times (x 79B)
Class com.google.common.collect.ArrayListMultimap                                     : loaded 2 times (x 172B)
Class com.google.common.cache.CacheBuilder$3                                          : loaded 2 times (x 72B)
Class [Lcom.google.common.collect.AbstractMapEntry;                                   : loaded 2 times (x 69B)
Class com.google.common.collect.ImmutableEntry                                        : loaded 2 times (x 82B)
Class org.gradle.api.GradleException                                                  : loaded 2 times (x 82B)
Class com.google.common.collect.CollectPreconditions                                  : loaded 2 times (x 71B)
Class com.google.common.collect.SortedMapDifference                                   : loaded 2 times (x 70B)
Class com.google.common.cache.LocalCache$EntryFactory                                 : loaded 2 times (x 83B)
Class com.google.common.cache.LocalCache$AbstractReferenceEntry                       : loaded 2 times (x 107B)
Class org.gradle.internal.IoActions                                                   : loaded 2 times (x 71B)
Class org.objectweb.asm.SymbolTable                                                   : loaded 2 times (x 72B)
Class com.google.common.cache.CacheLoader$InvalidCacheLoadException                   : loaded 2 times (x 82B)
Class com.google.common.collect.ImmutableSet$RegularSetBuilderImpl                    : loaded 2 times (x 77B)
Class org.gradle.internal.classloader.SystemClassLoaderSpec                           : loaded 2 times (x 71B)
Class com.google.common.cache.LocalCache$StrongEntry                                  : loaded 2 times (x 108B)
Class com.google.common.util.concurrent.AbstractFuture$TrustedFuture                  : loaded 2 times (x 114B)
Class com.google.common.cache.LoadingCache                                            : loaded 2 times (x 70B)
Class org.objectweb.asm.MethodWriter                                                  : loaded 2 times (x 106B)
Class [Lcom.google.common.cache.Weigher;                                              : loaded 2 times (x 69B)
Class com.google.common.collect.RegularImmutableMap$BucketOverflowException           : loaded 2 times (x 82B)
Class com.google.common.collect.RegularImmutableBiMap                                 : loaded 2 times (x 149B)
Class com.google.common.base.CharMatcher$Negated                                      : loaded 2 times (x 113B)
Class com.google.common.base.CharMatcher$Is                                           : loaded 2 times (x 111B)
Class com.google.common.cache.LocalCache$ValueReference                               : loaded 2 times (x 70B)
Class com.google.common.base.PatternCompiler                                          : loaded 2 times (x 70B)
Class com.google.common.util.concurrent.AbstractFuture$Failure                        : loaded 2 times (x 72B)
Class com.google.common.base.Equivalence$Equals                                       : loaded 2 times (x 82B)
Class com.google.common.collect.Hashing                                               : loaded 2 times (x 71B)
Class com.google.common.base.Preconditions                                            : loaded 2 times (x 71B)
Class com.google.common.base.Joiner$1                                                 : loaded 2 times (x 80B)
Class org.objectweb.asm.Label                                                         : loaded 2 times (x 73B)
Class org.objectweb.asm.CurrentFrame                                                  : loaded 2 times (x 73B)
Class org.objectweb.asm.ClassTooLargeException                                        : loaded 2 times (x 83B)
Class com.google.common.base.CharMatcher                                              : loaded 2 times (x 111B)
Class com.google.common.collect.PeekingIterator                                       : loaded 2 times (x 70B)
Class com.google.common.base.Joiner$2                                                 : loaded 2 times (x 79B)
Class org.objectweb.asm.Frame                                                         : loaded 2 times (x 73B)
Class org.objectweb.asm.MethodVisitor                                                 : loaded 2 times (x 105B)
Class com.google.common.base.CharMatcher$1                                            : loaded 2 times (x 113B)
Class com.google.common.base.CharMatcher$NamedFastMatcher                             : loaded 2 times (x 112B)
Class com.google.common.cache.LocalCache$EntryFactory$1                               : loaded 2 times (x 83B)
Class [Lcom.google.common.cache.RemovalListener;                                      : loaded 2 times (x 69B)
Class ijKotlinCoroutineJvmDebugInit1_f2xb91z8bjt99qyrcjg9y4vw3$_run_closure1          : loaded 2 times (x 139B)
Class com.google.common.cache.LocalCache$EntryFactory$2                               : loaded 2 times (x 83B)
Class org.gradle.api.internal.classpath.GlobalCacheRootsProvider                      : loaded 2 times (x 70B)
Class org.objectweb.asm.ModuleWriter                                                  : loaded 2 times (x 82B)
Class com.google.common.cache.LocalCache$EntryFactory$3                               : loaded 2 times (x 83B)
Class com.google.common.base.Ticker$1                                                 : loaded 2 times (x 72B)
Class com.google.common.collect.Maps$BiMapConverter                                   : loaded 2 times (x 90B)
Class com.google.common.collect.ImmutableMapEntrySet$RegularEntrySet                  : loaded 2 times (x 152B)
Class com.google.common.base.CharMatcher$InRange                                      : loaded 2 times (x 111B)
Class com.google.common.cache.LocalCache$EntryFactory$4                               : loaded 2 times (x 83B)
Class com.google.common.collect.ImmutableSet$Builder                                  : loaded 2 times (x 85B)
Class com.google.common.cache.LocalCache$EntryFactory$5                               : loaded 2 times (x 83B)
Class ijJvmDebugger1_1xmetagh0zzfu3fni9z64hmfq$_run_closure1$_closure2                : loaded 2 times (x 140B)
Class com.google.common.base.PairwiseEquivalence                                      : loaded 2 times (x 83B)
Class com.google.common.cache.LocalCache$EntryFactory$6                               : loaded 2 times (x 83B)
Class org.gradle.internal.installation.CurrentGradleInstallationLocator               : loaded 2 times (x 71B)
Class com.google.common.collect.Maps$KeySet                                           : loaded 2 times (x 137B)
Class com.google.common.cache.LocalCache$EntryFactory$7                               : loaded 2 times (x 83B)
Class com.google.common.collect.ImmutableSet$EmptySetBuilderImpl                      : loaded 2 times (x 76B)
Class com.google.common.collect.ImmutableList                                         : loaded 2 times (x 206B)
Class org.gradle.internal.service.DefaultServiceLocator                               : loaded 2 times (x 83B)
Class com.google.common.cache.LocalCache$EntryFactory$8                               : loaded 2 times (x 83B)
Class com.google.common.collect.ImmutableSet$SetBuilderImpl                           : loaded 2 times (x 76B)
Class org.gradle.internal.installation.CurrentGradleInstallation                      : loaded 2 times (x 73B)
Class com.google.common.cache.CacheLoader$1                                           : loaded 2 times (x 75B)
Class com.google.common.collect.ImmutableList$SubList                                 : loaded 2 times (x 209B)
Class org.gradle.util.internal.GUtil                                                  : loaded 2 times (x 71B)
Class com.google.common.util.concurrent.AbstractFuture$SetFuture                      : loaded 2 times (x 75B)
Class com.google.common.cache.AbstractCache$StatsCounter                              : loaded 2 times (x 70B)
Class com.google.common.collect.Iterators$MergingIterator                             : loaded 2 times (x 81B)
Class com.google.common.collect.RegularImmutableSet                                   : loaded 2 times (x 149B)
Class org.gradle.internal.installation.GradleInstallation                             : loaded 2 times (x 75B)
Class com.google.common.collect.Iterables                                             : loaded 2 times (x 71B)

---------------  S Y S T E M  ---------------

OS:
 Windows 10 , 64 bit Build 19041 (10.0.19041.5794)
OS uptime: 0 days 1:41 hours

CPU: total 8 (initial active 8) (4 cores per cpu, 2 threads per core) family 6 model 142 stepping 10 microcode 0xf6, cx8, cmov, fxsr, ht, mmx, 3dnowpref, sse, sse2, sse3, ssse3, sse4.1, sse4.2, popcnt, lzcnt, tsc, tscinvbit, avx, avx2, aes, erms, clmul, bmi1, bmi2, rtm, adx, fma, vzeroupper, clflush, clflushopt, rdtscp, f16c
Processor Information for processor 0
  Max Mhz: 1896, Current Mhz: 1496, Mhz Limit: 1687
Processor Information for processor 1
  Max Mhz: 1896, Current Mhz: 1496, Mhz Limit: 1687
Processor Information for processor 2
  Max Mhz: 1896, Current Mhz: 1696, Mhz Limit: 1687
Processor Information for processor 3
  Max Mhz: 1896, Current Mhz: 1496, Mhz Limit: 1687
Processor Information for processor 4
  Max Mhz: 1896, Current Mhz: 1696, Mhz Limit: 1687
Processor Information for processor 5
  Max Mhz: 1896, Current Mhz: 1496, Mhz Limit: 1687
Processor Information for processor 6
  Max Mhz: 1896, Current Mhz: 1496, Mhz Limit: 1687
Processor Information for processor 7
  Max Mhz: 1896, Current Mhz: 1496, Mhz Limit: 1687

Memory: 4k page, system-wide physical 8050M (164M free)
TotalPageFile size 13421M (AvailPageFile size 26M)
current process WorkingSet (physical memory assigned to process): 401M, peak: 401M
current process commit charge ("private bytes"): 456M, peak: 483M

vm_info: OpenJDK 64-Bit Server VM (21.0.8+-14018985-b1038.68) for windows-amd64 JRE (21.0.8+-14018985-b1038.68), built on 2025-08-29T19:56:34Z by "builder" with MS VC++ 16.10 / 16.11 (VS2019)

END.
