#
# There is insufficient memory for the Java Runtime Environment to continue.
# Native memory allocation (mmap) failed to map 29360128 bytes. Error detail: G1 virtual space
# Possible reasons:
#   The system is out of physical RAM or swap space
#   This process is running with CompressedOops enabled, and the Java Heap may be blocking the growth of the native heap
# Possible solutions:
#   Reduce memory load on the system
#   Increase physical memory or swap space
#   Check if swap backing store is full
#   Decrease Java heap size (-Xmx/-Xms)
#   Decrease number of Java threads
#   Decrease Java thread stack sizes (-Xss)
#   Set larger code cache with -XX:ReservedCodeCacheSize=
#   JVM is running with Unscaled Compressed Oops mode in which the Java heap is
#     placed in the first 4GB address space. The Java Heap base address is the
#     maximum limit for the native heap growth. Please use -XX:HeapBaseMinAddress
#     to set the Java Heap base and to place the Java Heap above 4GB virtual address.
# This output file may be truncated or incomplete.
#
#  Out of Memory Error (os_windows.cpp:3925), pid=10692, tid=13788
#
# JRE version: OpenJDK Runtime Environment (21.0.8) (build 21.0.8+-14018985-b1038.68)
# Java VM: OpenJDK 64-Bit Server VM (21.0.8+-14018985-b1038.68, mixed mode, tiered, compressed oops, compressed class ptrs, g1 gc, windows-amd64)
# No core dump will be written. Minidumps are not enabled by default on client versions of Windows
#

---------------  S U M M A R Y ------------

Command Line: --add-opens=java.base/java.lang=ALL-UNNAMED --add-opens=java.base/java.lang.invoke=ALL-UNNAMED --add-opens=java.base/java.util=ALL-UNNAMED --add-opens=java.prefs/java.util.prefs=ALL-UNNAMED --add-exports=jdk.compiler/com.sun.tools.javac.api=ALL-UNNAMED --add-exports=jdk.compiler/com.sun.tools.javac.util=ALL-UNNAMED --add-opens=java.base/java.util=ALL-UNNAMED --add-opens=java.prefs/java.util.prefs=ALL-UNNAMED --add-opens=java.base/java.nio.charset=ALL-UNNAMED --add-opens=java.base/java.net=ALL-UNNAMED --add-opens=java.base/java.util.concurrent.atomic=ALL-UNNAMED --add-opens=java.xml/javax.xml.namespace=ALL-UNNAMED -Xmx2048m -Dfile.encoding=UTF-8 -Duser.country=US -Duser.language=en -Duser.variant -javaagent:C:\Users\Laptop_Store\.gradle\wrapper\dists\gradle-8.13-bin\5xuhj0ry160q40clulazy9h7d\gradle-8.13\lib\agents\gradle-instrumentation-agent-8.13.jar org.gradle.launcher.daemon.bootstrap.GradleDaemon 8.13

Host: Intel(R) Core(TM) i5-8350U CPU @ 1.70GHz, 8 cores, 7G,  Windows 10 , 64 bit Build 19041 (10.0.19041.5794)
Time: Tue Jun  9 00:18:17 2026 Pakistan Standard Time elapsed time: 29.907696 seconds (0d 0h 0m 29s)

---------------  T H R E A D  ---------------

Current thread (0x000002ea185e7580):  VMThread "VM Thread"          [id=13788, stack(0x000000ebefa00000,0x000000ebefb00000) (1024K)]

Stack: [0x000000ebefa00000,0x000000ebefb00000]
Native frames: (J=compiled Java code, j=interpreted, Vv=VM code, C=native code)
V  [jvm.dll+0x6d68d9]
V  [jvm.dll+0x866693]
V  [jvm.dll+0x868c4e]
V  [jvm.dll+0x869333]
V  [jvm.dll+0x280566]
V  [jvm.dll+0x6d3195]
V  [jvm.dll+0x6c69ea]
V  [jvm.dll+0x3586db]
V  [jvm.dll+0x360336]
V  [jvm.dll+0x3b23f6]
V  [jvm.dll+0x3b26c8]
V  [jvm.dll+0x32ae6c]
V  [jvm.dll+0x32aef7]
V  [jvm.dll+0x370d3c]
V  [jvm.dll+0x36f4ee]
V  [jvm.dll+0x32a5c1]
V  [jvm.dll+0x36ebf0]
V  [jvm.dll+0x86f0b8]
V  [jvm.dll+0x870434]
V  [jvm.dll+0x870970]
V  [jvm.dll+0x870c03]
V  [jvm.dll+0x80eac8]
V  [jvm.dll+0x6d512d]
C  [ucrtbase.dll+0x21bb2]
C  [KERNEL32.DLL+0x17374]
C  [ntdll.dll+0x4cc91]

VM_Operation (0x000000ebf12f6a80): G1CollectForAllocation, mode: safepoint, requested by thread 0x000002ea18b1c1b0


---------------  P R O C E S S  ---------------

Threads class SMR info:
_java_thread_list=0x000002ea20fe68e0, length=76, elements={
0x000002ea7fac60f0, 0x000002ea187940d0, 0x000002ea187a38a0, 0x000002ea187a3f10,
0x000002ea187d9ff0, 0x000002ea187da660, 0x000002ea187dacd0, 0x000002ea187e3350,
0x000002ea187e74c0, 0x000002ea187a0b10, 0x000002ea18aafad0, 0x000002ea1ea92330,
0x000002ea1ea6ecf0, 0x000002ea1d082b20, 0x000002ea1d0845c0, 0x000002ea18b2cb40,
0x000002ea18b1bb40, 0x000002ea18b1c1b0, 0x000002ea1dedfa10, 0x000002ea1dee00a0,
0x000002ea1dee0730, 0x000002ea1dee0dc0, 0x000002ea1dee1450, 0x000002ea1dedf380,
0x000002ea1fe173a0, 0x000002ea1fe17a30, 0x000002ea1fe14c40, 0x000002ea1fe15ff0,
0x000002ea1fe12b70, 0x000002ea1fe180c0, 0x000002ea1fe15960, 0x000002ea1fe18750,
0x000002ea1fe124e0, 0x000002ea1fe13200, 0x000002ea1fe13890, 0x000002ea1fe16680,
0x000002ea1fe16d10, 0x000002ea212c7ab0, 0x000002ea212c9b80, 0x000002ea212c87d0,
0x000002ea212ca8a0, 0x000002ea212cd000, 0x000002ea212caf30, 0x000002ea212c8e60,
0x000002ea212cd690, 0x000002ea212c8140, 0x000002ea212ca210, 0x000002ea212c94f0,
0x000002ea212cb5c0, 0x000002ea212cbc50, 0x000002ea212cc2e0, 0x000002ea212cc970,
0x000002ea216f7080, 0x000002ea216fb8b0, 0x000002ea216f8430, 0x000002ea216fbf40,
0x000002ea216f6360, 0x000002ea216f8ac0, 0x000002ea216fc5d0, 0x000002ea216f97e0,
0x000002ea216f5640, 0x000002ea216f69f0, 0x000002ea216fab90, 0x000002ea216f9e70,
0x000002ea216fa500, 0x000002ea216fb220, 0x000002ea216f7710, 0x000002ea216f7da0,
0x000002ea1dee1ae0, 0x000002ea22a3f510, 0x000002ea22a42300, 0x000002ea22a40230,
0x000002ea22a3ba00, 0x000002ea22a40f50, 0x000002ea22a3d440, 0x000002ea1fcc7350
}

Java Threads: ( => current thread )
  0x000002ea7fac60f0 JavaThread "main"                              [_thread_blocked, id=5644, stack(0x000000ebef300000,0x000000ebef400000) (1024K)]
  0x000002ea187940d0 JavaThread "Common-Cleaner"             daemon [_thread_blocked, id=12304, stack(0x000000ebefb00000,0x000000ebefc00000) (1024K)]
  0x000002ea187a38a0 JavaThread "Reference Handler"          daemon [_thread_blocked, id=13552, stack(0x000000ebefc00000,0x000000ebefd00000) (1024K)]
  0x000002ea187a3f10 JavaThread "Finalizer"                  daemon [_thread_blocked, id=1816, stack(0x000000ebefd00000,0x000000ebefe00000) (1024K)]
  0x000002ea187d9ff0 JavaThread "Signal Dispatcher"          daemon [_thread_blocked, id=12532, stack(0x000000ebefe00000,0x000000ebeff00000) (1024K)]
  0x000002ea187da660 JavaThread "Attach Listener"            daemon [_thread_blocked, id=13068, stack(0x000000ebeff00000,0x000000ebf0000000) (1024K)]
  0x000002ea187dacd0 JavaThread "Service Thread"             daemon [_thread_blocked, id=13104, stack(0x000000ebf0000000,0x000000ebf0100000) (1024K)]
  0x000002ea187e3350 JavaThread "Monitor Deflation Thread"   daemon [_thread_blocked, id=12548, stack(0x000000ebf0100000,0x000000ebf0200000) (1024K)]
  0x000002ea187e74c0 JavaThread "C2 CompilerThread0"         daemon [_thread_in_native, id=1628, stack(0x000000ebf0200000,0x000000ebf0300000) (1024K)]
  0x000002ea187a0b10 JavaThread "C1 CompilerThread0"         daemon [_thread_blocked, id=12900, stack(0x000000ebf0300000,0x000000ebf0400000) (1024K)]
  0x000002ea18aafad0 JavaThread "Notification Thread"        daemon [_thread_blocked, id=7848, stack(0x000000ebf0400000,0x000000ebf0500000) (1024K)]
  0x000002ea1ea92330 JavaThread "Daemon health stats"               [_thread_blocked, id=13696, stack(0x000000ebf0a00000,0x000000ebf0b00000) (1024K)]
  0x000002ea1ea6ecf0 JavaThread "Incoming local TCP Connector on port 51860"        [_thread_in_native, id=9016, stack(0x000000ebf0d00000,0x000000ebf0e00000) (1024K)]
  0x000002ea1d082b20 JavaThread "Daemon periodic checks"            [_thread_blocked, id=12604, stack(0x000000ebf0f00000,0x000000ebf1000000) (1024K)]
  0x000002ea1d0845c0 JavaThread "Daemon"                            [_thread_blocked, id=6260, stack(0x000000ebf0e00000,0x000000ebf0f00000) (1024K)]
  0x000002ea18b2cb40 JavaThread "Handler for socket connection from /127.0.0.1:51860 to /127.0.0.1:51861"        [_thread_in_native, id=12360, stack(0x000000ebf1000000,0x000000ebf1100000) (1024K)]
  0x000002ea18b1bb40 JavaThread "Cancel handler"                    [_thread_blocked, id=2300, stack(0x000000ebf1100000,0x000000ebf1200000) (1024K)]
  0x000002ea18b1c1b0 JavaThread "Daemon worker"                     [_thread_blocked, id=7280, stack(0x000000ebf1200000,0x000000ebf1300000) (1024K)]
  0x000002ea1dedfa10 JavaThread "Asynchronous log dispatcher for DefaultDaemonConnection: socket connection from /127.0.0.1:51860 to /127.0.0.1:51861"        [_thread_blocked, id=7200, stack(0x000000ebf1300000,0x000000ebf1400000) (1024K)]
  0x000002ea1dee00a0 JavaThread "Stdin handler"                     [_thread_blocked, id=3312, stack(0x000000ebf1400000,0x000000ebf1500000) (1024K)]
  0x000002ea1dee0730 JavaThread "Daemon client event forwarder"        [_thread_blocked, id=8580, stack(0x000000ebf1500000,0x000000ebf1600000) (1024K)]
  0x000002ea1dee0dc0 JavaThread "Cache worker for journal cache (C:\Users\Laptop_Store\.gradle\caches\journal-1)"        [_thread_blocked, id=13680, stack(0x000000ebf1700000,0x000000ebf1800000) (1024K)]
  0x000002ea1dee1450 JavaThread "File lock request listener"        [_thread_in_native, id=13764, stack(0x000000ebf1800000,0x000000ebf1900000) (1024K)]
  0x000002ea1dedf380 JavaThread "Cache worker for file hash cache (C:\Users\Laptop_Store\.gradle\caches\8.13\fileHashes)"        [_thread_blocked, id=11724, stack(0x000000ebf1a00000,0x000000ebf1b00000) (1024K)]
  0x000002ea1fe173a0 JavaThread "Cache worker for file hash cache (D:\VillageToCityReseilingApp1\.gradle\8.13\fileHashes)"        [_thread_blocked, id=14124, stack(0x000000ebf1c00000,0x000000ebf1d00000) (1024K)]
  0x000002ea1fe17a30 JavaThread "Cache worker for Build Output Cleanup Cache (D:\VillageToCityReseilingApp1\.gradle\buildOutputCleanup)"        [_thread_blocked, id=8556, stack(0x000000ebf1d00000,0x000000ebf1e00000) (1024K)]
  0x000002ea1fe14c40 JavaThread "File watcher server"        daemon [_thread_in_native, id=6080, stack(0x000000ebf1e00000,0x000000ebf1f00000) (1024K)]
  0x000002ea1fe15ff0 JavaThread "File watcher consumer"      daemon [_thread_blocked, id=13668, stack(0x000000ebf1f00000,0x000000ebf2000000) (1024K)]
  0x000002ea1fe12b70 JavaThread "jar transforms"                    [_thread_blocked, id=13676, stack(0x000000ebf2000000,0x000000ebf2100000) (1024K)]
  0x000002ea1fe180c0 JavaThread "jar transforms Thread 2"           [_thread_blocked, id=6772, stack(0x000000ebf2100000,0x000000ebf2200000) (1024K)]
  0x000002ea1fe15960 JavaThread "Cache worker for checksums cache (D:\VillageToCityReseilingApp1\.gradle\8.13\checksums)"        [_thread_blocked, id=4088, stack(0x000000ebf2200000,0x000000ebf2300000) (1024K)]
  0x000002ea1fe18750 JavaThread "Cache worker for file content cache (C:\Users\Laptop_Store\.gradle\caches\8.13\fileContent)"        [_thread_blocked, id=5972, stack(0x000000ebf2300000,0x000000ebf2400000) (1024K)]
  0x000002ea1fe124e0 JavaThread "jar transforms Thread 3"           [_thread_blocked, id=2924, stack(0x000000ebf1b00000,0x000000ebf1c00000) (1024K)]
  0x000002ea1fe13200 JavaThread "Cache worker for cache directory md-supplier (C:\Users\Laptop_Store\.gradle\caches\8.13\md-supplier)"        [_thread_blocked, id=8980, stack(0x000000ebf2500000,0x000000ebf2600000) (1024K)]
  0x000002ea1fe13890 JavaThread "Cache worker for cache directory md-rule (C:\Users\Laptop_Store\.gradle\caches\8.13\md-rule)"        [_thread_blocked, id=8352, stack(0x000000ebf2600000,0x000000ebf2700000) (1024K)]
  0x000002ea1fe16680 JavaThread "Unconstrained build operations"        [_thread_blocked, id=11524, stack(0x000000ebf2700000,0x000000ebf2800000) (1024K)]
  0x000002ea1fe16d10 JavaThread "Unconstrained build operations Thread 2"        [_thread_blocked, id=11812, stack(0x000000ebf2800000,0x000000ebf2900000) (1024K)]
  0x000002ea212c7ab0 JavaThread "Unconstrained build operations Thread 3"        [_thread_blocked, id=2584, stack(0x000000ebf2900000,0x000000ebf2a00000) (1024K)]
  0x000002ea212c9b80 JavaThread "Unconstrained build operations Thread 4"        [_thread_blocked, id=11536, stack(0x000000ebf2a00000,0x000000ebf2b00000) (1024K)]
  0x000002ea212c87d0 JavaThread "Unconstrained build operations Thread 5"        [_thread_blocked, id=11528, stack(0x000000ebf2b00000,0x000000ebf2c00000) (1024K)]
  0x000002ea212ca8a0 JavaThread "Unconstrained build operations Thread 6"        [_thread_blocked, id=1600, stack(0x000000ebf2c00000,0x000000ebf2d00000) (1024K)]
  0x000002ea212cd000 JavaThread "Unconstrained build operations Thread 7"        [_thread_blocked, id=1596, stack(0x000000ebf2d00000,0x000000ebf2e00000) (1024K)]
  0x000002ea212caf30 JavaThread "Unconstrained build operations Thread 8"        [_thread_blocked, id=2284, stack(0x000000ebf2e00000,0x000000ebf2f00000) (1024K)]
  0x000002ea212c8e60 JavaThread "jar transforms Thread 4"           [_thread_blocked, id=6500, stack(0x000000ebf2f00000,0x000000ebf3000000) (1024K)]
  0x000002ea212cd690 JavaThread "jar transforms Thread 5"           [_thread_blocked, id=2648, stack(0x000000ebf3000000,0x000000ebf3100000) (1024K)]
  0x000002ea212c8140 JavaThread "Unconstrained build operations Thread 9"        [_thread_blocked, id=2652, stack(0x000000ebf3100000,0x000000ebf3200000) (1024K)]
  0x000002ea212ca210 JavaThread "Unconstrained build operations Thread 10"        [_thread_blocked, id=8444, stack(0x000000ebf3200000,0x000000ebf3300000) (1024K)]
  0x000002ea212c94f0 JavaThread "Unconstrained build operations Thread 11"        [_thread_blocked, id=12168, stack(0x000000ebf3300000,0x000000ebf3400000) (1024K)]
  0x000002ea212cb5c0 JavaThread "Unconstrained build operations Thread 12"        [_thread_blocked, id=948, stack(0x000000ebf3400000,0x000000ebf3500000) (1024K)]
  0x000002ea212cbc50 JavaThread "jar transforms Thread 6"           [_thread_blocked, id=7048, stack(0x000000ebf3500000,0x000000ebf3600000) (1024K)]
  0x000002ea212cc2e0 JavaThread "jar transforms Thread 7"           [_thread_blocked, id=7300, stack(0x000000ebf3600000,0x000000ebf3700000) (1024K)]
  0x000002ea212cc970 JavaThread "jar transforms Thread 8"           [_thread_blocked, id=1976, stack(0x000000ebf3700000,0x000000ebf3800000) (1024K)]
  0x000002ea216f7080 JavaThread "Unconstrained build operations Thread 13"        [_thread_blocked, id=4632, stack(0x000000ebf2400000,0x000000ebf2500000) (1024K)]
  0x000002ea216fb8b0 JavaThread "Unconstrained build operations Thread 14"        [_thread_blocked, id=2904, stack(0x000000ebf3800000,0x000000ebf3900000) (1024K)]
  0x000002ea216f8430 JavaThread "Unconstrained build operations Thread 15"        [_thread_blocked, id=11808, stack(0x000000ebf3900000,0x000000ebf3a00000) (1024K)]
  0x000002ea216fbf40 JavaThread "Unconstrained build operations Thread 16"        [_thread_blocked, id=14268, stack(0x000000ebf3a00000,0x000000ebf3b00000) (1024K)]
  0x000002ea216f6360 JavaThread "Unconstrained build operations Thread 17"        [_thread_blocked, id=916, stack(0x000000ebf3b00000,0x000000ebf3c00000) (1024K)]
  0x000002ea216f8ac0 JavaThread "Unconstrained build operations Thread 18"        [_thread_blocked, id=4840, stack(0x000000ebf3c00000,0x000000ebf3d00000) (1024K)]
  0x000002ea216fc5d0 JavaThread "Unconstrained build operations Thread 19"        [_thread_blocked, id=11332, stack(0x000000ebf3d00000,0x000000ebf3e00000) (1024K)]
  0x000002ea216f97e0 JavaThread "Unconstrained build operations Thread 20"        [_thread_blocked, id=13892, stack(0x000000ebf3f00000,0x000000ebf4000000) (1024K)]
  0x000002ea216f5640 JavaThread "Unconstrained build operations Thread 21"        [_thread_blocked, id=12248, stack(0x000000ebf4000000,0x000000ebf4100000) (1024K)]
  0x000002ea216f69f0 JavaThread "Unconstrained build operations Thread 22"        [_thread_blocked, id=1852, stack(0x000000ebf4100000,0x000000ebf4200000) (1024K)]
  0x000002ea216fab90 JavaThread "Unconstrained build operations Thread 23"        [_thread_blocked, id=6616, stack(0x000000ebf4200000,0x000000ebf4300000) (1024K)]
  0x000002ea216f9e70 JavaThread "Unconstrained build operations Thread 24"        [_thread_blocked, id=12340, stack(0x000000ebf4300000,0x000000ebf4400000) (1024K)]
  0x000002ea216fa500 JavaThread "Unconstrained build operations Thread 25"        [_thread_blocked, id=12560, stack(0x000000ebf4400000,0x000000ebf4500000) (1024K)]
  0x000002ea216fb220 JavaThread "Unconstrained build operations Thread 26"        [_thread_blocked, id=11344, stack(0x000000ebf4500000,0x000000ebf4600000) (1024K)]
  0x000002ea216f7710 JavaThread "Unconstrained build operations Thread 27"        [_thread_blocked, id=8908, stack(0x000000ebf4600000,0x000000ebf4700000) (1024K)]
  0x000002ea216f7da0 JavaThread "Unconstrained build operations Thread 28"        [_thread_blocked, id=12256, stack(0x000000ebf4700000,0x000000ebf4800000) (1024K)]
  0x000002ea1dee1ae0 JavaThread "Unconstrained build operations Thread 29"        [_thread_blocked, id=808, stack(0x000000ebf4800000,0x000000ebf4900000) (1024K)]
  0x000002ea22a3f510 JavaThread "Unconstrained build operations Thread 30"        [_thread_blocked, id=2076, stack(0x000000ebf4900000,0x000000ebf4a00000) (1024K)]
  0x000002ea22a42300 JavaThread "Unconstrained build operations Thread 31"        [_thread_blocked, id=2452, stack(0x000000ebf4a00000,0x000000ebf4b00000) (1024K)]
  0x000002ea22a40230 JavaThread "Unconstrained build operations Thread 32"        [_thread_blocked, id=12176, stack(0x000000ebf4b00000,0x000000ebf4c00000) (1024K)]
  0x000002ea22a3ba00 JavaThread "Unconstrained build operations Thread 33"        [_thread_blocked, id=12848, stack(0x000000ebf4c00000,0x000000ebf4d00000) (1024K)]
  0x000002ea22a40f50 JavaThread "build event listener"              [_thread_blocked, id=12592, stack(0x000000ebf1900000,0x000000ebf1a00000) (1024K)]
  0x000002ea22a3d440 JavaThread "Memory manager"                    [_thread_blocked, id=12520, stack(0x000000ebf4d00000,0x000000ebf4e00000) (1024K)]
  0x000002ea1fcc7350 JavaThread "C2 CompilerThread1"         daemon [_thread_blocked, id=284, stack(0x000000ebf3e00000,0x000000ebf3f00000) (1024K)]
Total: 76

Other Threads:
=>0x000002ea185e7580 VMThread "VM Thread"                           [id=13788, stack(0x000000ebefa00000,0x000000ebefb00000) (1024K)]
  0x000002ea18588a10 WatcherThread "VM Periodic Task Thread"        [id=13272, stack(0x000000ebef900000,0x000000ebefa00000) (1024K)]
  0x000002ea7ed4e000 WorkerThread "GC Thread#0"                     [id=9652, stack(0x000000ebef400000,0x000000ebef500000) (1024K)]
  0x000002ea1d179200 WorkerThread "GC Thread#1"                     [id=13468, stack(0x000000ebf0700000,0x000000ebf0800000) (1024K)]
  0x000002ea1d382290 WorkerThread "GC Thread#2"                     [id=6228, stack(0x000000ebf0800000,0x000000ebf0900000) (1024K)]
  0x000002ea1dd6f670 WorkerThread "GC Thread#3"                     [id=13472, stack(0x000000ebf0600000,0x000000ebf0700000) (1024K)]
  0x000002ea1dbc0950 WorkerThread "GC Thread#4"                     [id=12648, stack(0x000000ebf0900000,0x000000ebf0a00000) (1024K)]
  0x000002ea1ea62f70 WorkerThread "GC Thread#5"                     [id=8620, stack(0x000000ebf0500000,0x000000ebf0600000) (1024K)]
  0x000002ea1ea63310 WorkerThread "GC Thread#6"                     [id=13148, stack(0x000000ebf0b00000,0x000000ebf0c00000) (1024K)]
  0x000002ea1ea636b0 WorkerThread "GC Thread#7"                     [id=11660, stack(0x000000ebf0c00000,0x000000ebf0d00000) (1024K)]
  0x000002ea7fb29420 ConcurrentGCThread "G1 Main Marker"            [id=9384, stack(0x000000ebef500000,0x000000ebef600000) (1024K)]
  0x000002ea7fb2b4e0 WorkerThread "G1 Conc#0"                       [id=9352, stack(0x000000ebef600000,0x000000ebef700000) (1024K)]
  0x000002ea1dfe93b0 WorkerThread "G1 Conc#1"                       [id=13728, stack(0x000000ebf1600000,0x000000ebf1700000) (1024K)]
  0x000002ea7fb8ea40 ConcurrentGCThread "G1 Refine#0"               [id=5828, stack(0x000000ebef700000,0x000000ebef800000) (1024K)]
  0x000002ea1845d290 ConcurrentGCThread "G1 Service"                [id=10684, stack(0x000000ebef800000,0x000000ebef900000) (1024K)]
Total: 15

Threads with active compile tasks:
C2 CompilerThread0  29968 11089       4       org.gradle.internal.instantiation.generator.AbstractClassGenerator::inspectType (602 bytes)
C1 CompilerThread0  29968 11266       3       org.gradle.api.internal.tasks.DefaultTaskDependency::visitDependencies (737 bytes)
C2 CompilerThread1  29968 11241       4       com.google.common.collect.ImmutableSet$RegularSetBuilderImpl::build (110 bytes)
Total: 3

VM state: at safepoint (normal execution)

VM Mutex/Monitor currently owned by a thread:  ([mutex/lock_event])
[0x00007ffda63f85b8] Threads_lock - owner thread: 0x000002ea185e7580
[0x00007ffda63f86b8] Heap_lock - owner thread: 0x000002ea18b1c1b0

Heap address: 0x0000000080000000, size: 2048 MB, Compressed Oops mode: 32-bit

CDS archive(s) not mapped
Compressed class space mapped at: 0x0000000100000000-0x0000000140000000, reserved size: 1073741824
Narrow klass base: 0x0000000000000000, Narrow klass shift: 3, Narrow klass range: 0x140000000

GC Precious Log:
 CardTable entry size: 512
 Card Set container configuration: InlinePtr #cards 5 size 8 Array Of Cards #cards 12 size 40 Howl #buckets 4 coarsen threshold 1843 Howl Bitmap #cards 512 size 80 coarsen threshold 460 Card regions per heap region 1 cards per card region 2048
 CPUs: 8 total, 8 available
 Memory: 8050M
 Large Page Support: Disabled
 NUMA Support: Disabled
 Compressed Oops: Enabled (32-bit)
 Heap Region Size: 1M
 Heap Min Capacity: 8M
 Heap Initial Capacity: 126M
 Heap Max Capacity: 2G
 Pre-touch: Disabled
 Parallel Workers: 8
 Concurrent Workers: 2
 Concurrent Refinement Workers: 8
 Periodic GC: Disabled

Heap:
 garbage-first heap   total 143360K, used 87961K [0x0000000080000000, 0x0000000100000000)
  region size 1024K, 5 young (5120K), 5 survivors (5120K)
 Metaspace       used 107706K, committed 109760K, reserved 1179648K
  class space    used 15166K, committed 16192K, reserved 1048576K

Heap Regions: E=young(eden), S=young(survivor), O=old, HS=humongous(starts), HC=humongous(continues), CS=collection set, F=free, TAMS=top-at-mark-start, PB=parsable bottom
|   0|0x0000000080000000, 0x0000000080100000, 0x0000000080100000|100%|HS|  |TAMS 0x0000000080000000| PB 0x0000000080000000| Complete 
|   1|0x0000000080100000, 0x0000000080200000, 0x0000000080200000|100%|HC|  |TAMS 0x0000000080100000| PB 0x0000000080100000| Complete 
|   2|0x0000000080200000, 0x0000000080300000, 0x0000000080300000|100%|HC|  |TAMS 0x0000000080200000| PB 0x0000000080200000| Complete 
|   3|0x0000000080300000, 0x0000000080400000, 0x0000000080400000|100%| O|  |TAMS 0x0000000080300000| PB 0x0000000080300000| Untracked 
|   4|0x0000000080400000, 0x0000000080500000, 0x0000000080500000|100%| O|  |TAMS 0x0000000080400000| PB 0x0000000080400000| Untracked 
|   5|0x0000000080500000, 0x0000000080600000, 0x0000000080600000|100%| O|  |TAMS 0x0000000080500000| PB 0x0000000080500000| Untracked 
|   6|0x0000000080600000, 0x0000000080700000, 0x0000000080700000|100%|HS|  |TAMS 0x0000000080600000| PB 0x0000000080600000| Complete 
|   7|0x0000000080700000, 0x0000000080800000, 0x0000000080800000|100%| O|  |TAMS 0x0000000080700000| PB 0x0000000080700000| Untracked 
|   8|0x0000000080800000, 0x0000000080900000, 0x0000000080900000|100%| O|  |TAMS 0x0000000080800000| PB 0x0000000080800000| Untracked 
|   9|0x0000000080900000, 0x0000000080a00000, 0x0000000080a00000|100%| O|  |TAMS 0x0000000080900000| PB 0x0000000080900000| Untracked 
|  10|0x0000000080a00000, 0x0000000080b00000, 0x0000000080b00000|100%| O|  |TAMS 0x0000000080a00000| PB 0x0000000080a00000| Untracked 
|  11|0x0000000080b00000, 0x0000000080c00000, 0x0000000080c00000|100%| O|  |TAMS 0x0000000080b00000| PB 0x0000000080b00000| Untracked 
|  12|0x0000000080c00000, 0x0000000080d00000, 0x0000000080d00000|100%| O|  |TAMS 0x0000000080c00000| PB 0x0000000080c00000| Untracked 
|  13|0x0000000080d00000, 0x0000000080e00000, 0x0000000080e00000|100%| O|  |TAMS 0x0000000080d00000| PB 0x0000000080d00000| Untracked 
|  14|0x0000000080e00000, 0x0000000080f00000, 0x0000000080f00000|100%| O|  |TAMS 0x0000000080e00000| PB 0x0000000080e00000| Untracked 
|  15|0x0000000080f00000, 0x0000000081000000, 0x0000000081000000|100%| O|  |TAMS 0x0000000080f00000| PB 0x0000000080f00000| Untracked 
|  16|0x0000000081000000, 0x0000000081100000, 0x0000000081100000|100%| O|  |TAMS 0x0000000081000000| PB 0x0000000081000000| Untracked 
|  17|0x0000000081100000, 0x0000000081200000, 0x0000000081200000|100%| O|  |TAMS 0x0000000081100000| PB 0x0000000081100000| Untracked 
|  18|0x0000000081200000, 0x0000000081300000, 0x0000000081300000|100%| O|  |TAMS 0x0000000081200000| PB 0x0000000081200000| Untracked 
|  19|0x0000000081300000, 0x0000000081400000, 0x0000000081400000|100%| O|  |TAMS 0x0000000081300000| PB 0x0000000081300000| Untracked 
|  20|0x0000000081400000, 0x0000000081500000, 0x0000000081500000|100%| O|  |TAMS 0x0000000081400000| PB 0x0000000081400000| Untracked 
|  21|0x0000000081500000, 0x0000000081600000, 0x0000000081600000|100%| O|  |TAMS 0x0000000081500000| PB 0x0000000081500000| Untracked 
|  22|0x0000000081600000, 0x0000000081700000, 0x0000000081700000|100%| O|  |TAMS 0x0000000081600000| PB 0x0000000081600000| Untracked 
|  23|0x0000000081700000, 0x0000000081800000, 0x0000000081800000|100%| O|  |TAMS 0x0000000081700000| PB 0x0000000081700000| Untracked 
|  24|0x0000000081800000, 0x0000000081900000, 0x0000000081900000|100%| O|  |TAMS 0x0000000081800000| PB 0x0000000081800000| Untracked 
|  25|0x0000000081900000, 0x0000000081a00000, 0x0000000081a00000|100%| O|  |TAMS 0x0000000081900000| PB 0x0000000081900000| Untracked 
|  26|0x0000000081a00000, 0x0000000081b00000, 0x0000000081b00000|100%| O|  |TAMS 0x0000000081a00000| PB 0x0000000081a00000| Untracked 
|  27|0x0000000081b00000, 0x0000000081c00000, 0x0000000081c00000|100%| O|  |TAMS 0x0000000081b00000| PB 0x0000000081b00000| Untracked 
|  28|0x0000000081c00000, 0x0000000081d00000, 0x0000000081d00000|100%| O|  |TAMS 0x0000000081c00000| PB 0x0000000081c00000| Untracked 
|  29|0x0000000081d00000, 0x0000000081e00000, 0x0000000081e00000|100%| O|  |TAMS 0x0000000081d00000| PB 0x0000000081d00000| Untracked 
|  30|0x0000000081e00000, 0x0000000081f00000, 0x0000000081f00000|100%| O|  |TAMS 0x0000000081e00000| PB 0x0000000081e00000| Untracked 
|  31|0x0000000081f00000, 0x0000000082000000, 0x0000000082000000|100%| O|  |TAMS 0x0000000081f00000| PB 0x0000000081f00000| Untracked 
|  32|0x0000000082000000, 0x0000000082100000, 0x0000000082100000|100%| O|  |TAMS 0x0000000082000000| PB 0x0000000082000000| Untracked 
|  33|0x0000000082100000, 0x0000000082200000, 0x0000000082200000|100%| O|  |TAMS 0x0000000082100000| PB 0x0000000082100000| Untracked 
|  34|0x0000000082200000, 0x0000000082300000, 0x0000000082300000|100%| O|  |TAMS 0x0000000082200000| PB 0x0000000082200000| Untracked 
|  35|0x0000000082300000, 0x0000000082400000, 0x0000000082400000|100%| O|  |TAMS 0x0000000082300000| PB 0x0000000082300000| Untracked 
|  36|0x0000000082400000, 0x0000000082500000, 0x0000000082500000|100%| O|  |TAMS 0x0000000082400000| PB 0x0000000082400000| Untracked 
|  37|0x0000000082500000, 0x0000000082600000, 0x0000000082600000|100%| O|  |TAMS 0x0000000082500000| PB 0x0000000082500000| Untracked 
|  38|0x0000000082600000, 0x0000000082700000, 0x0000000082700000|100%| O|  |TAMS 0x0000000082600000| PB 0x0000000082600000| Untracked 
|  39|0x0000000082700000, 0x0000000082800000, 0x0000000082800000|100%| O|  |TAMS 0x0000000082700000| PB 0x0000000082700000| Untracked 
|  40|0x0000000082800000, 0x0000000082900000, 0x0000000082900000|100%| O|  |TAMS 0x0000000082800000| PB 0x0000000082800000| Untracked 
|  41|0x0000000082900000, 0x0000000082a00000, 0x0000000082a00000|100%| O|  |TAMS 0x0000000082900000| PB 0x0000000082900000| Untracked 
|  42|0x0000000082a00000, 0x0000000082b00000, 0x0000000082b00000|100%| O|  |TAMS 0x0000000082a00000| PB 0x0000000082a00000| Untracked 
|  43|0x0000000082b00000, 0x0000000082c00000, 0x0000000082c00000|100%|HS|  |TAMS 0x0000000082b00000| PB 0x0000000082b00000| Complete 
|  44|0x0000000082c00000, 0x0000000082d00000, 0x0000000082d00000|100%| O|  |TAMS 0x0000000082c00000| PB 0x0000000082c00000| Untracked 
|  45|0x0000000082d00000, 0x0000000082e00000, 0x0000000082e00000|100%| O|  |TAMS 0x0000000082d00000| PB 0x0000000082d00000| Untracked 
|  46|0x0000000082e00000, 0x0000000082f00000, 0x0000000082f00000|100%| O|  |TAMS 0x0000000082e00000| PB 0x0000000082e00000| Untracked 
|  47|0x0000000082f00000, 0x0000000083000000, 0x0000000083000000|100%| O|  |TAMS 0x0000000082f00000| PB 0x0000000082f00000| Untracked 
|  48|0x0000000083000000, 0x0000000083100000, 0x0000000083100000|100%| O|  |TAMS 0x0000000083000000| PB 0x0000000083000000| Untracked 
|  49|0x0000000083100000, 0x0000000083200000, 0x0000000083200000|100%|HS|  |TAMS 0x0000000083100000| PB 0x0000000083100000| Complete 
|  50|0x0000000083200000, 0x0000000083300000, 0x0000000083300000|100%|HS|  |TAMS 0x0000000083200000| PB 0x0000000083200000| Complete 
|  51|0x0000000083300000, 0x0000000083400000, 0x0000000083400000|100%|HS|  |TAMS 0x0000000083300000| PB 0x0000000083300000| Complete 
|  52|0x0000000083400000, 0x0000000083400000, 0x0000000083500000|  0%| F|  |TAMS 0x0000000083400000| PB 0x0000000083400000| Untracked 
|  53|0x0000000083500000, 0x0000000083600000, 0x0000000083600000|100%|HS|  |TAMS 0x0000000083500000| PB 0x0000000083500000| Complete 
|  54|0x0000000083600000, 0x0000000083700000, 0x0000000083700000|100%|HS|  |TAMS 0x0000000083600000| PB 0x0000000083600000| Complete 
|  55|0x0000000083700000, 0x0000000083700000, 0x0000000083800000|  0%| F|  |TAMS 0x0000000083700000| PB 0x0000000083700000| Untracked 
|  56|0x0000000083800000, 0x0000000083900000, 0x0000000083900000|100%| O|  |TAMS 0x0000000083800000| PB 0x0000000083800000| Untracked 
|  57|0x0000000083900000, 0x0000000083a00000, 0x0000000083a00000|100%| O|  |TAMS 0x0000000083900000| PB 0x0000000083900000| Untracked 
|  58|0x0000000083a00000, 0x0000000083b00000, 0x0000000083b00000|100%| O|  |TAMS 0x0000000083a00000| PB 0x0000000083a00000| Untracked 
|  59|0x0000000083b00000, 0x0000000083c00000, 0x0000000083c00000|100%| O|  |TAMS 0x0000000083b00000| PB 0x0000000083b00000| Untracked 
|  60|0x0000000083c00000, 0x0000000083d00000, 0x0000000083d00000|100%| O|  |TAMS 0x0000000083c00000| PB 0x0000000083c00000| Untracked 
|  61|0x0000000083d00000, 0x0000000083e00000, 0x0000000083e00000|100%| O|  |TAMS 0x0000000083d00000| PB 0x0000000083d00000| Untracked 
|  62|0x0000000083e00000, 0x0000000083f00000, 0x0000000083f00000|100%| O|  |TAMS 0x0000000083e00000| PB 0x0000000083e00000| Untracked 
|  63|0x0000000083f00000, 0x0000000084000000, 0x0000000084000000|100%| O|  |TAMS 0x0000000083f00000| PB 0x0000000083f00000| Untracked 
|  64|0x0000000084000000, 0x0000000084100000, 0x0000000084100000|100%| O|  |TAMS 0x0000000084000000| PB 0x0000000084000000| Untracked 
|  65|0x0000000084100000, 0x0000000084200000, 0x0000000084200000|100%| O|  |TAMS 0x0000000084100000| PB 0x0000000084100000| Untracked 
|  66|0x0000000084200000, 0x0000000084300000, 0x0000000084300000|100%|HS|  |TAMS 0x0000000084200000| PB 0x0000000084200000| Complete 
|  67|0x0000000084300000, 0x0000000084400000, 0x0000000084400000|100%| O|  |TAMS 0x0000000084300000| PB 0x0000000084300000| Untracked 
|  68|0x0000000084400000, 0x0000000084500000, 0x0000000084500000|100%| O|  |TAMS 0x0000000084400000| PB 0x0000000084400000| Untracked 
|  69|0x0000000084500000, 0x0000000084600000, 0x0000000084600000|100%| O|  |TAMS 0x0000000084500000| PB 0x0000000084500000| Untracked 
|  70|0x0000000084600000, 0x0000000084700000, 0x0000000084700000|100%| O|  |TAMS 0x0000000084600000| PB 0x0000000084600000| Untracked 
|  71|0x0000000084700000, 0x0000000084700000, 0x0000000084800000|  0%| F|  |TAMS 0x0000000084700000| PB 0x0000000084700000| Untracked 
|  72|0x0000000084800000, 0x0000000084900000, 0x0000000084900000|100%| O|  |TAMS 0x0000000084800000| PB 0x0000000084800000| Untracked 
|  73|0x0000000084900000, 0x0000000084a00000, 0x0000000084a00000|100%| O|  |TAMS 0x0000000084900000| PB 0x0000000084900000| Untracked 
|  74|0x0000000084a00000, 0x0000000084b00000, 0x0000000084b00000|100%| O|  |TAMS 0x0000000084a00000| PB 0x0000000084a00000| Untracked 
|  75|0x0000000084b00000, 0x0000000084c00000, 0x0000000084c00000|100%| O|  |TAMS 0x0000000084b00000| PB 0x0000000084b00000| Untracked 
|  76|0x0000000084c00000, 0x0000000084d00000, 0x0000000084d00000|100%| O|  |TAMS 0x0000000084c00000| PB 0x0000000084c00000| Untracked 
|  77|0x0000000084d00000, 0x0000000084e00000, 0x0000000084e00000|100%| O|  |TAMS 0x0000000084d00000| PB 0x0000000084d00000| Untracked 
|  78|0x0000000084e00000, 0x0000000084f00000, 0x0000000084f00000|100%| O|  |TAMS 0x0000000084e00000| PB 0x0000000084e00000| Untracked 
|  79|0x0000000084f00000, 0x0000000085000000, 0x0000000085000000|100%| O|  |TAMS 0x0000000084f00000| PB 0x0000000084f00000| Untracked 
|  80|0x0000000085000000, 0x0000000085100000, 0x0000000085100000|100%| O|  |TAMS 0x0000000085000000| PB 0x0000000085000000| Untracked 
|  81|0x0000000085100000, 0x0000000085200000, 0x0000000085200000|100%| O|  |TAMS 0x0000000085100000| PB 0x0000000085100000| Untracked 
|  82|0x0000000085200000, 0x0000000085300000, 0x0000000085300000|100%| O|  |TAMS 0x0000000085200000| PB 0x0000000085200000| Untracked 
|  83|0x0000000085300000, 0x0000000085359cf8, 0x0000000085400000| 35%| O|  |TAMS 0x0000000085300000| PB 0x0000000085300000| Untracked 
|  84|0x0000000085400000, 0x0000000085400000, 0x0000000085500000|  0%| F|  |TAMS 0x0000000085400000| PB 0x0000000085400000| Untracked 
|  85|0x0000000085500000, 0x0000000085500000, 0x0000000085600000|  0%| F|  |TAMS 0x0000000085500000| PB 0x0000000085500000| Untracked 
|  86|0x0000000085600000, 0x000000008568c9a0, 0x0000000085700000| 54%| S|CS|TAMS 0x0000000085600000| PB 0x0000000085600000| Complete 
|  87|0x0000000085700000, 0x0000000085800000, 0x0000000085800000|100%| S|CS|TAMS 0x0000000085700000| PB 0x0000000085700000| Complete 
|  88|0x0000000085800000, 0x0000000085900000, 0x0000000085900000|100%| S|CS|TAMS 0x0000000085800000| PB 0x0000000085800000| Complete 
|  89|0x0000000085900000, 0x0000000085a00000, 0x0000000085a00000|100%| S|CS|TAMS 0x0000000085900000| PB 0x0000000085900000| Complete 
|  90|0x0000000085a00000, 0x0000000085b00000, 0x0000000085b00000|100%| S|CS|TAMS 0x0000000085a00000| PB 0x0000000085a00000| Complete 
|  91|0x0000000085b00000, 0x0000000085b00000, 0x0000000085c00000|  0%| F|  |TAMS 0x0000000085b00000| PB 0x0000000085b00000| Untracked 
|  92|0x0000000085c00000, 0x0000000085c00000, 0x0000000085d00000|  0%| F|  |TAMS 0x0000000085c00000| PB 0x0000000085c00000| Untracked 
|  93|0x0000000085d00000, 0x0000000085d00000, 0x0000000085e00000|  0%| F|  |TAMS 0x0000000085d00000| PB 0x0000000085d00000| Untracked 
|  94|0x0000000085e00000, 0x0000000085e00000, 0x0000000085f00000|  0%| F|  |TAMS 0x0000000085e00000| PB 0x0000000085e00000| Untracked 
|  95|0x0000000085f00000, 0x0000000085f00000, 0x0000000086000000|  0%| F|  |TAMS 0x0000000085f00000| PB 0x0000000085f00000| Untracked 
|  96|0x0000000086000000, 0x0000000086000000, 0x0000000086100000|  0%| F|  |TAMS 0x0000000086000000| PB 0x0000000086000000| Untracked 
|  97|0x0000000086100000, 0x0000000086100000, 0x0000000086200000|  0%| F|  |TAMS 0x0000000086100000| PB 0x0000000086100000| Untracked 
|  98|0x0000000086200000, 0x0000000086200000, 0x0000000086300000|  0%| F|  |TAMS 0x0000000086200000| PB 0x0000000086200000| Untracked 
|  99|0x0000000086300000, 0x0000000086300000, 0x0000000086400000|  0%| F|  |TAMS 0x0000000086300000| PB 0x0000000086300000| Untracked 
| 100|0x0000000086400000, 0x0000000086400000, 0x0000000086500000|  0%| F|  |TAMS 0x0000000086400000| PB 0x0000000086400000| Untracked 
| 101|0x0000000086500000, 0x0000000086500000, 0x0000000086600000|  0%| F|  |TAMS 0x0000000086500000| PB 0x0000000086500000| Untracked 
| 102|0x0000000086600000, 0x0000000086600000, 0x0000000086700000|  0%| F|  |TAMS 0x0000000086600000| PB 0x0000000086600000| Untracked 
| 103|0x0000000086700000, 0x0000000086700000, 0x0000000086800000|  0%| F|  |TAMS 0x0000000086700000| PB 0x0000000086700000| Untracked 
| 104|0x0000000086800000, 0x0000000086800000, 0x0000000086900000|  0%| F|  |TAMS 0x0000000086800000| PB 0x0000000086800000| Untracked 
| 105|0x0000000086900000, 0x0000000086900000, 0x0000000086a00000|  0%| F|  |TAMS 0x0000000086900000| PB 0x0000000086900000| Untracked 
| 106|0x0000000086a00000, 0x0000000086a00000, 0x0000000086b00000|  0%| F|  |TAMS 0x0000000086a00000| PB 0x0000000086a00000| Untracked 
| 107|0x0000000086b00000, 0x0000000086b00000, 0x0000000086c00000|  0%| F|  |TAMS 0x0000000086b00000| PB 0x0000000086b00000| Untracked 
| 108|0x0000000086c00000, 0x0000000086c00000, 0x0000000086d00000|  0%| F|  |TAMS 0x0000000086c00000| PB 0x0000000086c00000| Untracked 
| 109|0x0000000086d00000, 0x0000000086d00000, 0x0000000086e00000|  0%| F|  |TAMS 0x0000000086d00000| PB 0x0000000086d00000| Untracked 
| 110|0x0000000086e00000, 0x0000000086e00000, 0x0000000086f00000|  0%| F|  |TAMS 0x0000000086e00000| PB 0x0000000086e00000| Untracked 
| 111|0x0000000086f00000, 0x0000000086f00000, 0x0000000087000000|  0%| F|  |TAMS 0x0000000086f00000| PB 0x0000000086f00000| Untracked 
| 112|0x0000000087000000, 0x0000000087000000, 0x0000000087100000|  0%| F|  |TAMS 0x0000000087000000| PB 0x0000000087000000| Untracked 
| 113|0x0000000087100000, 0x0000000087100000, 0x0000000087200000|  0%| F|  |TAMS 0x0000000087100000| PB 0x0000000087100000| Untracked 
| 114|0x0000000087200000, 0x0000000087200000, 0x0000000087300000|  0%| F|  |TAMS 0x0000000087200000| PB 0x0000000087200000| Untracked 
| 115|0x0000000087300000, 0x0000000087300000, 0x0000000087400000|  0%| F|  |TAMS 0x0000000087300000| PB 0x0000000087300000| Untracked 
| 116|0x0000000087400000, 0x0000000087400000, 0x0000000087500000|  0%| F|  |TAMS 0x0000000087400000| PB 0x0000000087400000| Untracked 
| 117|0x0000000087500000, 0x0000000087500000, 0x0000000087600000|  0%| F|  |TAMS 0x0000000087500000| PB 0x0000000087500000| Untracked 
| 118|0x0000000087600000, 0x0000000087600000, 0x0000000087700000|  0%| F|  |TAMS 0x0000000087600000| PB 0x0000000087600000| Untracked 
| 119|0x0000000087700000, 0x0000000087700000, 0x0000000087800000|  0%| F|  |TAMS 0x0000000087700000| PB 0x0000000087700000| Untracked 
| 120|0x0000000087800000, 0x0000000087800000, 0x0000000087900000|  0%| F|  |TAMS 0x0000000087800000| PB 0x0000000087800000| Untracked 
| 121|0x0000000087900000, 0x0000000087900000, 0x0000000087a00000|  0%| F|  |TAMS 0x0000000087900000| PB 0x0000000087900000| Untracked 
| 122|0x0000000087a00000, 0x0000000087a00000, 0x0000000087b00000|  0%| F|  |TAMS 0x0000000087a00000| PB 0x0000000087a00000| Untracked 
| 123|0x0000000087b00000, 0x0000000087b00000, 0x0000000087c00000|  0%| F|  |TAMS 0x0000000087b00000| PB 0x0000000087b00000| Untracked 
| 124|0x0000000087c00000, 0x0000000087c00000, 0x0000000087d00000|  0%| F|  |TAMS 0x0000000087c00000| PB 0x0000000087c00000| Untracked 
| 125|0x0000000087d00000, 0x0000000087d00000, 0x0000000087e00000|  0%| F|  |TAMS 0x0000000087d00000| PB 0x0000000087d00000| Untracked 
| 126|0x0000000087e00000, 0x0000000087e00000, 0x0000000087f00000|  0%| F|  |TAMS 0x0000000087e00000| PB 0x0000000087e00000| Untracked 
| 127|0x0000000087f00000, 0x0000000087f00000, 0x0000000088000000|  0%| F|  |TAMS 0x0000000087f00000| PB 0x0000000087f00000| Untracked 
| 128|0x0000000088000000, 0x0000000088000000, 0x0000000088100000|  0%| F|  |TAMS 0x0000000088000000| PB 0x0000000088000000| Untracked 
| 129|0x0000000088100000, 0x0000000088100000, 0x0000000088200000|  0%| F|  |TAMS 0x0000000088100000| PB 0x0000000088100000| Untracked 
| 130|0x0000000088200000, 0x0000000088200000, 0x0000000088300000|  0%| F|  |TAMS 0x0000000088200000| PB 0x0000000088200000| Untracked 
| 131|0x0000000088300000, 0x0000000088300000, 0x0000000088400000|  0%| F|  |TAMS 0x0000000088300000| PB 0x0000000088300000| Untracked 
| 132|0x0000000088400000, 0x0000000088400000, 0x0000000088500000|  0%| F|  |TAMS 0x0000000088400000| PB 0x0000000088400000| Untracked 
| 133|0x0000000088500000, 0x0000000088500000, 0x0000000088600000|  0%| F|  |TAMS 0x0000000088500000| PB 0x0000000088500000| Untracked 
| 134|0x0000000088600000, 0x0000000088600000, 0x0000000088700000|  0%| F|  |TAMS 0x0000000088600000| PB 0x0000000088600000| Untracked 
| 135|0x0000000088700000, 0x0000000088700000, 0x0000000088800000|  0%| F|  |TAMS 0x0000000088700000| PB 0x0000000088700000| Untracked 
| 136|0x0000000088800000, 0x0000000088800000, 0x0000000088900000|  0%| F|  |TAMS 0x0000000088800000| PB 0x0000000088800000| Untracked 
|2045|0x00000000ffd00000, 0x00000000ffe00000, 0x00000000ffe00000|100%| O|  |TAMS 0x00000000ffd00000| PB 0x00000000ffd00000| Untracked 
|2046|0x00000000ffe00000, 0x00000000ffe00000, 0x00000000fff00000|  0%| F|  |TAMS 0x00000000ffe00000| PB 0x00000000ffe00000| Untracked 
|2047|0x00000000fff00000, 0x00000000fff00000, 0x0000000100000000|  0%| F|  |TAMS 0x00000000fff00000| PB 0x00000000fff00000| Untracked 

Card table byte_map: [0x000002ea138a0000,0x000002ea13ca0000] _byte_map_base: 0x000002ea134a0000

Marking Bits: (CMBitMap*) 0x000002ea7ed4e610
 Bits: [0x000002ea13ca0000, 0x000002ea15ca0000)

Polling page: 0x000002ea7f290000

Metaspace:

Usage:
  Non-class:     90.37 MB used.
      Class:     14.81 MB used.
       Both:    105.18 MB used.

Virtual space:
  Non-class space:      128.00 MB reserved,      91.38 MB ( 71%) committed,  2 nodes.
      Class space:        1.00 GB reserved,      15.81 MB (  2%) committed,  1 nodes.
             Both:        1.12 GB reserved,     107.19 MB (  9%) committed. 

Chunk freelists:
   Non-Class:  3.81 MB
       Class:  5.00 KB
        Both:  3.82 MB

MaxMetaspaceSize: unlimited
CompressedClassSpaceSize: 1.00 GB
Initial GC threshold: 21.00 MB
Current GC threshold: 168.75 MB
CDS: off
 - commit_granule_bytes: 65536.
 - commit_granule_words: 8192.
 - virtual_space_node_default_size: 8388608.
 - enlarge_chunks_in_place: 1.
 - use_allocation_guard: 0.


Internal statistics:

num_allocs_failed_limit: 6.
num_arena_births: 4144.
num_arena_deaths: 0.
num_vsnodes_births: 3.
num_vsnodes_deaths: 0.
num_space_committed: 1715.
num_space_uncommitted: 0.
num_chunks_returned_to_freelist: 6.
num_chunks_taken_from_freelist: 8680.
num_chunk_merges: 6.
num_chunk_splits: 5721.
num_chunks_enlarged: 3611.
num_inconsistent_stats: 0.

CodeHeap 'non-profiled nmethods': size=120000Kb used=5848Kb max_used=5848Kb free=114151Kb
 bounds [0x000002ea0bf70000, 0x000002ea0c530000, 0x000002ea134a0000]
CodeHeap 'profiled nmethods': size=120000Kb used=17626Kb max_used=17626Kb free=102373Kb
 bounds [0x000002ea044a0000, 0x000002ea055e0000, 0x000002ea0b9d0000]
CodeHeap 'non-nmethods': size=5760Kb used=2867Kb max_used=2987Kb free=2892Kb
 bounds [0x000002ea0b9d0000, 0x000002ea0bce0000, 0x000002ea0bf70000]
CodeCache: size=245760Kb, used=26341Kb, max_used=26461Kb, free=219416Kb
 total_blobs=10553, nmethods=9568, adapters=889, full_count=0
Compilation: enabled, stopped_count=0, restarted_count=0

Compilation events (20 events):
Event: 29.887 Thread 0x000002ea187a0b10 nmethod 11258 0x000002ea055cf310 code [0x000002ea055cf6e0, 0x000002ea055d10f8]
Event: 29.889 Thread 0x000002ea187a0b10 11259       3       com.google.common.base.Joiner::toString (24 bytes)
Event: 29.890 Thread 0x000002ea187a0b10 nmethod 11259 0x000002ea055d1890 code [0x000002ea055d1a80, 0x000002ea055d1ff0]
Event: 29.890 Thread 0x000002ea187a0b10 11260       3       org.gradle.execution.plan.NodeComparator::compare (13 bytes)
Event: 29.891 Thread 0x000002ea187a0b10 nmethod 11260 0x000002ea055d2190 code [0x000002ea055d2360, 0x000002ea055d2678]
Event: 29.891 Thread 0x000002ea187a0b10 11261       3       org.gradle.execution.plan.NodeComparator::compare (204 bytes)
Event: 29.892 Thread 0x000002ea187a0b10 nmethod 11261 0x000002ea055d2790 code [0x000002ea055d2b80, 0x000002ea055d4e60]
Event: 29.892 Thread 0x000002ea187a0b10 11262       3       org.gradle.api.internal.tasks.DefaultTaskDependency$TaskDependencySet::<init> (5 bytes)
Event: 29.892 Thread 0x000002ea187a0b10 nmethod 11262 0x000002ea055d5410 code [0x000002ea055d5600, 0x000002ea055d5bd0]
Event: 29.892 Thread 0x000002ea187a0b10 11264       1       org.gradle.api.internal.tasks.DefaultTaskInputs::access$100 (5 bytes)
Event: 29.892 Thread 0x000002ea187a0b10 nmethod 11264 0x000002ea0c524490 code [0x000002ea0c524620, 0x000002ea0c5246d0]
Event: 29.892 Thread 0x000002ea187a0b10 11263       3       org.gradle.api.internal.tasks.DefaultTaskDependency$TaskDependencySet::<init> (16 bytes)
Event: 29.893 Thread 0x000002ea187a0b10 nmethod 11263 0x000002ea055d5e10 code [0x000002ea055d6000, 0x000002ea055d6578]
Event: 29.893 Thread 0x000002ea187a0b10 11265       3       org.gradle.api.internal.provider.ValueSupplier$ValueProducer::unknown (4 bytes)
Event: 29.893 Thread 0x000002ea187a0b10 nmethod 11265 0x000002ea055d6790 code [0x000002ea055d6920, 0x000002ea055d6a18]
Event: 29.893 Thread 0x000002ea187a0b10 11266       3       org.gradle.api.internal.tasks.DefaultTaskDependency::visitDependencies (737 bytes)
Event: 29.893 Thread 0x000002ea1fcc7350 nmethod 11242 0x000002ea0c524790 code [0x000002ea0c5249e0, 0x000002ea0c525650]
Event: 29.894 Thread 0x000002ea1fcc7350 11252       4       com.google.common.collect.ImmutableMap$Builder::buildOrThrow (6 bytes)
Event: 29.894 Thread 0x000002ea1fcc7350 nmethod 11252 0x000002ea0c525d90 code [0x000002ea0c525f20, 0x000002ea0c525fd8]
Event: 29.894 Thread 0x000002ea1fcc7350 11241       4       com.google.common.collect.ImmutableSet$RegularSetBuilderImpl::build (110 bytes)

GC Heap History (20 events):
Event: 19.179 GC heap after
{Heap after GC invocations=31 (full 0):
 garbage-first heap   total 110592K, used 66670K [0x0000000080000000, 0x0000000100000000)
  region size 1024K, 6 young (6144K), 6 survivors (6144K)
 Metaspace       used 75257K, committed 76992K, reserved 1179648K
  class space    used 10548K, committed 11392K, reserved 1048576K
}
Event: 20.404 GC heap before
{Heap before GC invocations=31 (full 0):
 garbage-first heap   total 110592K, used 97390K [0x0000000080000000, 0x0000000100000000)
  region size 1024K, 36 young (36864K), 6 survivors (6144K)
 Metaspace       used 78644K, committed 80384K, reserved 1179648K
  class space    used 10920K, committed 11776K, reserved 1048576K
}
Event: 20.417 GC heap after
{Heap after GC invocations=32 (full 0):
 garbage-first heap   total 110592K, used 67354K [0x0000000080000000, 0x0000000100000000)
  region size 1024K, 1 young (1024K), 1 survivors (1024K)
 Metaspace       used 78644K, committed 80384K, reserved 1179648K
  class space    used 10920K, committed 11776K, reserved 1048576K
}
Event: 21.378 GC heap before
{Heap before GC invocations=32 (full 0):
 garbage-first heap   total 110592K, used 98074K [0x0000000080000000, 0x0000000100000000)
  region size 1024K, 32 young (32768K), 1 survivors (1024K)
 Metaspace       used 81937K, committed 83712K, reserved 1179648K
  class space    used 11305K, committed 12160K, reserved 1048576K
}
Event: 21.384 GC heap after
{Heap after GC invocations=33 (full 0):
 garbage-first heap   total 133120K, used 68188K [0x0000000080000000, 0x0000000100000000)
  region size 1024K, 2 young (2048K), 2 survivors (2048K)
 Metaspace       used 81937K, committed 83712K, reserved 1179648K
  class space    used 11305K, committed 12160K, reserved 1048576K
}
Event: 22.216 GC heap before
{Heap before GC invocations=34 (full 0):
 garbage-first heap   total 133120K, used 119388K [0x0000000080000000, 0x0000000100000000)
  region size 1024K, 48 young (49152K), 2 survivors (2048K)
 Metaspace       used 85905K, committed 87808K, reserved 1179648K
  class space    used 11891K, committed 12800K, reserved 1048576K
}
Event: 22.224 GC heap after
{Heap after GC invocations=35 (full 0):
 garbage-first heap   total 133120K, used 74049K [0x0000000080000000, 0x0000000100000000)
  region size 1024K, 6 young (6144K), 6 survivors (6144K)
 Metaspace       used 85905K, committed 87808K, reserved 1179648K
  class space    used 11891K, committed 12800K, reserved 1048576K
}
Event: 23.280 GC heap before
{Heap before GC invocations=35 (full 0):
 garbage-first heap   total 133120K, used 116033K [0x0000000080000000, 0x0000000100000000)
  region size 1024K, 47 young (48128K), 6 survivors (6144K)
 Metaspace       used 89131K, committed 90944K, reserved 1179648K
  class space    used 12305K, committed 13184K, reserved 1048576K
}
Event: 23.298 GC heap after
{Heap after GC invocations=36 (full 0):
 garbage-first heap   total 133120K, used 76540K [0x0000000080000000, 0x0000000100000000)
  region size 1024K, 3 young (3072K), 3 survivors (3072K)
 Metaspace       used 89131K, committed 90944K, reserved 1179648K
  class space    used 12305K, committed 13184K, reserved 1048576K
}
Event: 24.530 GC heap before
{Heap before GC invocations=36 (full 0):
 garbage-first heap   total 133120K, used 117500K [0x0000000080000000, 0x0000000100000000)
  region size 1024K, 44 young (45056K), 3 survivors (3072K)
 Metaspace       used 91837K, committed 93760K, reserved 1179648K
  class space    used 12654K, committed 13568K, reserved 1048576K
}
Event: 24.546 GC heap after
{Heap after GC invocations=37 (full 0):
 garbage-first heap   total 133120K, used 80170K [0x0000000080000000, 0x0000000100000000)
  region size 1024K, 6 young (6144K), 6 survivors (6144K)
 Metaspace       used 91837K, committed 93760K, reserved 1179648K
  class space    used 12654K, committed 13568K, reserved 1048576K
}
Event: 25.208 GC heap before
{Heap before GC invocations=38 (full 0):
 garbage-first heap   total 135168K, used 118058K [0x0000000080000000, 0x0000000100000000)
  region size 1024K, 43 young (44032K), 6 survivors (6144K)
 Metaspace       used 94619K, committed 96512K, reserved 1179648K
  class space    used 13083K, committed 14016K, reserved 1048576K
}
Event: 25.215 GC heap after
{Heap after GC invocations=39 (full 0):
 garbage-first heap   total 135168K, used 82044K [0x0000000080000000, 0x0000000100000000)
  region size 1024K, 2 young (2048K), 2 survivors (2048K)
 Metaspace       used 94619K, committed 96512K, reserved 1179648K
  class space    used 13083K, committed 14016K, reserved 1048576K
}
Event: 26.803 GC heap before
{Heap before GC invocations=39 (full 0):
 garbage-first heap   total 135168K, used 123004K [0x0000000080000000, 0x0000000100000000)
  region size 1024K, 42 young (43008K), 2 survivors (2048K)
 Metaspace       used 98038K, committed 100096K, reserved 1179648K
  class space    used 13714K, committed 14720K, reserved 1048576K
}
Event: 26.816 GC heap after
{Heap after GC invocations=40 (full 0):
 garbage-first heap   total 135168K, used 82256K [0x0000000080000000, 0x0000000100000000)
  region size 1024K, 4 young (4096K), 4 survivors (4096K)
 Metaspace       used 98038K, committed 100096K, reserved 1179648K
  class space    used 13714K, committed 14720K, reserved 1048576K
}
Event: 27.902 GC heap before
{Heap before GC invocations=40 (full 0):
 garbage-first heap   total 135168K, used 121168K [0x0000000080000000, 0x0000000100000000)
  region size 1024K, 42 young (43008K), 4 survivors (4096K)
 Metaspace       used 101217K, committed 103296K, reserved 1179648K
  class space    used 14170K, committed 15168K, reserved 1048576K
}
Event: 27.910 GC heap after
{Heap after GC invocations=41 (full 0):
 garbage-first heap   total 135168K, used 84510K [0x0000000080000000, 0x0000000100000000)
  region size 1024K, 6 young (6144K), 6 survivors (6144K)
 Metaspace       used 101217K, committed 103296K, reserved 1179648K
  class space    used 14170K, committed 15168K, reserved 1048576K
}
Event: 28.651 GC heap before
{Heap before GC invocations=42 (full 0):
 garbage-first heap   total 143360K, used 120350K [0x0000000080000000, 0x0000000100000000)
  region size 1024K, 41 young (41984K), 6 survivors (6144K)
 Metaspace       used 103790K, committed 105984K, reserved 1179648K
  class space    used 14600K, committed 15680K, reserved 1048576K
}
Event: 28.662 GC heap after
{Heap after GC invocations=43 (full 0):
 garbage-first heap   total 143360K, used 86262K [0x0000000080000000, 0x0000000100000000)
  region size 1024K, 4 young (4096K), 4 survivors (4096K)
 Metaspace       used 103790K, committed 105984K, reserved 1179648K
  class space    used 14600K, committed 15680K, reserved 1048576K
}
Event: 29.895 GC heap before
{Heap before GC invocations=43 (full 0):
 garbage-first heap   total 143360K, used 131318K [0x0000000080000000, 0x0000000100000000)
  region size 1024K, 48 young (49152K), 4 survivors (4096K)
 Metaspace       used 107706K, committed 109760K, reserved 1179648K
  class space    used 15166K, committed 16192K, reserved 1048576K
}

Dll operation events (3 events):
Event: 0.033 Loaded shared library C:\Program Files\Common Files\Android\Android Studio\jbr\bin\java.dll
Event: 0.057 Loaded shared library C:\Program Files\Common Files\Android\Android Studio\jbr\bin\zip.dll
Event: 1.675 Loaded shared library C:\Program Files\Common Files\Android\Android Studio\jbr\bin\verify.dll

Deoptimization events (20 events):
Event: 29.721 Thread 0x000002ea18b1c1b0 Uncommon trap: trap_request=0xffffffd6 fr.pc=0x000002ea0c517b30 relative=0x00000000000009d0
Event: 29.721 Thread 0x000002ea18b1c1b0 Uncommon trap: reason=array_check action=maybe_recompile pc=0x000002ea0c517b30 method=java.util.TimSort.binarySort([Ljava/lang/Object;IIILjava/util/Comparator;)V @ 183 c2
Event: 29.721 Thread 0x000002ea18b1c1b0 DEOPT PACKING pc=0x000002ea0c517b30 sp=0x000000ebf12f8fe0
Event: 29.721 Thread 0x000002ea18b1c1b0 DEOPT UNPACKING pc=0x000002ea0ba246a2 sp=0x000000ebf12f8f78 mode 2
Event: 29.760 Thread 0x000002ea18b1c1b0 Uncommon trap: trap_request=0xffffffd6 fr.pc=0x000002ea0c51ae6c relative=0x000000000000090c
Event: 29.760 Thread 0x000002ea18b1c1b0 Uncommon trap: reason=array_check action=maybe_recompile pc=0x000002ea0c51ae6c method=java.util.TimSort.binarySort([Ljava/lang/Object;IIILjava/util/Comparator;)V @ 193 c2
Event: 29.760 Thread 0x000002ea18b1c1b0 DEOPT PACKING pc=0x000002ea0c51ae6c sp=0x000000ebf12f9350
Event: 29.760 Thread 0x000002ea18b1c1b0 DEOPT UNPACKING pc=0x000002ea0ba246a2 sp=0x000000ebf12f9308 mode 2
Event: 29.761 Thread 0x000002ea18b1c1b0 Uncommon trap: trap_request=0xffffffd6 fr.pc=0x000002ea0c51ae6c relative=0x000000000000090c
Event: 29.761 Thread 0x000002ea18b1c1b0 Uncommon trap: reason=array_check action=maybe_recompile pc=0x000002ea0c51ae6c method=java.util.TimSort.binarySort([Ljava/lang/Object;IIILjava/util/Comparator;)V @ 193 c2
Event: 29.761 Thread 0x000002ea18b1c1b0 DEOPT PACKING pc=0x000002ea0c51ae6c sp=0x000000ebf12f9350
Event: 29.761 Thread 0x000002ea18b1c1b0 DEOPT UNPACKING pc=0x000002ea0ba246a2 sp=0x000000ebf12f9308 mode 2
Event: 29.833 Thread 0x000002ea18b1c1b0 Uncommon trap: trap_request=0xffffffde fr.pc=0x000002ea0c009be8 relative=0x0000000000000308
Event: 29.833 Thread 0x000002ea18b1c1b0 Uncommon trap: reason=class_check action=maybe_recompile pc=0x000002ea0c009be8 method=com.google.common.collect.ComparatorOrdering.compare(Ljava/lang/Object;Ljava/lang/Object;)I @ 6 c2
Event: 29.833 Thread 0x000002ea18b1c1b0 DEOPT PACKING pc=0x000002ea0c009be8 sp=0x000000ebf12f8a60
Event: 29.833 Thread 0x000002ea18b1c1b0 DEOPT UNPACKING pc=0x000002ea0ba246a2 sp=0x000000ebf12f89d8 mode 2
Event: 29.833 Thread 0x000002ea18b1c1b0 Uncommon trap: trap_request=0xffffffde fr.pc=0x000002ea0c009be8 relative=0x0000000000000308
Event: 29.833 Thread 0x000002ea18b1c1b0 Uncommon trap: reason=class_check action=maybe_recompile pc=0x000002ea0c009be8 method=com.google.common.collect.ComparatorOrdering.compare(Ljava/lang/Object;Ljava/lang/Object;)I @ 6 c2
Event: 29.833 Thread 0x000002ea18b1c1b0 DEOPT PACKING pc=0x000002ea0c009be8 sp=0x000000ebf12f8a60
Event: 29.833 Thread 0x000002ea18b1c1b0 DEOPT UNPACKING pc=0x000002ea0ba246a2 sp=0x000000ebf12f89d8 mode 2

Classes loaded (20 events):
Event: 29.305 Loading class org/xml/sax/ext/Locator2 done
Event: 29.305 Loading class com/sun/org/apache/xerces/internal/parsers/AbstractSAXParser$LocatorProxy done
Event: 29.305 Loading class com/sun/org/apache/xerces/internal/impl/XMLScanner$NameType
Event: 29.306 Loading class com/sun/org/apache/xerces/internal/impl/XMLScanner$NameType done
Event: 29.308 Loading class com/sun/org/apache/xerces/internal/impl/Constants
Event: 29.311 Loading class com/sun/org/apache/xerces/internal/impl/Constants done
Event: 29.311 Loading class com/sun/org/apache/xerces/internal/impl/Constants$ArrayEnumeration
Event: 29.312 Loading class com/sun/org/apache/xerces/internal/impl/Constants$ArrayEnumeration done
Event: 29.315 Loading class org/xml/sax/helpers/AttributesImpl
Event: 29.316 Loading class org/xml/sax/helpers/AttributesImpl done
Event: 29.319 Loading class java/util/regex/Pattern$Behind
Event: 29.319 Loading class java/util/regex/Pattern$Behind done
Event: 29.320 Loading class java/util/regex/Pattern$Neg
Event: 29.320 Loading class java/util/regex/Pattern$Neg done
Event: 29.361 Loading class javax/xml/datatype/DatatypeConfigurationException
Event: 29.362 Loading class javax/xml/datatype/DatatypeConfigurationException done
Event: 29.370 Loading class com/sun/org/apache/xerces/internal/impl/io/MalformedByteSequenceException
Event: 29.371 Loading class java/io/CharConversionException
Event: 29.372 Loading class java/io/CharConversionException done
Event: 29.372 Loading class com/sun/org/apache/xerces/internal/impl/io/MalformedByteSequenceException done

Classes unloaded (0 events):
No events

Classes redefined (0 events):
No events

Internal exceptions (20 events):
Event: 26.844 Thread 0x000002ea18b1c1b0 Exception <a 'java/lang/NoSuchMethodError'{0x00000000fff93968}: 'java.lang.Object java.lang.invoke.Invokers$Holder.invokeExact_MT(java.lang.Object, java.lang.Object, java.lang.Object, int, java.lang.Object, java.lang.Object)'> (0x00000000fff93968) 
thrown [s\src\hotspot\share\interpreter\linkResolver.cpp, line 784]
Event: 27.477 Thread 0x000002ea18b1c1b0 Exception <a 'java/lang/ClassNotFoundException'{0x00000000870194b0}: com/android/build/gradle/internal/api/ApkVariantOutputImpl_DecoratedBeanInfo> (0x00000000870194b0) 
thrown [s\src\hotspot\share\classfile\systemDictionary.cpp, line 312]
Event: 27.478 Thread 0x000002ea18b1c1b0 Exception <a 'java/lang/ClassNotFoundException'{0x0000000087027568}: com/android/build/gradle/internal/api/ApkVariantOutputImplBeanInfo> (0x0000000087027568) 
thrown [s\src\hotspot\share\classfile\systemDictionary.cpp, line 312]
Event: 27.480 Thread 0x000002ea18b1c1b0 Exception <a 'java/lang/ClassNotFoundException'{0x0000000087035648}: com/android/build/gradle/internal/api/BaseVariantOutputImplBeanInfo> (0x0000000087035648) 
thrown [s\src\hotspot\share\classfile\systemDictionary.cpp, line 312]
Event: 27.482 Thread 0x000002ea18b1c1b0 Exception <a 'java/lang/ClassNotFoundException'{0x00000000870439b8}: com/android/build/gradle/internal/api/BaseVariantOutputImplCustomizer> (0x00000000870439b8) 
thrown [s\src\hotspot\share\classfile\systemDictionary.cpp, line 312]
Event: 27.487 Thread 0x000002ea18b1c1b0 Exception <a 'java/lang/ClassNotFoundException'{0x00000000870641d0}: com/android/build/gradle/internal/api/ApkVariantOutputImplCustomizer> (0x00000000870641d0) 
thrown [s\src\hotspot\share\classfile\systemDictionary.cpp, line 312]
Event: 27.491 Thread 0x000002ea18b1c1b0 Exception <a 'java/lang/ClassNotFoundException'{0x000000008707f5e8}: com/android/build/gradle/internal/api/ApkVariantOutputImpl_DecoratedCustomizer> (0x000000008707f5e8) 
thrown [s\src\hotspot\share\classfile\systemDictionary.cpp, line 312]
Event: 27.523 Thread 0x000002ea18b1c1b0 Exception <a 'java/lang/NoClassDefFoundError'{0x0000000086f92b28}: org/jetbrains/kotlin/gradle/plugin/KotlinBasePluginWrapper> (0x0000000086f92b28) 
thrown [s\src\hotspot\share\oops\constantPool.cpp, line 874]
Event: 27.736 Thread 0x000002ea18b1c1b0 Implicit null exception at 0x000002ea0c185e7c to 0x000002ea0c185ea8
Event: 27.845 Thread 0x000002ea18b1c1b0 Exception <a 'java/lang/NoSuchMethodError'{0x0000000086053ba8}: 'java.lang.Object java.lang.invoke.DirectMethodHandle$Holder.newInvokeSpecial(java.lang.Object, java.lang.Object, java.lang.Object, java.lang.Object, java.lang.Object, java.lang.Object, int)'> (0x0000000086053ba8) 
thrown [s\src\hotspot\share\interpreter\linkResolver.cpp, line 784]
Event: 27.845 Thread 0x000002ea18b1c1b0 Exception <a 'java/lang/NoSuchMethodError'{0x0000000086058b98}: 'java.lang.Object java.lang.invoke.DirectMethodHandle$Holder.invokeSpecial(java.lang.Object, java.lang.Object, java.lang.Object, java.lang.Object, java.lang.Object, java.lang.Object, java.lang.Object, int)'> (0x0000000086058b98) 
thrown [s\src\hotspot\share\interpreter\linkResolver.cpp, line 784]
Event: 27.845 Thread 0x000002ea18b1c1b0 Exception <a 'java/lang/NoSuchMethodError'{0x000000008605d510}: 'java.lang.Object java.lang.invoke.Invokers$Holder.linkToTargetMethod(java.lang.Object, java.lang.Object, java.lang.Object, java.lang.Object, java.lang.Object, int, java.lang.Object)'> (0x000000008605d510) 
thrown [s\src\hotspot\share\interpreter\linkResolver.cpp, line 784]
Event: 28.051 Thread 0x000002ea18b1c1b0 Implicit null exception at 0x000002ea0c015cef to 0x000002ea0c0175b4
Event: 28.144 Thread 0x000002ea18b1c1b0 Exception <a 'java/lang/IncompatibleClassChangeError'{0x0000000088281868}: Found class java.lang.Object, but interface was expected> (0x0000000088281868) 
thrown [s\src\hotspot\share\interpreter\linkResolver.cpp, line 851]
Event: 28.308 Thread 0x000002ea18b1c1b0 Exception <a 'sun/nio/fs/WindowsException'{0x0000000087590410}> (0x0000000087590410) 
thrown [s\src\hotspot\share\prims\jni.cpp, line 537]
Event: 28.308 Thread 0x000002ea18b1c1b0 Exception <a 'sun/nio/fs/WindowsException'{0x0000000087591a40}> (0x0000000087591a40) 
thrown [s\src\hotspot\share\prims\jni.cpp, line 537]
Event: 28.308 Thread 0x000002ea18b1c1b0 Exception <a 'sun/nio/fs/WindowsException'{0x00000000875930c0}> (0x00000000875930c0) 
thrown [s\src\hotspot\share\prims\jni.cpp, line 537]
Event: 28.308 Thread 0x000002ea18b1c1b0 Exception <a 'sun/nio/fs/WindowsException'{0x0000000087594740}> (0x0000000087594740) 
thrown [s\src\hotspot\share\prims\jni.cpp, line 537]
Event: 28.616 Thread 0x000002ea18b1c1b0 Exception <a 'java/lang/NullPointerException'{0x00000000869900f8}> (0x00000000869900f8) 
thrown [s\src\hotspot\share\interpreter\linkResolver.cpp, line 1471]
Event: 29.487 Thread 0x000002ea18b1c1b0 Implicit null exception at 0x000002ea0c4f598c to 0x000002ea0c4fe948

ZGC Phase Switch (0 events):
No events

VM Operations (20 events):
Event: 27.855 Executing VM operation: ICBufferFull done
Event: 27.902 Executing VM operation: G1CollectForAllocation (G1 Evacuation Pause)
Event: 27.910 Executing VM operation: G1CollectForAllocation (G1 Evacuation Pause) done
Event: 27.980 Executing VM operation: HandshakeAllThreads (Deoptimize)
Event: 27.980 Executing VM operation: HandshakeAllThreads (Deoptimize) done
Event: 28.009 Executing VM operation: G1PauseRemark
Event: 28.015 Executing VM operation: G1PauseRemark done
Event: 28.068 Executing VM operation: G1PauseCleanup
Event: 28.068 Executing VM operation: G1PauseCleanup done
Event: 28.498 Executing VM operation: HandshakeAllThreads (Deoptimize)
Event: 28.498 Executing VM operation: HandshakeAllThreads (Deoptimize) done
Event: 28.651 Executing VM operation: G1CollectForAllocation (G1 Evacuation Pause)
Event: 28.662 Executing VM operation: G1CollectForAllocation (G1 Evacuation Pause) done
Event: 29.231 Executing VM operation: HandshakeAllThreads (Deoptimize)
Event: 29.231 Executing VM operation: HandshakeAllThreads (Deoptimize) done
Event: 29.382 Executing VM operation: HandshakeAllThreads (Deoptimize)
Event: 29.383 Executing VM operation: HandshakeAllThreads (Deoptimize) done
Event: 29.709 Executing VM operation: ICBufferFull
Event: 29.709 Executing VM operation: ICBufferFull done
Event: 29.895 Executing VM operation: G1CollectForAllocation (G1 Evacuation Pause)

Memory protections (0 events):
No events

Nmethod flushes (20 events):
Event: 28.013 Thread 0x000002ea185e7580 flushing  nmethod 0x000002ea0465e990
Event: 28.013 Thread 0x000002ea185e7580 flushing  nmethod 0x000002ea046e9890
Event: 28.013 Thread 0x000002ea185e7580 flushing  nmethod 0x000002ea0479c490
Event: 28.013 Thread 0x000002ea185e7580 flushing  nmethod 0x000002ea0479f910
Event: 28.013 Thread 0x000002ea185e7580 flushing  nmethod 0x000002ea0479ff10
Event: 28.013 Thread 0x000002ea185e7580 flushing  nmethod 0x000002ea04818d10
Event: 28.013 Thread 0x000002ea185e7580 flushing  nmethod 0x000002ea04861d10
Event: 28.013 Thread 0x000002ea185e7580 flushing  nmethod 0x000002ea04899690
Event: 28.013 Thread 0x000002ea185e7580 flushing  nmethod 0x000002ea04988790
Event: 28.013 Thread 0x000002ea185e7580 flushing  nmethod 0x000002ea04988c10
Event: 28.013 Thread 0x000002ea185e7580 flushing  nmethod 0x000002ea049d5610
Event: 28.013 Thread 0x000002ea185e7580 flushing  nmethod 0x000002ea04b23110
Event: 28.013 Thread 0x000002ea185e7580 flushing  nmethod 0x000002ea04b9e390
Event: 28.013 Thread 0x000002ea185e7580 flushing  nmethod 0x000002ea04c6ba10
Event: 28.013 Thread 0x000002ea185e7580 flushing  nmethod 0x000002ea04ca8d90
Event: 28.013 Thread 0x000002ea185e7580 flushing  nmethod 0x000002ea04cad910
Event: 28.013 Thread 0x000002ea185e7580 flushing  nmethod 0x000002ea04cdd110
Event: 28.013 Thread 0x000002ea185e7580 flushing  nmethod 0x000002ea04d35510
Event: 28.013 Thread 0x000002ea185e7580 flushing  nmethod 0x000002ea04d76790
Event: 28.013 Thread 0x000002ea185e7580 flushing  nmethod 0x000002ea04dbb210

Events (20 events):
Event: 17.136 Thread 0x000002ea18b1c1b0 Thread added: 0x000002ea1dee1ae0
Event: 17.137 Thread 0x000002ea18b1c1b0 Thread added: 0x000002ea22a3f510
Event: 17.138 Thread 0x000002ea18b1c1b0 Thread added: 0x000002ea22a42300
Event: 17.138 Thread 0x000002ea18b1c1b0 Thread added: 0x000002ea22a40230
Event: 17.139 Thread 0x000002ea18b1c1b0 Thread added: 0x000002ea22a3ba00
Event: 18.507 Thread 0x000002ea1d7c30d0 Thread exited: 0x000002ea1d7c30d0
Event: 19.034 Thread 0x000002ea1ea66a00 Thread exited: 0x000002ea1ea66a00
Event: 20.511 Thread 0x000002ea18b1c1b0 Thread added: 0x000002ea22a40f50
Event: 20.970 Thread 0x000002ea187a0b10 Thread added: 0x000002ea1fcc65b0
Event: 21.543 Thread 0x000002ea18b1c1b0 Thread added: 0x000002ea22a3d440
Event: 21.719 Thread 0x000002ea187a0b10 Thread added: 0x000002ea1fcc80f0
Event: 23.278 Thread 0x000002ea1fcc80f0 Thread exited: 0x000002ea1fcc80f0
Event: 23.278 Thread 0x000002ea1fcc65b0 Thread exited: 0x000002ea1fcc65b0
Event: 23.711 Thread 0x000002ea187a0b10 Thread added: 0x000002ea1fcc7350
Event: 25.456 Thread 0x000002ea1fcc7350 Thread exited: 0x000002ea1fcc7350
Event: 27.723 Thread 0x000002ea187a0b10 Thread added: 0x000002ea1fcc7350
Event: 27.994 Thread 0x000002ea187a0b10 Thread added: 0x000002ea1fcc7a20
Event: 29.287 Thread 0x000002ea1fcc7a20 Thread exited: 0x000002ea1fcc7a20
Event: 29.287 Thread 0x000002ea1fcc7350 Thread exited: 0x000002ea1fcc7350
Event: 29.334 Thread 0x000002ea187a0b10 Thread added: 0x000002ea1fcc7350


Dynamic libraries:
0x00007ff7e6600000 - 0x00007ff7e660a000 	C:\Program Files\Common Files\Android\Android Studio\jbr\bin\java.exe
0x00007ffdd5d30000 - 0x00007ffdd5f28000 	C:\Windows\SYSTEM32\ntdll.dll
0x00007ffdd5950000 - 0x00007ffdd5a12000 	C:\Windows\System32\KERNEL32.DLL
0x00007ffdd3680000 - 0x00007ffdd3976000 	C:\Windows\System32\KERNELBASE.dll
0x00007ffdd3be0000 - 0x00007ffdd3ce0000 	C:\Windows\System32\ucrtbase.dll
0x00007ffdc6d30000 - 0x00007ffdc6d4b000 	C:\Program Files\Common Files\Android\Android Studio\jbr\bin\VCRUNTIME140.dll
0x00007ffdb7fc0000 - 0x00007ffdb7fd8000 	C:\Program Files\Common Files\Android\Android Studio\jbr\bin\jli.dll
0x00007ffdd42b0000 - 0x00007ffdd444d000 	C:\Windows\System32\USER32.dll
0x00007ffdd3650000 - 0x00007ffdd3672000 	C:\Windows\System32\win32u.dll
0x00007ffdbe710000 - 0x00007ffdbe9aa000 	C:\Windows\WinSxS\amd64_microsoft.windows.common-controls_6595b64144ccf1df_6.0.19041.5794_none_60bcd33171f2783c\COMCTL32.dll
0x00007ffdd45c0000 - 0x00007ffdd45eb000 	C:\Windows\System32\GDI32.dll
0x00007ffdd3e10000 - 0x00007ffdd3eae000 	C:\Windows\System32\msvcrt.dll
0x00007ffdd33d0000 - 0x00007ffdd34ea000 	C:\Windows\System32\gdi32full.dll
0x00007ffdd3980000 - 0x00007ffdd3a1d000 	C:\Windows\System32\msvcp_win.dll
0x00007ffdd3eb0000 - 0x00007ffdd3edf000 	C:\Windows\System32\IMM32.DLL
0x00007ffdbb270000 - 0x00007ffdbb27c000 	C:\Program Files\Common Files\Android\Android Studio\jbr\bin\vcruntime140_1.dll
0x00007ffda19b0000 - 0x00007ffda1a3d000 	C:\Program Files\Common Files\Android\Android Studio\jbr\bin\msvcp140.dll
0x00007ffda5840000 - 0x00007ffda64d6000 	C:\Program Files\Common Files\Android\Android Studio\jbr\bin\server\jvm.dll
0x00007ffdd5390000 - 0x00007ffdd543f000 	C:\Windows\System32\ADVAPI32.dll
0x00007ffdd5440000 - 0x00007ffdd54df000 	C:\Windows\System32\sechost.dll
0x00007ffdd5ae0000 - 0x00007ffdd5c03000 	C:\Windows\System32\RPCRT4.dll
0x00007ffdd3ce0000 - 0x00007ffdd3d07000 	C:\Windows\System32\bcrypt.dll
0x00007ffdd4240000 - 0x00007ffdd42ab000 	C:\Windows\System32\WS2_32.dll
0x00007ffdd2910000 - 0x00007ffdd295b000 	C:\Windows\SYSTEM32\POWRPROF.dll
0x00007ffdbd910000 - 0x00007ffdbd937000 	C:\Windows\SYSTEM32\WINMM.dll
0x00007ffdcbcb0000 - 0x00007ffdcbcba000 	C:\Windows\SYSTEM32\VERSION.dll
0x00007ffdd27d0000 - 0x00007ffdd27e2000 	C:\Windows\SYSTEM32\UMPDC.dll
0x00007ffdd1c40000 - 0x00007ffdd1c52000 	C:\Windows\SYSTEM32\kernel.appcore.dll
0x00007ffdbaa00000 - 0x00007ffdbaa0a000 	C:\Program Files\Common Files\Android\Android Studio\jbr\bin\jimage.dll
0x00007ffdcdf90000 - 0x00007ffdce191000 	C:\Windows\SYSTEM32\DBGHELP.DLL
0x00007ffdae2f0000 - 0x00007ffdae324000 	C:\Windows\SYSTEM32\dbgcore.DLL
0x00007ffdd3aa0000 - 0x00007ffdd3b22000 	C:\Windows\System32\bcryptPrimitives.dll
0x00007ffdbaf30000 - 0x00007ffdbaf3e000 	C:\Program Files\Common Files\Android\Android Studio\jbr\bin\instrument.dll
0x00007ffda6e80000 - 0x00007ffda6ea0000 	C:\Program Files\Common Files\Android\Android Studio\jbr\bin\java.dll
0x00007ffda6e60000 - 0x00007ffda6e78000 	C:\Program Files\Common Files\Android\Android Studio\jbr\bin\zip.dll
0x00007ffdd4c10000 - 0x00007ffdd537e000 	C:\Windows\System32\SHELL32.dll
0x00007ffdce2f0000 - 0x00007ffdcea93000 	C:\Windows\SYSTEM32\windows.storage.dll
0x00007ffdd3ee0000 - 0x00007ffdd4233000 	C:\Windows\System32\combase.dll
0x00007ffdd2e00000 - 0x00007ffdd2e2b000 	C:\Windows\SYSTEM32\Wldp.dll
0x00007ffdd44f0000 - 0x00007ffdd45bd000 	C:\Windows\System32\OLEAUT32.dll
0x00007ffdd4650000 - 0x00007ffdd46fd000 	C:\Windows\System32\SHCORE.dll
0x00007ffdd49d0000 - 0x00007ffdd4a25000 	C:\Windows\System32\shlwapi.dll
0x00007ffdd3300000 - 0x00007ffdd3325000 	C:\Windows\SYSTEM32\profapi.dll
0x00007ffdb1ed0000 - 0x00007ffdb1ee0000 	C:\Program Files\Common Files\Android\Android Studio\jbr\bin\net.dll
0x00007ffdcb8b0000 - 0x00007ffdcb9ba000 	C:\Windows\SYSTEM32\WINHTTP.dll
0x00007ffdd2b60000 - 0x00007ffdd2bcc000 	C:\Windows\system32\mswsock.dll
0x00007ffda5820000 - 0x00007ffda5836000 	C:\Program Files\Common Files\Android\Android Studio\jbr\bin\nio.dll
0x00007ffda6980000 - 0x00007ffda6990000 	C:\Program Files\Common Files\Android\Android Studio\jbr\bin\verify.dll
0x00007ffdb1f30000 - 0x00007ffdb1f57000 	C:\Users\Laptop_Store\.gradle\native\1def1411415f61bf3af743bc5b6707747c0891f09f0c88961ee8f79bc544acac\windows-amd64\native-platform.dll
0x00007ffd9eb50000 - 0x00007ffd9ebc8000 	C:\Users\Laptop_Store\.gradle\native\0.2.7\x86_64-windows-gnu\gradle-fileevents.dll
0x00007ffda6e50000 - 0x00007ffda6e59000 	C:\Program Files\Common Files\Android\Android Studio\jbr\bin\management.dll
0x00007ffda69a0000 - 0x00007ffda69ab000 	C:\Program Files\Common Files\Android\Android Studio\jbr\bin\management_ext.dll
0x00007ffdd5380000 - 0x00007ffdd5388000 	C:\Windows\System32\PSAPI.DLL
0x00007ffdd27f0000 - 0x00007ffdd282b000 	C:\Windows\SYSTEM32\IPHLPAPI.DLL
0x00007ffdd4ac0000 - 0x00007ffdd4ac8000 	C:\Windows\System32\NSI.dll
0x00007ffdcc380000 - 0x00007ffdcc389000 	C:\Program Files\Common Files\Android\Android Studio\jbr\bin\extnet.dll
0x00007ffdd2d60000 - 0x00007ffdd2d78000 	C:\Windows\SYSTEM32\CRYPTSP.dll
0x00007ffdd2410000 - 0x00007ffdd2448000 	C:\Windows\system32\rsaenh.dll
0x00007ffdd32c0000 - 0x00007ffdd32ee000 	C:\Windows\SYSTEM32\USERENV.dll
0x00007ffdd2d50000 - 0x00007ffdd2d5c000 	C:\Windows\SYSTEM32\CRYPTBASE.dll
0x00007ffdc9b10000 - 0x00007ffdc9b17000 	C:\Windows\system32\wshunix.dll

JVMTI agents:
C:\Users\Laptop_Store\.gradle\wrapper\dists\gradle-8.13-bin\5xuhj0ry160q40clulazy9h7d\gradle-8.13\lib\agents\gradle-instrumentation-agent-8.13.jar path:C:\Program Files\Common Files\Android\Android Studio\jbr\bin\instrument.dll, loaded, initialized, instrumentlib options:none

dbghelp: loaded successfully - version: 4.0.5 - missing functions: none
symbol engine: initialized successfully - sym options: 0x614 - pdb path: .;C:\Program Files\Common Files\Android\Android Studio\jbr\bin;C:\Windows\SYSTEM32;C:\Windows\WinSxS\amd64_microsoft.windows.common-controls_6595b64144ccf1df_6.0.19041.5794_none_60bcd33171f2783c;C:\Program Files\Common Files\Android\Android Studio\jbr\bin\server;C:\Users\Laptop_Store\.gradle\native\1def1411415f61bf3af743bc5b6707747c0891f09f0c88961ee8f79bc544acac\windows-amd64;C:\Users\Laptop_Store\.gradle\native\0.2.7\x86_64-windows-gnu

VM Arguments:
jvm_args: --add-opens=java.base/java.lang=ALL-UNNAMED --add-opens=java.base/java.lang.invoke=ALL-UNNAMED --add-opens=java.base/java.util=ALL-UNNAMED --add-opens=java.prefs/java.util.prefs=ALL-UNNAMED --add-exports=jdk.compiler/com.sun.tools.javac.api=ALL-UNNAMED --add-exports=jdk.compiler/com.sun.tools.javac.util=ALL-UNNAMED --add-opens=java.base/java.util=ALL-UNNAMED --add-opens=java.prefs/java.util.prefs=ALL-UNNAMED --add-opens=java.base/java.nio.charset=ALL-UNNAMED --add-opens=java.base/java.net=ALL-UNNAMED --add-opens=java.base/java.util.concurrent.atomic=ALL-UNNAMED --add-opens=java.xml/javax.xml.namespace=ALL-UNNAMED -Xmx2048m -Dfile.encoding=UTF-8 -Duser.country=US -Duser.language=en -Duser.variant -javaagent:C:\Users\Laptop_Store\.gradle\wrapper\dists\gradle-8.13-bin\5xuhj0ry160q40clulazy9h7d\gradle-8.13\lib\agents\gradle-instrumentation-agent-8.13.jar 
java_command: org.gradle.launcher.daemon.bootstrap.GradleDaemon 8.13
java_class_path (initial): C:\Users\Laptop_Store\.gradle\wrapper\dists\gradle-8.13-bin\5xuhj0ry160q40clulazy9h7d\gradle-8.13\lib\gradle-daemon-main-8.13.jar
Launcher Type: SUN_STANDARD

[Global flags]
     intx CICompilerCount                          = 4                                         {product} {ergonomic}
     uint ConcGCThreads                            = 2                                         {product} {ergonomic}
     uint G1ConcRefinementThreads                  = 8                                         {product} {ergonomic}
   size_t G1HeapRegionSize                         = 1048576                                   {product} {ergonomic}
    uintx GCDrainStackTargetSize                   = 64                                        {product} {ergonomic}
   size_t InitialHeapSize                          = 132120576                                 {product} {ergonomic}
   size_t MarkStackSize                            = 4194304                                   {product} {ergonomic}
   size_t MaxHeapSize                              = 2147483648                                {product} {command line}
   size_t MaxNewSize                               = 1287651328                                {product} {ergonomic}
   size_t MinHeapDeltaBytes                        = 1048576                                   {product} {ergonomic}
   size_t MinHeapSize                              = 8388608                                   {product} {ergonomic}
    uintx NonNMethodCodeHeapSize                   = 5839372                                {pd product} {ergonomic}
    uintx NonProfiledCodeHeapSize                  = 122909434                              {pd product} {ergonomic}
    uintx ProfiledCodeHeapSize                     = 122909434                              {pd product} {ergonomic}
    uintx ReservedCodeCacheSize                    = 251658240                              {pd product} {ergonomic}
     bool SegmentedCodeCache                       = true                                      {product} {ergonomic}
   size_t SoftMaxHeapSize                          = 2147483648                             {manageable} {ergonomic}
     bool UseCompressedOops                        = true                           {product lp64_product} {ergonomic}
     bool UseG1GC                                  = true                                      {product} {ergonomic}
     bool UseLargePagesIndividualAllocation        = false                                  {pd product} {ergonomic}

Logging:
Log output configuration:
 #0: stdout all=warning uptime,level,tags foldmultilines=false
 #1: stderr all=off uptime,level,tags foldmultilines=false

Environment Variables:
PATH=C:\Program Files (x86)\Common Files\Oracle\Java\java8path;C:\Program Files (x86)\Common Files\Oracle\Java\javapath;C:\Windows\system32;C:\Windows;C:\Windows\System32\Wbem;C:\Windows\System32\WindowsPowerShell\v1.0\;C:\Windows\System32\OpenSSH\;C:\Program Files\Git\cmd;C:\Users\Laptop_Store\AppData\Local\Microsoft\WindowsApps
USERNAME=Laptop_Store
OS=Windows_NT
PROCESSOR_IDENTIFIER=Intel64 Family 6 Model 142 Stepping 10, GenuineIntel
TMP=C:\Users\LAPTOP~1\AppData\Local\Temp
TEMP=C:\Users\LAPTOP~1\AppData\Local\Temp




Periodic native trim disabled

JNI global refs:
JNI global refs: 30, weak refs: 2

JNI global refs memory usage: 835, weak refs: 833

Process memory usage:
Resident Set Size: 433564K (5% of 8243648K total physical memory with 1182260K free physical memory)

OOME stack traces (most recent first):
Classloader memory used:
Loader org.gradle.internal.classloader.VisitableURLClassLoader                         : 41261K
Loader bootstrap                                                                       : 27589K
Loader org.gradle.internal.classloader.VisitableURLClassLoader$InstrumentingVisitableURLClassLoader: 25242K
Loader org.gradle.initialization.MixInLegacyTypesClassLoader                           : 12350K
Loader jdk.internal.loader.ClassLoaders$PlatformClassLoader                            : 508K
Loader jdk.internal.loader.ClassLoaders$AppClassLoader                                 : 235K
Loader jdk.internal.reflect.DelegatingClassLoader                                      : 216K
Loader org.gradle.internal.classloader.VisitableURLClassLoader                         : 160K
Loader org.gradle.groovy.scripts.internal.DefaultScriptCompilationHandler$ScriptClassLoader: 123K
Loader org.codehaus.groovy.runtime.callsite.CallSiteClassLoader                        : 17320B

Classes loaded by more than one classloader:
Class Program                                                                         : loaded 5 times (x 72B)
Class Build_gradle                                                                    : loaded 3 times (x 130B)
Class Build_gradle$1                                                                  : loaded 3 times (x 74B)
Class org.gradle.internal.classloader.FilteringClassLoader                            : loaded 2 times (x 105B)
Class com.google.common.base.CharMatcher$IsEither                                     : loaded 2 times (x 111B)
Class org.gradle.internal.classloader.ClassLoaderHierarchy                            : loaded 2 times (x 70B)
Class com.google.common.collect.ImmutableEnumSet                                      : loaded 2 times (x 146B)
Class com.google.common.util.concurrent.ExecutionError                                : loaded 2 times (x 82B)
Class com.google.common.collect.ImmutableList$1                                       : loaded 2 times (x 97B)
Class org.gradle.api.internal.classpath.ManifestUtil                                  : loaded 2 times (x 71B)
Class com.google.common.collect.RegularImmutableMap                                   : loaded 2 times (x 121B)
Class com.google.common.collect.ImmutableMap$MapViewOfValuesAsSingletonSets           : loaded 2 times (x 126B)
Class [Lorg.objectweb.asm.Symbol;                                                     : loaded 2 times (x 69B)
Class org.objectweb.asm.ClassVisitor                                                  : loaded 2 times (x 88B)
Class com.google.common.collect.UnmodifiableListIterator                              : loaded 2 times (x 95B)
Class com.google.common.base.Platform$JdkPatternCompiler                              : loaded 2 times (x 75B)
Class org.objectweb.asm.MethodTooLargeException                                       : loaded 2 times (x 83B)
Class [Lcom.google.common.cache.CacheBuilder$OneWeigher;                              : loaded 2 times (x 69B)
Class com.google.common.base.Suppliers                                                : loaded 2 times (x 71B)
Class org.gradle.internal.classloader.DefaultClassLoaderFactory                       : loaded 2 times (x 82B)
Class org.gradle.internal.classloader.ClassLoaderVisitor                              : loaded 2 times (x 76B)
Class [Lcom.google.common.collect.ImmutableMapEntry;                                  : loaded 2 times (x 69B)
Class org.gradle.api.internal.classpath.EffectiveClassPath                            : loaded 2 times (x 90B)
Class com.google.common.collect.ListMultimap                                          : loaded 2 times (x 70B)
Class com.google.common.collect.ImmutableEnumMap                                      : loaded 2 times (x 126B)
Class com.google.common.collect.Sets$1                                                : loaded 2 times (x 139B)
Class org.objectweb.asm.AnnotationVisitor                                             : loaded 2 times (x 78B)
Class org.gradle.api.internal.DefaultClassPathProvider                                : loaded 2 times (x 76B)
Class com.google.common.collect.Sets$2                                                : loaded 2 times (x 139B)
Class [Lorg.gradle.api.internal.ClassPathProvider;                                    : loaded 2 times (x 69B)
Class org.gradle.api.internal.ClassPathProvider                                       : loaded 2 times (x 70B)
Class [Lorg.objectweb.asm.AnnotationVisitor;                                          : loaded 2 times (x 69B)
Class com.google.common.collect.Sets$3                                                : loaded 2 times (x 139B)
Class com.google.common.util.concurrent.AbstractFuture$SafeAtomicHelper               : loaded 2 times (x 79B)
Class com.google.common.cache.LocalCache$LocalLoadingCache                            : loaded 2 times (x 134B)
Class org.gradle.internal.service.UnknownServiceException                             : loaded 2 times (x 83B)
Class com.google.common.collect.Sets$4                                                : loaded 2 times (x 139B)
Class org.objectweb.asm.ModuleVisitor                                                 : loaded 2 times (x 81B)
Class com.google.common.cache.LocalCache$Strength$1                                   : loaded 2 times (x 81B)
Class com.google.common.util.concurrent.SettableFuture                                : loaded 2 times (x 114B)
Class com.google.common.cache.LocalCache$Strength$2                                   : loaded 2 times (x 81B)
Class com.google.common.cache.LocalCache$Strength$3                                   : loaded 2 times (x 81B)
Class com.google.common.collect.MapDifference                                         : loaded 2 times (x 70B)
Class org.objectweb.asm.FieldWriter                                                   : loaded 2 times (x 78B)
Class com.google.common.cache.CacheBuilder$NullListener                               : loaded 2 times (x 82B)
Class org.gradle.internal.classpath.TransformedClassPath                              : loaded 2 times (x 96B)
Class org.gradle.internal.classloader.InstrumentingClassLoader                        : loaded 2 times (x 70B)
Class com.google.common.cache.CacheLoader$FunctionToCacheLoader                       : loaded 2 times (x 75B)
Class com.google.common.collect.Iterators$ArrayItr                                    : loaded 2 times (x 97B)
Class com.google.common.collect.ImmutableCollection$Builder                           : loaded 2 times (x 76B)
Class ijJvmDebugger1_1xmetagh0zzfu3fni9z64hmfq                                        : loaded 2 times (x 179B)
Class com.google.common.base.Joiner                                                   : loaded 2 times (x 79B)
Class com.google.common.base.MoreObjects                                              : loaded 2 times (x 71B)
Class com.google.common.collect.Platform                                              : loaded 2 times (x 71B)
Class [Lorg.objectweb.asm.Type;                                                       : loaded 2 times (x 69B)
Class com.google.common.collect.UnmodifiableIterator                                  : loaded 2 times (x 80B)
Class org.gradle.internal.service.ServiceLocator                                      : loaded 2 times (x 70B)
Class com.google.common.base.Ascii                                                    : loaded 2 times (x 71B)
Class com.google.common.collect.SingletonImmutableBiMap                               : loaded 2 times (x 143B)
Class com.google.common.cache.LocalCache$1                                            : loaded 2 times (x 89B)
Class com.google.common.collect.AbstractMapEntry                                      : loaded 2 times (x 81B)
Class com.google.common.collect.Sets$ImprovedAbstractSet                              : loaded 2 times (x 135B)
Class com.google.common.collect.ImmutableList$Builder                                 : loaded 2 times (x 77B)
Class com.google.common.collect.AbstractMultimap                                      : loaded 2 times (x 123B)
Class com.google.common.cache.LocalCache$2                                            : loaded 2 times (x 142B)
Class com.google.common.util.concurrent.AbstractFuture$UnsafeAtomicHelper$1           : loaded 2 times (x 76B)
Class com.google.common.collect.RegularImmutableAsList                                : loaded 2 times (x 217B)
Class com.google.common.util.concurrent.AbstractFuture$Trusted                        : loaded 2 times (x 70B)
Class com.google.common.collect.Iterators                                             : loaded 2 times (x 71B)
Class com.google.common.collect.Lists$StringAsImmutableList                           : loaded 2 times (x 207B)
Class com.google.common.util.concurrent.UncheckedExecutionException                   : loaded 2 times (x 82B)
Class org.gradle.kotlin.dsl.VersionCatalogAccessorsKt                                 : loaded 2 times (x 71B)
Class org.gradle.internal.InternalTransformer                                         : loaded 2 times (x 70B)
Class com.google.common.collect.AbstractMapBasedMultimap$KeySet$1                     : loaded 2 times (x 82B)
Class org.objectweb.asm.ClassWriter                                                   : loaded 2 times (x 106B)
Class com.google.common.base.CharMatcher$And                                          : loaded 2 times (x 112B)
Class com.google.common.cache.CacheLoader$UnsupportedLoadingOperationException        : loaded 2 times (x 82B)
Class org.gradle.internal.classloader.ClasspathUtil$1                                 : loaded 2 times (x 76B)
Class org.objectweb.asm.FieldVisitor                                                  : loaded 2 times (x 77B)
Class com.google.common.collect.IndexedImmutableSet                                   : loaded 2 times (x 152B)
Class com.google.common.collect.ImmutableMap$1                                        : loaded 2 times (x 81B)
Class com.google.common.collect.BiMap                                                 : loaded 2 times (x 70B)
Class org.gradle.api.internal.classpath.DefaultModuleRegistry$DefaultModule           : loaded 2 times (x 86B)
Class com.google.common.primitives.Ints                                               : loaded 2 times (x 71B)
Class com.google.common.collect.AbstractIterator                                      : loaded 2 times (x 82B)
Class com.google.common.collect.ObjectArrays                                          : loaded 2 times (x 71B)
Class com.google.common.collect.Multiset                                              : loaded 2 times (x 70B)
Class com.google.common.collect.ArrayListMultimapGwtSerializationDependencies         : loaded 2 times (x 172B)
Class com.google.common.collect.RegularImmutableMap$KeySet                            : loaded 2 times (x 152B)
Class com.google.common.math.MathPreconditions                                        : loaded 2 times (x 71B)
Class com.google.common.collect.ImmutableMapEntrySet                                  : loaded 2 times (x 152B)
Class org.gradle.api.internal.classpath.Module                                        : loaded 2 times (x 70B)
Class com.google.common.cache.Weigher                                                 : loaded 2 times (x 70B)
Class org.gradle.api.internal.classpath.UnknownModuleException                        : loaded 2 times (x 82B)
Class com.google.common.base.Stopwatch                                                : loaded 2 times (x 72B)
Class com.google.common.cache.LocalCache$Strength                                     : loaded 2 times (x 81B)
Class com.google.common.cache.Cache                                                   : loaded 2 times (x 70B)
Class com.google.common.util.concurrent.AbstractFuture$Cancellation                   : loaded 2 times (x 72B)
Class com.google.common.collect.ImmutableMap$Builder                                  : loaded 2 times (x 82B)
Class com.google.common.cache.RemovalListener                                         : loaded 2 times (x 70B)
Class org.gradle.api.internal.DefaultClassPathRegistry                                : loaded 2 times (x 76B)
Class com.google.common.primitives.IntsMethodsForWeb                                  : loaded 2 times (x 71B)
Class com.google.common.collect.Multimap                                              : loaded 2 times (x 70B)
Class org.gradle.api.internal.ClassPathRegistry                                       : loaded 2 times (x 70B)
Class org.gradle.internal.classpath.DefaultClassPath$ImmutableUniqueList              : loaded 2 times (x 199B)
Class com.google.common.base.Equivalence$Identity                                     : loaded 2 times (x 82B)
Class com.google.common.cache.CacheBuilder                                            : loaded 2 times (x 72B)
Class com.google.common.collect.SingletonImmutableList                                : loaded 2 times (x 207B)
Class Settings_gradle$1                                                               : loaded 2 times (x 74B)
Class org.gradle.internal.classpath.ClassPath                                         : loaded 2 times (x 70B)
Class org.gradle.api.UncheckedIOException                                             : loaded 2 times (x 82B)
Class com.google.common.base.JdkPattern                                               : loaded 2 times (x 75B)
Class com.google.common.collect.ImmutableList$ReverseImmutableList                    : loaded 2 times (x 209B)
Class ijKotlinCoroutineJvmDebugInit1_f2xb91z8bjt99qyrcjg9y4vw3$_run_closure1$_closure2: loaded 2 times (x 139B)
Class org.objectweb.asm.SymbolTable$Entry                                             : loaded 2 times (x 74B)
Class com.google.common.util.concurrent.AbstractFuture$AtomicHelper                   : loaded 2 times (x 78B)
Class org.objectweb.asm.Edge                                                          : loaded 2 times (x 72B)
Class com.google.common.base.Suppliers$SupplierOfInstance                             : loaded 2 times (x 79B)
Class com.google.common.collect.Iterators$1                                           : loaded 2 times (x 81B)
Class com.google.common.cache.LocalCache$ComputingValueReference                      : loaded 2 times (x 96B)
Class com.google.common.collect.SingletonImmutableSet                                 : loaded 2 times (x 146B)
Class com.google.common.collect.ImmutableMap$IteratorBasedImmutableMap                : loaded 2 times (x 126B)
Class com.google.common.cache.LocalCache$Segment                                      : loaded 2 times (x 154B)
Class com.google.common.collect.AbstractListMultimap                                  : loaded 2 times (x 172B)
Class [Lorg.objectweb.asm.SymbolTable$Entry;                                          : loaded 2 times (x 69B)
Class com.google.common.cache.CacheLoader                                             : loaded 2 times (x 74B)
Class com.google.common.collect.Iterators$4                                           : loaded 2 times (x 82B)
Class com.google.common.collect.ImmutableBiMap                                        : loaded 2 times (x 143B)
Class org.gradle.internal.installation.GradleInstallation$1                           : loaded 2 times (x 75B)
Class org.gradle.api.internal.classpath.ModuleRegistry                                : loaded 2 times (x 70B)
Class com.google.common.util.concurrent.internal.InternalFutureFailureAccess          : loaded 2 times (x 72B)
Class com.google.common.collect.Iterators$5                                           : loaded 2 times (x 82B)
Class com.google.common.collect.ImmutableSet$JdkBackedSetBuilderImpl                  : loaded 2 times (x 76B)
Class com.google.common.util.concurrent.AbstractFuture$UnsafeAtomicHelper             : loaded 2 times (x 78B)
Class com.google.common.base.CharMatcher$ForPredicate                                 : loaded 2 times (x 112B)
Class com.google.common.cache.LocalCache$LocalManualCache$1                           : loaded 2 times (x 75B)
Class com.google.common.base.CharMatcher$AnyOf                                        : loaded 2 times (x 112B)
Class com.google.common.collect.ImmutableCollection                                   : loaded 2 times (x 125B)
Class org.gradle.api.internal.classpath.DefaultModuleRegistry                         : loaded 2 times (x 86B)
Class com.google.common.collect.Lists                                                 : loaded 2 times (x 71B)
Class com.google.common.util.concurrent.ListenableFuture                              : loaded 2 times (x 70B)
Class com.google.common.cache.ReferenceEntry                                          : loaded 2 times (x 70B)
Class com.google.common.base.Converter                                                : loaded 2 times (x 90B)
Class com.google.common.collect.ImmutableSet$CachingAsList                            : loaded 2 times (x 148B)
Class com.google.common.collect.AbstractMapBasedMultimap                              : loaded 2 times (x 139B)
Class com.google.common.util.concurrent.AbstractFuture                                : loaded 2 times (x 106B)
Class com.google.common.base.FunctionalEquivalence                                    : loaded 2 times (x 83B)
Class com.google.common.collect.Iterators$9                                           : loaded 2 times (x 81B)
Class com.google.common.collect.ImmutableAsList                                       : loaded 2 times (x 209B)
Class org.objectweb.asm.RecordComponentVisitor                                        : loaded 2 times (x 77B)
Class com.google.common.cache.CacheLoader$SupplierToCacheLoader                       : loaded 2 times (x 75B)
Class com.google.common.collect.Maps$EntryTransformer                                 : loaded 2 times (x 70B)
Class org.gradle.internal.service.ServiceLookupException                              : loaded 2 times (x 82B)
Class [Lcom.google.common.cache.LocalCache$EntryFactory;                              : loaded 2 times (x 69B)
Class org.gradle.internal.classloader.ClassLoaderFactory                              : loaded 2 times (x 70B)
Class com.google.common.base.CommonPattern                                            : loaded 2 times (x 74B)
Class com.google.common.base.CharMatcher$IsNot                                        : loaded 2 times (x 111B)
Class com.google.common.cache.LocalCache$LocalManualCache                             : loaded 2 times (x 99B)
Class org.gradle.internal.service.CachingServiceLocator                               : loaded 2 times (x 82B)
Class com.google.common.collect.AbstractMapBasedMultimap$KeySet                       : loaded 2 times (x 137B)
Class com.google.common.math.IntMath                                                  : loaded 2 times (x 71B)
Class com.google.common.collect.ImmutableMapEntry                                     : loaded 2 times (x 85B)
Class com.google.common.base.Equivalence                                              : loaded 2 times (x 82B)
Class com.google.common.base.Function                                                 : loaded 2 times (x 70B)
Class com.google.common.collect.ImmutableMapEntry$NonTerminalImmutableMapEntry        : loaded 2 times (x 85B)
Class ijKotlinCoroutineJvmDebugInit1_f2xb91z8bjt99qyrcjg9y4vw3                        : loaded 2 times (x 179B)
Class com.google.common.collect.IndexedImmutableSet$1                                 : loaded 2 times (x 213B)
Class com.google.common.cache.CacheBuilder$OneWeigher                                 : loaded 2 times (x 82B)
Class com.google.common.collect.RegularImmutableList                                  : loaded 2 times (x 213B)
Class org.gradle.internal.classloader.ClasspathUtil                                   : loaded 2 times (x 71B)
Class com.google.common.base.Charsets                                                 : loaded 2 times (x 71B)
Class com.google.common.util.concurrent.Uninterruptibles                              : loaded 2 times (x 71B)
Class com.google.common.collect.Maps                                                  : loaded 2 times (x 71B)
Class org.gradle.api.specs.Spec                                                       : loaded 2 times (x 70B)
Class [Lcom.google.common.collect.ImmutableEntry;                                     : loaded 2 times (x 69B)
Class com.google.common.cache.LocalCache$LoadingValueReference                        : loaded 2 times (x 96B)
Class com.google.common.collect.AbstractIndexedListIterator                           : loaded 2 times (x 96B)
Class com.google.common.base.Platform                                                 : loaded 2 times (x 71B)
Class ijJvmDebugger1_1xmetagh0zzfu3fni9z64hmfq$_run_closure1                          : loaded 2 times (x 139B)
Class [Lorg.objectweb.asm.AnnotationWriter;                                           : loaded 2 times (x 69B)
Class com.google.common.collect.Maps$8                                                : loaded 2 times (x 82B)
Class com.google.common.collect.Sets$SetView                                          : loaded 2 times (x 138B)
Class com.google.common.cache.LocalCache$StrongValueReference                         : loaded 2 times (x 90B)
Class com.google.common.util.concurrent.AbstractFuture$SynchronizedHelper             : loaded 2 times (x 78B)
Class org.objectweb.asm.Type                                                          : loaded 2 times (x 72B)
Class org.gradle.internal.classloader.VisitableURLClassLoader$InstrumentingVisitableURLClassLoader: loaded 2 times (x 123B)
Class org.objectweb.asm.ByteVector                                                    : loaded 2 times (x 79B)
Class [Lcom.google.common.cache.CacheBuilder$NullListener;                            : loaded 2 times (x 69B)
Class com.google.common.math.IntMath$1                                                : loaded 2 times (x 71B)
Class org.gradle.internal.classloader.VisitableURLClassLoader$Spec                    : loaded 2 times (x 74B)
Class org.gradle.internal.classpath.DefaultClassPath                                  : loaded 2 times (x 90B)
Class org.objectweb.asm.Symbol                                                        : loaded 2 times (x 73B)
Class com.google.common.base.CharMatcher$Ascii                                        : loaded 2 times (x 112B)
Class com.google.common.base.CharMatcher$BitSetMatcher                                : loaded 2 times (x 112B)
Class com.google.common.collect.RegularImmutableMap$Values                            : loaded 2 times (x 207B)
Class com.google.common.collect.ImmutableSet                                          : loaded 2 times (x 145B)
Class org.gradle.internal.classloader.ClassLoaderSpec                                 : loaded 2 times (x 71B)
Class org.objectweb.asm.AnnotationWriter                                              : loaded 2 times (x 79B)
Class com.google.common.cache.CacheStats                                              : loaded 2 times (x 71B)
Class org.objectweb.asm.RecordComponentWriter                                         : loaded 2 times (x 78B)
Class com.google.common.util.concurrent.AbstractFuture$Listener                       : loaded 2 times (x 72B)
Class com.google.common.base.CharMatcher$Or                                           : loaded 2 times (x 112B)
Class Settings_gradle$1$1                                                             : loaded 2 times (x 74B)
Class org.objectweb.asm.Attribute                                                     : loaded 2 times (x 77B)
Class com.google.common.base.Supplier                                                 : loaded 2 times (x 70B)
Class org.gradle.internal.classloader.VisitableURLClassLoader                         : loaded 2 times (x 117B)
Class com.google.common.util.concurrent.AbstractFuture$Waiter                         : loaded 2 times (x 72B)
Class Settings_gradle                                                                 : loaded 2 times (x 128B)
Class org.gradle.internal.Cast                                                        : loaded 2 times (x 71B)
Class org.gradle.api.Action                                                           : loaded 2 times (x 70B)
Class com.google.common.base.Strings                                                  : loaded 2 times (x 71B)
Class com.google.common.collect.Sets                                                  : loaded 2 times (x 71B)
Class org.objectweb.asm.Handler                                                       : loaded 2 times (x 72B)
Class com.google.common.base.CharMatcher$FastMatcher                                  : loaded 2 times (x 111B)
Class com.google.common.base.Ticker                                                   : loaded 2 times (x 72B)
Class [Lcom.google.common.cache.LocalCache$Segment;                                   : loaded 2 times (x 69B)
Class com.google.common.base.Predicate                                                : loaded 2 times (x 70B)
Class [Lcom.google.common.cache.LocalCache$Strength;                                  : loaded 2 times (x 69B)
Class com.google.common.cache.CacheBuilder$1                                          : loaded 2 times (x 85B)
Class com.google.common.collect.ImmutableMap                                          : loaded 2 times (x 120B)
Class org.gradle.internal.classpath.DefaultClassPath$ImmutableUniqueList$Builder      : loaded 2 times (x 75B)
Class com.google.common.base.CharMatcher$NegatedFastMatcher                           : loaded 2 times (x 113B)
Class com.google.common.cache.LocalCache                                              : loaded 2 times (x 187B)
Class com.google.common.cache.CacheBuilder$2                                          : loaded 2 times (x 79B)
Class com.google.common.collect.ArrayListMultimap                                     : loaded 2 times (x 172B)
Class com.google.common.cache.CacheBuilder$3                                          : loaded 2 times (x 72B)
Class [Lcom.google.common.collect.AbstractMapEntry;                                   : loaded 2 times (x 69B)
Class com.google.common.collect.ImmutableEntry                                        : loaded 2 times (x 82B)
Class org.gradle.api.GradleException                                                  : loaded 2 times (x 82B)
Class com.google.common.collect.CollectPreconditions                                  : loaded 2 times (x 71B)
Class com.google.common.collect.SortedMapDifference                                   : loaded 2 times (x 70B)
Class com.google.common.cache.LocalCache$EntryFactory                                 : loaded 2 times (x 83B)
Class com.google.common.cache.LocalCache$AbstractReferenceEntry                       : loaded 2 times (x 107B)
Class org.gradle.internal.IoActions                                                   : loaded 2 times (x 71B)
Class org.objectweb.asm.SymbolTable                                                   : loaded 2 times (x 72B)
Class com.google.common.cache.CacheLoader$InvalidCacheLoadException                   : loaded 2 times (x 82B)
Class com.google.common.collect.ImmutableSet$RegularSetBuilderImpl                    : loaded 2 times (x 77B)
Class org.gradle.internal.classloader.SystemClassLoaderSpec                           : loaded 2 times (x 71B)
Class com.google.common.cache.LocalCache$StrongEntry                                  : loaded 2 times (x 108B)
Class com.google.common.util.concurrent.AbstractFuture$TrustedFuture                  : loaded 2 times (x 114B)
Class com.google.common.cache.LoadingCache                                            : loaded 2 times (x 70B)
Class org.objectweb.asm.MethodWriter                                                  : loaded 2 times (x 106B)
Class [Lcom.google.common.cache.Weigher;                                              : loaded 2 times (x 69B)
Class com.google.common.collect.RegularImmutableMap$BucketOverflowException           : loaded 2 times (x 82B)
Class com.google.common.collect.RegularImmutableBiMap                                 : loaded 2 times (x 149B)
Class com.google.common.base.CharMatcher$Negated                                      : loaded 2 times (x 113B)
Class com.google.common.base.CharMatcher$Is                                           : loaded 2 times (x 111B)
Class com.google.common.cache.LocalCache$ValueReference                               : loaded 2 times (x 70B)
Class com.google.common.base.PatternCompiler                                          : loaded 2 times (x 70B)
Class com.google.common.util.concurrent.AbstractFuture$Failure                        : loaded 2 times (x 72B)
Class com.google.common.base.Equivalence$Equals                                       : loaded 2 times (x 82B)
Class com.google.common.collect.Hashing                                               : loaded 2 times (x 71B)
Class com.google.common.base.Preconditions                                            : loaded 2 times (x 71B)
Class com.google.common.base.Joiner$1                                                 : loaded 2 times (x 80B)
Class org.objectweb.asm.Label                                                         : loaded 2 times (x 73B)
Class org.objectweb.asm.CurrentFrame                                                  : loaded 2 times (x 73B)
Class org.objectweb.asm.ClassTooLargeException                                        : loaded 2 times (x 83B)
Class com.google.common.base.CharMatcher                                              : loaded 2 times (x 111B)
Class com.google.common.collect.PeekingIterator                                       : loaded 2 times (x 70B)
Class com.google.common.base.Joiner$2                                                 : loaded 2 times (x 79B)
Class org.objectweb.asm.Frame                                                         : loaded 2 times (x 73B)
Class org.objectweb.asm.MethodVisitor                                                 : loaded 2 times (x 105B)
Class com.google.common.base.CharMatcher$NamedFastMatcher                             : loaded 2 times (x 112B)
Class com.google.common.base.CharMatcher$1                                            : loaded 2 times (x 113B)
Class com.google.common.cache.LocalCache$EntryFactory$1                               : loaded 2 times (x 83B)
Class [Lcom.google.common.cache.RemovalListener;                                      : loaded 2 times (x 69B)
Class ijKotlinCoroutineJvmDebugInit1_f2xb91z8bjt99qyrcjg9y4vw3$_run_closure1          : loaded 2 times (x 139B)
Class com.google.common.cache.LocalCache$EntryFactory$2                               : loaded 2 times (x 83B)
Class org.gradle.api.internal.classpath.GlobalCacheRootsProvider                      : loaded 2 times (x 70B)
Class org.objectweb.asm.ModuleWriter                                                  : loaded 2 times (x 82B)
Class com.google.common.cache.LocalCache$EntryFactory$3                               : loaded 2 times (x 83B)
Class com.google.common.base.Ticker$1                                                 : loaded 2 times (x 72B)
Class com.google.common.collect.Maps$BiMapConverter                                   : loaded 2 times (x 90B)
Class com.google.common.collect.ImmutableMapEntrySet$RegularEntrySet                  : loaded 2 times (x 152B)
Class com.google.common.base.CharMatcher$InRange                                      : loaded 2 times (x 111B)
Class com.google.common.cache.LocalCache$EntryFactory$4                               : loaded 2 times (x 83B)
Class com.google.common.collect.ImmutableSet$Builder                                  : loaded 2 times (x 85B)
Class com.google.common.cache.LocalCache$EntryFactory$5                               : loaded 2 times (x 83B)
Class ijJvmDebugger1_1xmetagh0zzfu3fni9z64hmfq$_run_closure1$_closure2                : loaded 2 times (x 140B)
Class com.google.common.base.PairwiseEquivalence                                      : loaded 2 times (x 83B)
Class com.google.common.cache.LocalCache$EntryFactory$6                               : loaded 2 times (x 83B)
Class org.gradle.internal.installation.CurrentGradleInstallationLocator               : loaded 2 times (x 71B)
Class com.google.common.collect.Maps$KeySet                                           : loaded 2 times (x 137B)
Class com.google.common.cache.LocalCache$EntryFactory$7                               : loaded 2 times (x 83B)
Class com.google.common.collect.ImmutableSet$EmptySetBuilderImpl                      : loaded 2 times (x 76B)
Class com.google.common.collect.ImmutableList                                         : loaded 2 times (x 206B)
Class org.gradle.internal.service.DefaultServiceLocator                               : loaded 2 times (x 83B)
Class com.google.common.cache.LocalCache$EntryFactory$8                               : loaded 2 times (x 83B)
Class com.google.common.collect.ImmutableSet$SetBuilderImpl                           : loaded 2 times (x 76B)
Class org.gradle.internal.installation.CurrentGradleInstallation                      : loaded 2 times (x 73B)
Class com.google.common.cache.CacheLoader$1                                           : loaded 2 times (x 75B)
Class com.google.common.collect.ImmutableList$SubList                                 : loaded 2 times (x 209B)
Class org.gradle.util.internal.GUtil                                                  : loaded 2 times (x 71B)
Class com.google.common.util.concurrent.AbstractFuture$SetFuture                      : loaded 2 times (x 75B)
Class com.google.common.cache.AbstractCache$StatsCounter                              : loaded 2 times (x 70B)
Class com.google.common.collect.Iterators$MergingIterator                             : loaded 2 times (x 81B)
Class com.google.common.collect.RegularImmutableSet                                   : loaded 2 times (x 149B)
Class org.gradle.internal.installation.GradleInstallation                             : loaded 2 times (x 75B)
Class com.google.common.collect.Iterables                                             : loaded 2 times (x 71B)

---------------  S Y S T E M  ---------------

OS:
 Windows 10 , 64 bit Build 19041 (10.0.19041.5794)
OS uptime: 0 days 1:44 hours

CPU: total 8 (initial active 8) (4 cores per cpu, 2 threads per core) family 6 model 142 stepping 10 microcode 0xf6, cx8, cmov, fxsr, ht, mmx, 3dnowpref, sse, sse2, sse3, ssse3, sse4.1, sse4.2, popcnt, lzcnt, tsc, tscinvbit, avx, avx2, aes, erms, clmul, bmi1, bmi2, rtm, adx, fma, vzeroupper, clflush, clflushopt, rdtscp, f16c
Processor Information for processor 0
  Max Mhz: 1896, Current Mhz: 1496, Mhz Limit: 1687
Processor Information for processor 1
  Max Mhz: 1896, Current Mhz: 1696, Mhz Limit: 1687
Processor Information for processor 2
  Max Mhz: 1896, Current Mhz: 1696, Mhz Limit: 1687
Processor Information for processor 3
  Max Mhz: 1896, Current Mhz: 1696, Mhz Limit: 1687
Processor Information for processor 4
  Max Mhz: 1896, Current Mhz: 1496, Mhz Limit: 1687
Processor Information for processor 5
  Max Mhz: 1896, Current Mhz: 1496, Mhz Limit: 1687
Processor Information for processor 6
  Max Mhz: 1896, Current Mhz: 1496, Mhz Limit: 1687
Processor Information for processor 7
  Max Mhz: 1896, Current Mhz: 1696, Mhz Limit: 1687

Memory: 4k page, system-wide physical 8050M (1155M free)
TotalPageFile size 13421M (AvailPageFile size 12M)
current process WorkingSet (physical memory assigned to process): 423M, peak: 423M
current process commit charge ("private bytes"): 459M, peak: 484M

vm_info: OpenJDK 64-Bit Server VM (21.0.8+-14018985-b1038.68) for windows-amd64 JRE (21.0.8+-14018985-b1038.68), built on 2025-08-29T19:56:34Z by "builder" with MS VC++ 16.10 / 16.11 (VS2019)

END.
