#
# There is insufficient memory for the Java Runtime Environment to continue.
# Native memory allocation (mmap) failed to map 29360128 bytes. Error detail: G1 virtual space
# Possible reasons:
#   The system is out of physical RAM or swap space
#   This process is running with CompressedOops enabled, and the Java Heap may be blocking the growth of the native heap
# Possible solutions:
#   Reduce memory load on the system
#   Increase physical memory or swap space
#   Check if swap backing store is full
#   Decrease Java heap size (-Xmx/-Xms)
#   Decrease number of Java threads
#   Decrease Java thread stack sizes (-Xss)
#   Set larger code cache with -XX:ReservedCodeCacheSize=
#   JVM is running with Unscaled Compressed Oops mode in which the Java heap is
#     placed in the first 4GB address space. The Java Heap base address is the
#     maximum limit for the native heap growth. Please use -XX:HeapBaseMinAddress
#     to set the Java Heap base and to place the Java Heap above 4GB virtual address.
# This output file may be truncated or incomplete.
#
#  Out of Memory Error (os_windows.cpp:3925), pid=13428, tid=10368
#
# JRE version: OpenJDK Runtime Environment (21.0.8) (build 21.0.8+-14018985-b1038.68)
# Java VM: OpenJDK 64-Bit Server VM (21.0.8+-14018985-b1038.68, mixed mode, tiered, compressed oops, compressed class ptrs, g1 gc, windows-amd64)
# No core dump will be written. Minidumps are not enabled by default on client versions of Windows
#

---------------  S U M M A R Y ------------

Command Line: --add-opens=java.base/java.lang=ALL-UNNAMED --add-opens=java.base/java.lang.invoke=ALL-UNNAMED --add-opens=java.base/java.util=ALL-UNNAMED --add-opens=java.prefs/java.util.prefs=ALL-UNNAMED --add-exports=jdk.compiler/com.sun.tools.javac.api=ALL-UNNAMED --add-exports=jdk.compiler/com.sun.tools.javac.util=ALL-UNNAMED --add-opens=java.base/java.util=ALL-UNNAMED --add-opens=java.prefs/java.util.prefs=ALL-UNNAMED --add-opens=java.base/java.nio.charset=ALL-UNNAMED --add-opens=java.base/java.net=ALL-UNNAMED --add-opens=java.base/java.util.concurrent.atomic=ALL-UNNAMED --add-opens=java.xml/javax.xml.namespace=ALL-UNNAMED -Xmx2048m -Dfile.encoding=UTF-8 -Duser.country=US -Duser.language=en -Duser.variant -javaagent:C:\Users\Laptop_Store\.gradle\wrapper\dists\gradle-8.13-bin\5xuhj0ry160q40clulazy9h7d\gradle-8.13\lib\agents\gradle-instrumentation-agent-8.13.jar org.gradle.launcher.daemon.bootstrap.GradleDaemon 8.13

Host: Intel(R) Core(TM) i5-8350U CPU @ 1.70GHz, 8 cores, 7G,  Windows 10 , 64 bit Build 19041 (10.0.19041.5794)
Time: Tue Jun  9 00:19:19 2026 Pakistan Standard Time elapsed time: 22.704577 seconds (0d 0h 0m 22s)

---------------  T H R E A D  ---------------

Current thread (0x0000025b1d48a110):  VMThread "VM Thread"          [id=10368, stack(0x000000635f700000,0x000000635f800000) (1024K)]

Stack: [0x000000635f700000,0x000000635f800000]
Native frames: (J=compiled Java code, j=interpreted, Vv=VM code, C=native code)
V  [jvm.dll+0x6d68d9]
V  [jvm.dll+0x866693]
V  [jvm.dll+0x868c4e]
V  [jvm.dll+0x869333]
V  [jvm.dll+0x280566]
V  [jvm.dll+0x6d3195]
V  [jvm.dll+0x6c69ea]
V  [jvm.dll+0x3586db]
V  [jvm.dll+0x360336]
V  [jvm.dll+0x3b23f6]
V  [jvm.dll+0x3b26c8]
V  [jvm.dll+0x32ae6c]
V  [jvm.dll+0x32aef7]
V  [jvm.dll+0x370d3c]
V  [jvm.dll+0x36f4ee]
V  [jvm.dll+0x32a5c1]
V  [jvm.dll+0x36ebf0]
V  [jvm.dll+0x86f0b8]
V  [jvm.dll+0x870434]
V  [jvm.dll+0x870970]
V  [jvm.dll+0x870c03]
V  [jvm.dll+0x80eac8]
V  [jvm.dll+0x6d512d]
C  [ucrtbase.dll+0x21bb2]
C  [KERNEL32.DLL+0x17374]
C  [ntdll.dll+0x4cc91]

VM_Operation (0x00000063610f7af0): G1CollectForAllocation, mode: safepoint, requested by thread 0x0000025b23e042c0


---------------  P R O C E S S  ---------------

Threads class SMR info:
_java_thread_list=0x0000025b23432860, length=76, elements={
0x0000025b05d85060, 0x0000025b1d5e54e0, 0x0000025b1d621030, 0x0000025b1d621a90,
0x0000025b1d6368e0, 0x0000025b1d637340, 0x0000025b1d62a500, 0x0000025b1d639db0,
0x0000025b1d6479f0, 0x0000025b1d648490, 0x0000025b1d938170, 0x0000025b23b1a7a0,
0x0000025b23c48b50, 0x0000025b23da9be0, 0x0000025b23cc5140, 0x0000025b23c9e700,
0x0000025b23e1efd0, 0x0000025b23e042c0, 0x0000025b23cd8ef0, 0x0000025b23cd6790,
0x0000025b23cd74b0, 0x0000025b23cd5a70, 0x0000025b23cd6e20, 0x0000025b23cd7b40,
0x0000025b23cd8860, 0x0000025b23cd6100, 0x0000025b282034f0, 0x0000025b28204f30,
0x0000025b28200070, 0x0000025b28203b80, 0x0000025b28204210, 0x0000025b282048a0,
0x0000025b28202e60, 0x0000025b282055c0, 0x0000025b28207000, 0x0000025b28200d90,
0x0000025b28205c50, 0x0000025b28207690, 0x0000025b282062e0, 0x0000025b28202140,
0x0000025b28200700, 0x0000025b28201ab0, 0x0000025b282027d0, 0x0000025b261a8820,
0x0000025b261abca0, 0x0000025b261aa260, 0x0000025b261aaf80, 0x0000025b261ac330,
0x0000025b261ab610, 0x0000025b261ac9c0, 0x0000025b261ad050, 0x0000025b261ad6e0,
0x0000025b261a8190, 0x0000025b261aea90, 0x0000025b261a8eb0, 0x0000025b261a9bd0,
0x0000025b261af120, 0x0000025b261af7b0, 0x0000025b261aa8f0, 0x0000025b283265d0,
0x0000025b2832c1b0, 0x0000025b2832a770, 0x0000025b2832bb20, 0x0000025b2832ae00,
0x0000025b2832c840, 0x0000025b28326c60, 0x0000025b28329a50, 0x0000025b283293c0,
0x0000025b2832ced0, 0x0000025b28325f40, 0x0000025b2832a0e0, 0x0000025b2832b490,
0x0000025b28328d30, 0x0000025b283272f0, 0x0000025b28327980, 0x0000025b23f1c190
}

Java Threads: ( => current thread )
  0x0000025b05d85060 JavaThread "main"                              [_thread_blocked, id=10028, stack(0x000000635f000000,0x000000635f100000) (1024K)]
  0x0000025b1d5e54e0 JavaThread "Common-Cleaner"             daemon [_thread_blocked, id=13216, stack(0x000000635f800000,0x000000635f900000) (1024K)]
  0x0000025b1d621030 JavaThread "Reference Handler"          daemon [_thread_blocked, id=8264, stack(0x000000635f900000,0x000000635fa00000) (1024K)]
  0x0000025b1d621a90 JavaThread "Finalizer"                  daemon [_thread_blocked, id=2828, stack(0x000000635fa00000,0x000000635fb00000) (1024K)]
  0x0000025b1d6368e0 JavaThread "Signal Dispatcher"          daemon [_thread_blocked, id=6108, stack(0x000000635fb00000,0x000000635fc00000) (1024K)]
  0x0000025b1d637340 JavaThread "Attach Listener"            daemon [_thread_blocked, id=12492, stack(0x000000635fc00000,0x000000635fd00000) (1024K)]
  0x0000025b1d62a500 JavaThread "Service Thread"             daemon [_thread_blocked, id=11648, stack(0x000000635fd00000,0x000000635fe00000) (1024K)]
  0x0000025b1d639db0 JavaThread "Monitor Deflation Thread"   daemon [_thread_blocked, id=11924, stack(0x000000635fe00000,0x000000635ff00000) (1024K)]
  0x0000025b1d6479f0 JavaThread "C2 CompilerThread0"         daemon [_thread_blocked, id=12676, stack(0x000000635ff00000,0x0000006360000000) (1024K)]
  0x0000025b1d648490 JavaThread "C1 CompilerThread0"         daemon [_thread_blocked, id=9688, stack(0x0000006360000000,0x0000006360100000) (1024K)]
  0x0000025b1d938170 JavaThread "Notification Thread"        daemon [_thread_blocked, id=816, stack(0x0000006360100000,0x0000006360200000) (1024K)]
  0x0000025b23b1a7a0 JavaThread "Daemon health stats"               [_thread_blocked, id=14024, stack(0x0000006360200000,0x0000006360300000) (1024K)]
  0x0000025b23c48b50 JavaThread "Incoming local TCP Connector on port 51878"        [_thread_in_native, id=13456, stack(0x0000006360a00000,0x0000006360b00000) (1024K)]
  0x0000025b23da9be0 JavaThread "Daemon periodic checks"            [_thread_blocked, id=3424, stack(0x0000006360c00000,0x0000006360d00000) (1024K)]
  0x0000025b23cc5140 JavaThread "Daemon"                            [_thread_blocked, id=5028, stack(0x0000006360d00000,0x0000006360e00000) (1024K)]
  0x0000025b23c9e700 JavaThread "Handler for socket connection from /127.0.0.1:51878 to /127.0.0.1:51879"        [_thread_in_native, id=8748, stack(0x0000006360e00000,0x0000006360f00000) (1024K)]
  0x0000025b23e1efd0 JavaThread "Cancel handler"                    [_thread_blocked, id=10592, stack(0x0000006360f00000,0x0000006361000000) (1024K)]
  0x0000025b23e042c0 JavaThread "Daemon worker"                     [_thread_blocked, id=14224, stack(0x0000006361000000,0x0000006361100000) (1024K)]
  0x0000025b23cd8ef0 JavaThread "Asynchronous log dispatcher for DefaultDaemonConnection: socket connection from /127.0.0.1:51878 to /127.0.0.1:51879"        [_thread_blocked, id=6232, stack(0x0000006361100000,0x0000006361200000) (1024K)]
  0x0000025b23cd6790 JavaThread "Stdin handler"                     [_thread_blocked, id=12924, stack(0x0000006361200000,0x0000006361300000) (1024K)]
  0x0000025b23cd74b0 JavaThread "Daemon client event forwarder"        [_thread_blocked, id=7648, stack(0x0000006361300000,0x0000006361400000) (1024K)]
  0x0000025b23cd5a70 JavaThread "Cache worker for journal cache (C:\Users\Laptop_Store\.gradle\caches\journal-1)"        [_thread_blocked, id=9524, stack(0x0000006360b00000,0x0000006360c00000) (1024K)]
  0x0000025b23cd6e20 JavaThread "File lock request listener"        [_thread_in_native, id=4860, stack(0x0000006361500000,0x0000006361600000) (1024K)]
  0x0000025b23cd7b40 JavaThread "Cache worker for file hash cache (C:\Users\Laptop_Store\.gradle\caches\8.13\fileHashes)"        [_thread_blocked, id=4836, stack(0x0000006361600000,0x0000006361700000) (1024K)]
  0x0000025b23cd8860 JavaThread "Cache worker for file hash cache (D:\VillageToCityReseilingApp1\.gradle\8.13\fileHashes)"        [_thread_blocked, id=12944, stack(0x0000006361900000,0x0000006361a00000) (1024K)]
  0x0000025b23cd6100 JavaThread "Cache worker for Build Output Cleanup Cache (D:\VillageToCityReseilingApp1\.gradle\buildOutputCleanup)"        [_thread_blocked, id=13840, stack(0x0000006361a00000,0x0000006361b00000) (1024K)]
  0x0000025b282034f0 JavaThread "File watcher server"        daemon [_thread_in_native, id=9976, stack(0x0000006361b00000,0x0000006361c00000) (1024K)]
  0x0000025b28204f30 JavaThread "File watcher consumer"      daemon [_thread_blocked, id=4344, stack(0x0000006361c00000,0x0000006361d00000) (1024K)]
  0x0000025b28200070 JavaThread "jar transforms"                    [_thread_blocked, id=12732, stack(0x0000006361d00000,0x0000006361e00000) (1024K)]
  0x0000025b28203b80 JavaThread "jar transforms Thread 2"           [_thread_blocked, id=12680, stack(0x0000006361e00000,0x0000006361f00000) (1024K)]
  0x0000025b28204210 JavaThread "Cache worker for checksums cache (D:\VillageToCityReseilingApp1\.gradle\8.13\checksums)"        [_thread_blocked, id=8552, stack(0x0000006361f00000,0x0000006362000000) (1024K)]
  0x0000025b282048a0 JavaThread "Cache worker for file content cache (C:\Users\Laptop_Store\.gradle\caches\8.13\fileContent)"        [_thread_blocked, id=9364, stack(0x0000006362000000,0x0000006362100000) (1024K)]
  0x0000025b28202e60 JavaThread "jar transforms Thread 3"           [_thread_blocked, id=13000, stack(0x0000006361700000,0x0000006361800000) (1024K)]
  0x0000025b282055c0 JavaThread "Cache worker for cache directory md-supplier (C:\Users\Laptop_Store\.gradle\caches\8.13\md-supplier)"        [_thread_blocked, id=13040, stack(0x0000006362200000,0x0000006362300000) (1024K)]
  0x0000025b28207000 JavaThread "Cache worker for cache directory md-rule (C:\Users\Laptop_Store\.gradle\caches\8.13\md-rule)"        [_thread_blocked, id=12400, stack(0x0000006362300000,0x0000006362400000) (1024K)]
  0x0000025b28200d90 JavaThread "Unconstrained build operations"        [_thread_blocked, id=7228, stack(0x0000006362100000,0x0000006362200000) (1024K)]
  0x0000025b28205c50 JavaThread "Unconstrained build operations Thread 2"        [_thread_blocked, id=1332, stack(0x0000006362400000,0x0000006362500000) (1024K)]
  0x0000025b28207690 JavaThread "Unconstrained build operations Thread 3"        [_thread_blocked, id=7532, stack(0x0000006362500000,0x0000006362600000) (1024K)]
  0x0000025b282062e0 JavaThread "Unconstrained build operations Thread 4"        [_thread_blocked, id=5772, stack(0x0000006362600000,0x0000006362700000) (1024K)]
  0x0000025b28202140 JavaThread "Unconstrained build operations Thread 5"        [_thread_blocked, id=8432, stack(0x0000006362700000,0x0000006362800000) (1024K)]
  0x0000025b28200700 JavaThread "Unconstrained build operations Thread 6"        [_thread_blocked, id=3268, stack(0x0000006362800000,0x0000006362900000) (1024K)]
  0x0000025b28201ab0 JavaThread "Unconstrained build operations Thread 7"        [_thread_blocked, id=11128, stack(0x0000006362900000,0x0000006362a00000) (1024K)]
  0x0000025b282027d0 JavaThread "Unconstrained build operations Thread 8"        [_thread_blocked, id=10228, stack(0x0000006362a00000,0x0000006362b00000) (1024K)]
  0x0000025b261a8820 JavaThread "jar transforms Thread 4"           [_thread_blocked, id=7352, stack(0x0000006362c00000,0x0000006362d00000) (1024K)]
  0x0000025b261abca0 JavaThread "jar transforms Thread 5"           [_thread_blocked, id=13264, stack(0x0000006362d00000,0x0000006362e00000) (1024K)]
  0x0000025b261aa260 JavaThread "Unconstrained build operations Thread 9"        [_thread_blocked, id=11420, stack(0x0000006362e00000,0x0000006362f00000) (1024K)]
  0x0000025b261aaf80 JavaThread "Unconstrained build operations Thread 10"        [_thread_blocked, id=14260, stack(0x0000006362f00000,0x0000006363000000) (1024K)]
  0x0000025b261ac330 JavaThread "Unconstrained build operations Thread 11"        [_thread_blocked, id=12776, stack(0x0000006363000000,0x0000006363100000) (1024K)]
  0x0000025b261ab610 JavaThread "Unconstrained build operations Thread 12"        [_thread_blocked, id=9040, stack(0x0000006363100000,0x0000006363200000) (1024K)]
  0x0000025b261ac9c0 JavaThread "jar transforms Thread 6"           [_thread_blocked, id=6292, stack(0x0000006363200000,0x0000006363300000) (1024K)]
  0x0000025b261ad050 JavaThread "jar transforms Thread 7"           [_thread_blocked, id=11956, stack(0x0000006363300000,0x0000006363400000) (1024K)]
  0x0000025b261ad6e0 JavaThread "jar transforms Thread 8"           [_thread_blocked, id=14080, stack(0x0000006363400000,0x0000006363500000) (1024K)]
  0x0000025b261a8190 JavaThread "Unconstrained build operations Thread 13"        [_thread_blocked, id=7392, stack(0x0000006363500000,0x0000006363600000) (1024K)]
  0x0000025b261aea90 JavaThread "Unconstrained build operations Thread 14"        [_thread_blocked, id=13096, stack(0x0000006363600000,0x0000006363700000) (1024K)]
  0x0000025b261a8eb0 JavaThread "Unconstrained build operations Thread 15"        [_thread_blocked, id=3160, stack(0x0000006363700000,0x0000006363800000) (1024K)]
  0x0000025b261a9bd0 JavaThread "Unconstrained build operations Thread 16"        [_thread_blocked, id=10820, stack(0x0000006363800000,0x0000006363900000) (1024K)]
  0x0000025b261af120 JavaThread "Unconstrained build operations Thread 17"        [_thread_blocked, id=1156, stack(0x0000006363900000,0x0000006363a00000) (1024K)]
  0x0000025b261af7b0 JavaThread "Unconstrained build operations Thread 18"        [_thread_blocked, id=13144, stack(0x0000006363a00000,0x0000006363b00000) (1024K)]
  0x0000025b261aa8f0 JavaThread "Unconstrained build operations Thread 19"        [_thread_blocked, id=6356, stack(0x0000006363b00000,0x0000006363c00000) (1024K)]
  0x0000025b283265d0 JavaThread "Unconstrained build operations Thread 20"        [_thread_blocked, id=10384, stack(0x0000006363c00000,0x0000006363d00000) (1024K)]
  0x0000025b2832c1b0 JavaThread "Unconstrained build operations Thread 21"        [_thread_blocked, id=11876, stack(0x0000006363d00000,0x0000006363e00000) (1024K)]
  0x0000025b2832a770 JavaThread "Unconstrained build operations Thread 22"        [_thread_blocked, id=2604, stack(0x0000006363e00000,0x0000006363f00000) (1024K)]
  0x0000025b2832bb20 JavaThread "Unconstrained build operations Thread 23"        [_thread_blocked, id=3904, stack(0x0000006363f00000,0x0000006364000000) (1024K)]
  0x0000025b2832ae00 JavaThread "Unconstrained build operations Thread 24"        [_thread_blocked, id=8708, stack(0x0000006364000000,0x0000006364100000) (1024K)]
  0x0000025b2832c840 JavaThread "Unconstrained build operations Thread 25"        [_thread_blocked, id=2876, stack(0x0000006364100000,0x0000006364200000) (1024K)]
  0x0000025b28326c60 JavaThread "Unconstrained build operations Thread 26"        [_thread_blocked, id=9096, stack(0x0000006364200000,0x0000006364300000) (1024K)]
  0x0000025b28329a50 JavaThread "Unconstrained build operations Thread 27"        [_thread_blocked, id=7016, stack(0x0000006364300000,0x0000006364400000) (1024K)]
  0x0000025b283293c0 JavaThread "Unconstrained build operations Thread 28"        [_thread_blocked, id=13976, stack(0x0000006364400000,0x0000006364500000) (1024K)]
  0x0000025b2832ced0 JavaThread "Unconstrained build operations Thread 29"        [_thread_blocked, id=1472, stack(0x0000006364500000,0x0000006364600000) (1024K)]
  0x0000025b28325f40 JavaThread "Unconstrained build operations Thread 30"        [_thread_blocked, id=12144, stack(0x0000006364600000,0x0000006364700000) (1024K)]
  0x0000025b2832a0e0 JavaThread "Unconstrained build operations Thread 31"        [_thread_blocked, id=1468, stack(0x0000006364700000,0x0000006364800000) (1024K)]
  0x0000025b2832b490 JavaThread "Unconstrained build operations Thread 32"        [_thread_blocked, id=10496, stack(0x0000006364800000,0x0000006364900000) (1024K)]
  0x0000025b28328d30 JavaThread "Unconstrained build operations Thread 33"        [_thread_blocked, id=2772, stack(0x0000006364900000,0x0000006364a00000) (1024K)]
  0x0000025b283272f0 JavaThread "build event listener"              [_thread_blocked, id=12192, stack(0x0000006361800000,0x0000006361900000) (1024K)]
  0x0000025b28327980 JavaThread "Memory manager"                    [_thread_blocked, id=12040, stack(0x0000006364a00000,0x0000006364b00000) (1024K)]
  0x0000025b23f1c190 JavaThread "C2 CompilerThread1"         daemon [_thread_blocked, id=6160, stack(0x0000006362b00000,0x0000006362c00000) (1024K)]
Total: 76

Other Threads:
=>0x0000025b1d48a110 VMThread "VM Thread"                           [id=10368, stack(0x000000635f700000,0x000000635f800000) (1024K)]
  0x0000025b1d3f7a10 WatcherThread "VM Periodic Task Thread"        [id=8848, stack(0x000000635f600000,0x000000635f700000) (1024K)]
  0x0000025b05dd90a0 WorkerThread "GC Thread#0"                     [id=13808, stack(0x000000635f100000,0x000000635f200000) (1024K)]
  0x0000025b221689b0 WorkerThread "GC Thread#1"                     [id=11352, stack(0x0000006360400000,0x0000006360500000) (1024K)]
  0x0000025b2228a000 WorkerThread "GC Thread#2"                     [id=7736, stack(0x0000006360500000,0x0000006360600000) (1024K)]
  0x0000025b231e2a20 WorkerThread "GC Thread#3"                     [id=9672, stack(0x0000006360600000,0x0000006360700000) (1024K)]
  0x0000025b22c0f710 WorkerThread "GC Thread#4"                     [id=12464, stack(0x0000006360700000,0x0000006360800000) (1024K)]
  0x0000025b232c6240 WorkerThread "GC Thread#5"                     [id=10884, stack(0x0000006360300000,0x0000006360400000) (1024K)]
  0x0000025b23b8f3b0 WorkerThread "GC Thread#6"                     [id=9220, stack(0x0000006360800000,0x0000006360900000) (1024K)]
  0x0000025b23b8f750 WorkerThread "GC Thread#7"                     [id=12120, stack(0x0000006360900000,0x0000006360a00000) (1024K)]
  0x0000025b03b7bf90 ConcurrentGCThread "G1 Main Marker"            [id=4008, stack(0x000000635f200000,0x000000635f300000) (1024K)]
  0x0000025b03b7c9a0 WorkerThread "G1 Conc#0"                       [id=13256, stack(0x000000635f300000,0x000000635f400000) (1024K)]
  0x0000025b23d0ddb0 WorkerThread "G1 Conc#1"                       [id=12416, stack(0x0000006361400000,0x0000006361500000) (1024K)]
  0x0000025b1d2ccd40 ConcurrentGCThread "G1 Refine#0"               [id=11200, stack(0x000000635f400000,0x000000635f500000) (1024K)]
  0x0000025b1d2cf570 ConcurrentGCThread "G1 Service"                [id=12356, stack(0x000000635f500000,0x000000635f600000) (1024K)]
Total: 15

Threads with active compile tasks:
C2 CompilerThread0  22742 11493       4       java.lang.Class::getMethodsRecursive (99 bytes)
C2 CompilerThread1  22742 11461       4       groovy.lang.MetaClassImpl$1MOPIter::methodNameAction (325 bytes)
Total: 2

VM state: at safepoint (normal execution)

VM Mutex/Monitor currently owned by a thread:  ([mutex/lock_event])
[0x00007ffda63f85b8] Threads_lock - owner thread: 0x0000025b1d48a110
[0x00007ffda63f86b8] Heap_lock - owner thread: 0x0000025b23e042c0

Heap address: 0x0000000080000000, size: 2048 MB, Compressed Oops mode: 32-bit

CDS archive(s) not mapped
Compressed class space mapped at: 0x0000000100000000-0x0000000140000000, reserved size: 1073741824
Narrow klass base: 0x0000000000000000, Narrow klass shift: 3, Narrow klass range: 0x140000000

GC Precious Log:
 CardTable entry size: 512
 Card Set container configuration: InlinePtr #cards 5 size 8 Array Of Cards #cards 12 size 40 Howl #buckets 4 coarsen threshold 1843 Howl Bitmap #cards 512 size 80 coarsen threshold 460 Card regions per heap region 1 cards per card region 2048
 CPUs: 8 total, 8 available
 Memory: 8050M
 Large Page Support: Disabled
 NUMA Support: Disabled
 Compressed Oops: Enabled (32-bit)
 Heap Region Size: 1M
 Heap Min Capacity: 8M
 Heap Initial Capacity: 126M
 Heap Max Capacity: 2G
 Pre-touch: Disabled
 Parallel Workers: 8
 Concurrent Workers: 2
 Concurrent Refinement Workers: 8
 Periodic GC: Disabled

Heap:
 garbage-first heap   total 143360K, used 89648K [0x0000000080000000, 0x0000000100000000)
  region size 1024K, 6 young (6144K), 6 survivors (6144K)
 Metaspace       used 108148K, committed 110336K, reserved 1179648K
  class space    used 15223K, committed 16320K, reserved 1048576K

Heap Regions: E=young(eden), S=young(survivor), O=old, HS=humongous(starts), HC=humongous(continues), CS=collection set, F=free, TAMS=top-at-mark-start, PB=parsable bottom
|   0|0x0000000080000000, 0x0000000080100000, 0x0000000080100000|100%|HS|  |TAMS 0x0000000080000000| PB 0x0000000080000000| Complete 
|   1|0x0000000080100000, 0x0000000080200000, 0x0000000080200000|100%|HC|  |TAMS 0x0000000080100000| PB 0x0000000080100000| Complete 
|   2|0x0000000080200000, 0x0000000080300000, 0x0000000080300000|100%|HC|  |TAMS 0x0000000080200000| PB 0x0000000080200000| Complete 
|   3|0x0000000080300000, 0x0000000080400000, 0x0000000080400000|100%| O|  |TAMS 0x0000000080300000| PB 0x0000000080300000| Untracked 
|   4|0x0000000080400000, 0x0000000080500000, 0x0000000080500000|100%| O|  |TAMS 0x0000000080400000| PB 0x0000000080400000| Untracked 
|   5|0x0000000080500000, 0x0000000080600000, 0x0000000080600000|100%| O|  |TAMS 0x0000000080500000| PB 0x0000000080500000| Untracked 
|   6|0x0000000080600000, 0x0000000080700000, 0x0000000080700000|100%|HS|  |TAMS 0x0000000080600000| PB 0x0000000080600000| Complete 
|   7|0x0000000080700000, 0x0000000080800000, 0x0000000080800000|100%| O|  |TAMS 0x0000000080700000| PB 0x0000000080700000| Untracked 
|   8|0x0000000080800000, 0x0000000080900000, 0x0000000080900000|100%| O|  |TAMS 0x0000000080800000| PB 0x0000000080800000| Untracked 
|   9|0x0000000080900000, 0x0000000080a00000, 0x0000000080a00000|100%| O|  |TAMS 0x0000000080900000| PB 0x0000000080900000| Untracked 
|  10|0x0000000080a00000, 0x0000000080b00000, 0x0000000080b00000|100%| O|  |TAMS 0x0000000080a00000| PB 0x0000000080a00000| Untracked 
|  11|0x0000000080b00000, 0x0000000080c00000, 0x0000000080c00000|100%| O|  |TAMS 0x0000000080b00000| PB 0x0000000080b00000| Untracked 
|  12|0x0000000080c00000, 0x0000000080d00000, 0x0000000080d00000|100%| O|  |TAMS 0x0000000080c00000| PB 0x0000000080c00000| Untracked 
|  13|0x0000000080d00000, 0x0000000080e00000, 0x0000000080e00000|100%| O|  |TAMS 0x0000000080d00000| PB 0x0000000080d00000| Untracked 
|  14|0x0000000080e00000, 0x0000000080f00000, 0x0000000080f00000|100%| O|  |TAMS 0x0000000080e00000| PB 0x0000000080e00000| Untracked 
|  15|0x0000000080f00000, 0x0000000081000000, 0x0000000081000000|100%| O|  |TAMS 0x0000000080f00000| PB 0x0000000080f00000| Untracked 
|  16|0x0000000081000000, 0x0000000081100000, 0x0000000081100000|100%| O|  |TAMS 0x0000000081000000| PB 0x0000000081000000| Untracked 
|  17|0x0000000081100000, 0x0000000081200000, 0x0000000081200000|100%| O|  |TAMS 0x0000000081100000| PB 0x0000000081100000| Untracked 
|  18|0x0000000081200000, 0x0000000081300000, 0x0000000081300000|100%| O|  |TAMS 0x0000000081200000| PB 0x0000000081200000| Untracked 
|  19|0x0000000081300000, 0x0000000081400000, 0x0000000081400000|100%| O|  |TAMS 0x0000000081300000| PB 0x0000000081300000| Untracked 
|  20|0x0000000081400000, 0x0000000081500000, 0x0000000081500000|100%| O|  |TAMS 0x0000000081400000| PB 0x0000000081400000| Untracked 
|  21|0x0000000081500000, 0x0000000081600000, 0x0000000081600000|100%| O|  |TAMS 0x0000000081500000| PB 0x0000000081500000| Untracked 
|  22|0x0000000081600000, 0x0000000081700000, 0x0000000081700000|100%| O|  |TAMS 0x0000000081600000| PB 0x0000000081600000| Untracked 
|  23|0x0000000081700000, 0x0000000081800000, 0x0000000081800000|100%| O|  |TAMS 0x0000000081700000| PB 0x0000000081700000| Untracked 
|  24|0x0000000081800000, 0x0000000081900000, 0x0000000081900000|100%| O|  |TAMS 0x0000000081800000| PB 0x0000000081800000| Untracked 
|  25|0x0000000081900000, 0x0000000081a00000, 0x0000000081a00000|100%| O|  |TAMS 0x0000000081900000| PB 0x0000000081900000| Untracked 
|  26|0x0000000081a00000, 0x0000000081b00000, 0x0000000081b00000|100%| O|  |TAMS 0x0000000081a00000| PB 0x0000000081a00000| Untracked 
|  27|0x0000000081b00000, 0x0000000081c00000, 0x0000000081c00000|100%| O|  |TAMS 0x0000000081b00000| PB 0x0000000081b00000| Untracked 
|  28|0x0000000081c00000, 0x0000000081d00000, 0x0000000081d00000|100%| O|  |TAMS 0x0000000081c00000| PB 0x0000000081c00000| Untracked 
|  29|0x0000000081d00000, 0x0000000081e00000, 0x0000000081e00000|100%| O|  |TAMS 0x0000000081d00000| PB 0x0000000081d00000| Untracked 
|  30|0x0000000081e00000, 0x0000000081e00000, 0x0000000081f00000|  0%| F|  |TAMS 0x0000000081e00000| PB 0x0000000081e00000| Untracked 
|  31|0x0000000081f00000, 0x0000000082000000, 0x0000000082000000|100%| O|  |TAMS 0x0000000081f00000| PB 0x0000000081f00000| Untracked 
|  32|0x0000000082000000, 0x0000000082100000, 0x0000000082100000|100%| O|  |TAMS 0x0000000082000000| PB 0x0000000082000000| Untracked 
|  33|0x0000000082100000, 0x0000000082200000, 0x0000000082200000|100%| O|  |TAMS 0x0000000082100000| PB 0x0000000082100000| Untracked 
|  34|0x0000000082200000, 0x0000000082300000, 0x0000000082300000|100%| O|  |TAMS 0x0000000082200000| PB 0x0000000082200000| Untracked 
|  35|0x0000000082300000, 0x0000000082400000, 0x0000000082400000|100%| O|  |TAMS 0x0000000082300000| PB 0x0000000082300000| Untracked 
|  36|0x0000000082400000, 0x0000000082500000, 0x0000000082500000|100%| O|  |TAMS 0x0000000082400000| PB 0x0000000082400000| Untracked 
|  37|0x0000000082500000, 0x0000000082600000, 0x0000000082600000|100%| O|  |TAMS 0x0000000082500000| PB 0x0000000082500000| Untracked 
|  38|0x0000000082600000, 0x0000000082700000, 0x0000000082700000|100%| O|  |TAMS 0x0000000082600000| PB 0x0000000082600000| Untracked 
|  39|0x0000000082700000, 0x0000000082800000, 0x0000000082800000|100%| O|  |TAMS 0x0000000082700000| PB 0x0000000082700000| Untracked 
|  40|0x0000000082800000, 0x0000000082900000, 0x0000000082900000|100%| O|  |TAMS 0x0000000082800000| PB 0x0000000082800000| Untracked 
|  41|0x0000000082900000, 0x0000000082a00000, 0x0000000082a00000|100%| O|  |TAMS 0x0000000082900000| PB 0x0000000082900000| Untracked 
|  42|0x0000000082a00000, 0x0000000082b00000, 0x0000000082b00000|100%| O|  |TAMS 0x0000000082a00000| PB 0x0000000082a00000| Untracked 
|  43|0x0000000082b00000, 0x0000000082c00000, 0x0000000082c00000|100%| O|  |TAMS 0x0000000082b00000| PB 0x0000000082b00000| Untracked 
|  44|0x0000000082c00000, 0x0000000082d00000, 0x0000000082d00000|100%| O|  |TAMS 0x0000000082c00000| PB 0x0000000082c00000| Untracked 
|  45|0x0000000082d00000, 0x0000000082e00000, 0x0000000082e00000|100%| O|  |TAMS 0x0000000082d00000| PB 0x0000000082d00000| Untracked 
|  46|0x0000000082e00000, 0x0000000082f00000, 0x0000000082f00000|100%| O|  |TAMS 0x0000000082e00000| PB 0x0000000082e00000| Untracked 
|  47|0x0000000082f00000, 0x0000000083000000, 0x0000000083000000|100%| O|  |TAMS 0x0000000082f00000| PB 0x0000000082f00000| Untracked 
|  48|0x0000000083000000, 0x0000000083100000, 0x0000000083100000|100%|HS|  |TAMS 0x0000000083000000| PB 0x0000000083000000| Complete 
|  49|0x0000000083100000, 0x0000000083200000, 0x0000000083200000|100%|HS|  |TAMS 0x0000000083100000| PB 0x0000000083100000| Complete 
|  50|0x0000000083200000, 0x0000000083300000, 0x0000000083300000|100%|HS|  |TAMS 0x0000000083200000| PB 0x0000000083200000| Complete 
|  51|0x0000000083300000, 0x0000000083400000, 0x0000000083400000|100%|HS|  |TAMS 0x0000000083300000| PB 0x0000000083300000| Complete 
|  52|0x0000000083400000, 0x0000000083500000, 0x0000000083500000|100%| O|  |TAMS 0x0000000083400000| PB 0x0000000083400000| Untracked 
|  53|0x0000000083500000, 0x0000000083600000, 0x0000000083600000|100%|HS|  |TAMS 0x0000000083500000| PB 0x0000000083500000| Complete 
|  54|0x0000000083600000, 0x0000000083700000, 0x0000000083700000|100%|HS|  |TAMS 0x0000000083600000| PB 0x0000000083600000| Complete 
|  55|0x0000000083700000, 0x0000000083800000, 0x0000000083800000|100%| O|  |TAMS 0x0000000083700000| PB 0x0000000083700000| Untracked 
|  56|0x0000000083800000, 0x0000000083900000, 0x0000000083900000|100%| O|  |TAMS 0x0000000083800000| PB 0x0000000083800000| Untracked 
|  57|0x0000000083900000, 0x0000000083a00000, 0x0000000083a00000|100%| O|  |TAMS 0x0000000083900000| PB 0x0000000083900000| Untracked 
|  58|0x0000000083a00000, 0x0000000083b00000, 0x0000000083b00000|100%| O|  |TAMS 0x0000000083a00000| PB 0x0000000083a00000| Untracked 
|  59|0x0000000083b00000, 0x0000000083c00000, 0x0000000083c00000|100%| O|  |TAMS 0x0000000083b00000| PB 0x0000000083b00000| Untracked 
|  60|0x0000000083c00000, 0x0000000083d00000, 0x0000000083d00000|100%| O|  |TAMS 0x0000000083c00000| PB 0x0000000083c00000| Untracked 
|  61|0x0000000083d00000, 0x0000000083e00000, 0x0000000083e00000|100%| O|  |TAMS 0x0000000083d00000| PB 0x0000000083d00000| Untracked 
|  62|0x0000000083e00000, 0x0000000083f00000, 0x0000000083f00000|100%| O|  |TAMS 0x0000000083e00000| PB 0x0000000083e00000| Untracked 
|  63|0x0000000083f00000, 0x0000000084000000, 0x0000000084000000|100%| O|  |TAMS 0x0000000083f00000| PB 0x0000000083f00000| Untracked 
|  64|0x0000000084000000, 0x0000000084100000, 0x0000000084100000|100%| O|  |TAMS 0x0000000084000000| PB 0x0000000084000000| Untracked 
|  65|0x0000000084100000, 0x0000000084200000, 0x0000000084200000|100%| O|  |TAMS 0x0000000084100000| PB 0x0000000084100000| Untracked 
|  66|0x0000000084200000, 0x0000000084300000, 0x0000000084300000|100%|HS|  |TAMS 0x0000000084200000| PB 0x0000000084200000| Complete 
|  67|0x0000000084300000, 0x0000000084400000, 0x0000000084400000|100%| O|  |TAMS 0x0000000084300000| PB 0x0000000084300000| Untracked 
|  68|0x0000000084400000, 0x0000000084500000, 0x0000000084500000|100%| O|  |TAMS 0x0000000084400000| PB 0x0000000084400000| Untracked 
|  69|0x0000000084500000, 0x0000000084600000, 0x0000000084600000|100%| O|  |TAMS 0x0000000084500000| PB 0x0000000084500000| Untracked 
|  70|0x0000000084600000, 0x0000000084700000, 0x0000000084700000|100%| O|  |TAMS 0x0000000084600000| PB 0x0000000084600000| Untracked 
|  71|0x0000000084700000, 0x0000000084800000, 0x0000000084800000|100%| O|  |TAMS 0x0000000084700000| PB 0x0000000084700000| Untracked 
|  72|0x0000000084800000, 0x0000000084900000, 0x0000000084900000|100%| O|  |TAMS 0x0000000084800000| PB 0x0000000084800000| Untracked 
|  73|0x0000000084900000, 0x0000000084a00000, 0x0000000084a00000|100%| O|  |TAMS 0x0000000084900000| PB 0x0000000084900000| Untracked 
|  74|0x0000000084a00000, 0x0000000084a00000, 0x0000000084b00000|  0%| F|  |TAMS 0x0000000084a00000| PB 0x0000000084a00000| Untracked 
|  75|0x0000000084b00000, 0x0000000084c00000, 0x0000000084c00000|100%| O|  |TAMS 0x0000000084b00000| PB 0x0000000084b00000| Untracked 
|  76|0x0000000084c00000, 0x0000000084c00000, 0x0000000084d00000|  0%| F|  |TAMS 0x0000000084c00000| PB 0x0000000084c00000| Untracked 
|  77|0x0000000084d00000, 0x0000000084e00000, 0x0000000084e00000|100%| O|  |TAMS 0x0000000084d00000| PB 0x0000000084d00000| Untracked 
|  78|0x0000000084e00000, 0x0000000084f00000, 0x0000000084f00000|100%| O|  |TAMS 0x0000000084e00000| PB 0x0000000084e00000| Untracked 
|  79|0x0000000084f00000, 0x0000000085000000, 0x0000000085000000|100%| O|  |TAMS 0x0000000084f00000| PB 0x0000000084f00000| Untracked 
|  80|0x0000000085000000, 0x0000000085100000, 0x0000000085100000|100%| O|  |TAMS 0x0000000085000000| PB 0x0000000085000000| Untracked 
|  81|0x0000000085100000, 0x000000008518c370, 0x0000000085200000| 54%| O|  |TAMS 0x0000000085100000| PB 0x0000000085100000| Untracked 
|  82|0x0000000085200000, 0x0000000085200000, 0x0000000085300000|  0%| F|  |TAMS 0x0000000085200000| PB 0x0000000085200000| Untracked 
|  83|0x0000000085300000, 0x0000000085400000, 0x0000000085400000|100%| S|CS|TAMS 0x0000000085300000| PB 0x0000000085300000| Complete 
|  84|0x0000000085400000, 0x0000000085500000, 0x0000000085500000|100%| S|CS|TAMS 0x0000000085400000| PB 0x0000000085400000| Complete 
|  85|0x0000000085500000, 0x0000000085600000, 0x0000000085600000|100%| S|CS|TAMS 0x0000000085500000| PB 0x0000000085500000| Complete 
|  86|0x0000000085600000, 0x0000000085700000, 0x0000000085700000|100%| S|CS|TAMS 0x0000000085600000| PB 0x0000000085600000| Complete 
|  87|0x0000000085700000, 0x0000000085800000, 0x0000000085800000|100%| S|CS|TAMS 0x0000000085700000| PB 0x0000000085700000| Complete 
|  88|0x0000000085800000, 0x0000000085800000, 0x0000000085900000|  0%| F|  |TAMS 0x0000000085800000| PB 0x0000000085800000| Untracked 
|  89|0x0000000085900000, 0x0000000085900000, 0x0000000085a00000|  0%| F|  |TAMS 0x0000000085900000| PB 0x0000000085900000| Untracked 
|  90|0x0000000085a00000, 0x0000000085a00000, 0x0000000085b00000|  0%| F|  |TAMS 0x0000000085a00000| PB 0x0000000085a00000| Untracked 
|  91|0x0000000085b00000, 0x0000000085b00000, 0x0000000085c00000|  0%| F|  |TAMS 0x0000000085b00000| PB 0x0000000085b00000| Untracked 
|  92|0x0000000085c00000, 0x0000000085c00000, 0x0000000085d00000|  0%| F|  |TAMS 0x0000000085c00000| PB 0x0000000085c00000| Untracked 
|  93|0x0000000085d00000, 0x0000000085e00000, 0x0000000085e00000|100%| S|CS|TAMS 0x0000000085d00000| PB 0x0000000085d00000| Complete 
|  94|0x0000000085e00000, 0x0000000085e00000, 0x0000000085f00000|  0%| F|  |TAMS 0x0000000085e00000| PB 0x0000000085e00000| Untracked 
|  95|0x0000000085f00000, 0x0000000085f00000, 0x0000000086000000|  0%| F|  |TAMS 0x0000000085f00000| PB 0x0000000085f00000| Untracked 
|  96|0x0000000086000000, 0x0000000086000000, 0x0000000086100000|  0%| F|  |TAMS 0x0000000086000000| PB 0x0000000086000000| Untracked 
|  97|0x0000000086100000, 0x0000000086100000, 0x0000000086200000|  0%| F|  |TAMS 0x0000000086100000| PB 0x0000000086100000| Untracked 
|  98|0x0000000086200000, 0x0000000086200000, 0x0000000086300000|  0%| F|  |TAMS 0x0000000086200000| PB 0x0000000086200000| Untracked 
|  99|0x0000000086300000, 0x0000000086300000, 0x0000000086400000|  0%| F|  |TAMS 0x0000000086300000| PB 0x0000000086300000| Untracked 
| 100|0x0000000086400000, 0x0000000086400000, 0x0000000086500000|  0%| F|  |TAMS 0x0000000086400000| PB 0x0000000086400000| Untracked 
| 101|0x0000000086500000, 0x0000000086500000, 0x0000000086600000|  0%| F|  |TAMS 0x0000000086500000| PB 0x0000000086500000| Untracked 
| 102|0x0000000086600000, 0x0000000086600000, 0x0000000086700000|  0%| F|  |TAMS 0x0000000086600000| PB 0x0000000086600000| Untracked 
| 103|0x0000000086700000, 0x0000000086700000, 0x0000000086800000|  0%| F|  |TAMS 0x0000000086700000| PB 0x0000000086700000| Untracked 
| 104|0x0000000086800000, 0x0000000086800000, 0x0000000086900000|  0%| F|  |TAMS 0x0000000086800000| PB 0x0000000086800000| Untracked 
| 105|0x0000000086900000, 0x0000000086900000, 0x0000000086a00000|  0%| F|  |TAMS 0x0000000086900000| PB 0x0000000086900000| Untracked 
| 106|0x0000000086a00000, 0x0000000086a00000, 0x0000000086b00000|  0%| F|  |TAMS 0x0000000086a00000| PB 0x0000000086a00000| Untracked 
| 107|0x0000000086b00000, 0x0000000086b00000, 0x0000000086c00000|  0%| F|  |TAMS 0x0000000086b00000| PB 0x0000000086b00000| Untracked 
| 108|0x0000000086c00000, 0x0000000086c00000, 0x0000000086d00000|  0%| F|  |TAMS 0x0000000086c00000| PB 0x0000000086c00000| Untracked 
| 109|0x0000000086d00000, 0x0000000086d00000, 0x0000000086e00000|  0%| F|  |TAMS 0x0000000086d00000| PB 0x0000000086d00000| Untracked 
| 110|0x0000000086e00000, 0x0000000086e00000, 0x0000000086f00000|  0%| F|  |TAMS 0x0000000086e00000| PB 0x0000000086e00000| Untracked 
| 111|0x0000000086f00000, 0x0000000086f00000, 0x0000000087000000|  0%| F|  |TAMS 0x0000000086f00000| PB 0x0000000086f00000| Untracked 
| 112|0x0000000087000000, 0x0000000087000000, 0x0000000087100000|  0%| F|  |TAMS 0x0000000087000000| PB 0x0000000087000000| Untracked 
| 113|0x0000000087100000, 0x0000000087100000, 0x0000000087200000|  0%| F|  |TAMS 0x0000000087100000| PB 0x0000000087100000| Untracked 
| 114|0x0000000087200000, 0x0000000087200000, 0x0000000087300000|  0%| F|  |TAMS 0x0000000087200000| PB 0x0000000087200000| Untracked 
| 115|0x0000000087300000, 0x0000000087300000, 0x0000000087400000|  0%| F|  |TAMS 0x0000000087300000| PB 0x0000000087300000| Untracked 
| 116|0x0000000087400000, 0x0000000087400000, 0x0000000087500000|  0%| F|  |TAMS 0x0000000087400000| PB 0x0000000087400000| Untracked 
| 117|0x0000000087500000, 0x0000000087500000, 0x0000000087600000|  0%| F|  |TAMS 0x0000000087500000| PB 0x0000000087500000| Untracked 
| 118|0x0000000087600000, 0x0000000087600000, 0x0000000087700000|  0%| F|  |TAMS 0x0000000087600000| PB 0x0000000087600000| Untracked 
| 119|0x0000000087700000, 0x0000000087700000, 0x0000000087800000|  0%| F|  |TAMS 0x0000000087700000| PB 0x0000000087700000| Untracked 
| 120|0x0000000087800000, 0x0000000087800000, 0x0000000087900000|  0%| F|  |TAMS 0x0000000087800000| PB 0x0000000087800000| Untracked 
| 121|0x0000000087900000, 0x0000000087900000, 0x0000000087a00000|  0%| F|  |TAMS 0x0000000087900000| PB 0x0000000087900000| Untracked 
| 122|0x0000000087a00000, 0x0000000087a00000, 0x0000000087b00000|  0%| F|  |TAMS 0x0000000087a00000| PB 0x0000000087a00000| Untracked 
| 123|0x0000000087b00000, 0x0000000087b00000, 0x0000000087c00000|  0%| F|  |TAMS 0x0000000087b00000| PB 0x0000000087b00000| Untracked 
| 124|0x0000000087c00000, 0x0000000087c00000, 0x0000000087d00000|  0%| F|  |TAMS 0x0000000087c00000| PB 0x0000000087c00000| Untracked 
| 125|0x0000000087d00000, 0x0000000087d00000, 0x0000000087e00000|  0%| F|  |TAMS 0x0000000087d00000| PB 0x0000000087d00000| Untracked 
| 126|0x0000000087e00000, 0x0000000087e00000, 0x0000000087f00000|  0%| F|  |TAMS 0x0000000087e00000| PB 0x0000000087e00000| Untracked 
| 127|0x0000000087f00000, 0x0000000087f00000, 0x0000000088000000|  0%| F|  |TAMS 0x0000000087f00000| PB 0x0000000087f00000| Untracked 
| 128|0x0000000088000000, 0x0000000088000000, 0x0000000088100000|  0%| F|  |TAMS 0x0000000088000000| PB 0x0000000088000000| Untracked 
| 129|0x0000000088100000, 0x0000000088100000, 0x0000000088200000|  0%| F|  |TAMS 0x0000000088100000| PB 0x0000000088100000| Untracked 
| 130|0x0000000088200000, 0x0000000088200000, 0x0000000088300000|  0%| F|  |TAMS 0x0000000088200000| PB 0x0000000088200000| Untracked 
| 131|0x0000000088300000, 0x0000000088300000, 0x0000000088400000|  0%| F|  |TAMS 0x0000000088300000| PB 0x0000000088300000| Untracked 
| 132|0x0000000088400000, 0x0000000088400000, 0x0000000088500000|  0%| F|  |TAMS 0x0000000088400000| PB 0x0000000088400000| Untracked 
| 133|0x0000000088500000, 0x0000000088500000, 0x0000000088600000|  0%| F|  |TAMS 0x0000000088500000| PB 0x0000000088500000| Untracked 
| 134|0x0000000088600000, 0x0000000088600000, 0x0000000088700000|  0%| F|  |TAMS 0x0000000088600000| PB 0x0000000088600000| Untracked 
| 135|0x0000000088700000, 0x0000000088700000, 0x0000000088800000|  0%| F|  |TAMS 0x0000000088700000| PB 0x0000000088700000| Untracked 
| 136|0x0000000088800000, 0x0000000088800000, 0x0000000088900000|  0%| F|  |TAMS 0x0000000088800000| PB 0x0000000088800000| Untracked 
|2045|0x00000000ffd00000, 0x00000000ffe00000, 0x00000000ffe00000|100%| O|  |TAMS 0x00000000ffd00000| PB 0x00000000ffd00000| Untracked 
|2046|0x00000000ffe00000, 0x00000000fff00000, 0x00000000fff00000|100%| O|  |TAMS 0x00000000ffe00000| PB 0x00000000ffe00000| Untracked 
|2047|0x00000000fff00000, 0x0000000100000000, 0x0000000100000000|100%| O|  |TAMS 0x00000000fff00000| PB 0x00000000fff00000| Untracked 

Card table byte_map: [0x0000025b18610000,0x0000025b18a10000] _byte_map_base: 0x0000025b18210000

Marking Bits: (CMBitMap*) 0x0000025b05dd96b0
 Bits: [0x0000025b18a10000, 0x0000025b1aa10000)

Polling page: 0x0000025b03d40000

Metaspace:

Usage:
  Non-class:     90.75 MB used.
      Class:     14.87 MB used.
       Both:    105.61 MB used.

Virtual space:
  Non-class space:      128.00 MB reserved,      91.81 MB ( 72%) committed,  2 nodes.
      Class space:        1.00 GB reserved,      15.94 MB (  2%) committed,  1 nodes.
             Both:        1.12 GB reserved,     107.75 MB (  9%) committed. 

Chunk freelists:
   Non-Class:  3.40 MB
       Class:  15.93 MB
        Both:  19.34 MB

MaxMetaspaceSize: unlimited
CompressedClassSpaceSize: 1.00 GB
Initial GC threshold: 21.00 MB
Current GC threshold: 169.81 MB
CDS: off
 - commit_granule_bytes: 65536.
 - commit_granule_words: 8192.
 - virtual_space_node_default_size: 8388608.
 - enlarge_chunks_in_place: 1.
 - use_allocation_guard: 0.


Internal statistics:

num_allocs_failed_limit: 9.
num_arena_births: 4130.
num_arena_deaths: 0.
num_vsnodes_births: 3.
num_vsnodes_deaths: 0.
num_space_committed: 1724.
num_space_uncommitted: 0.
num_chunks_returned_to_freelist: 9.
num_chunks_taken_from_freelist: 8711.
num_chunk_merges: 9.
num_chunk_splits: 5703.
num_chunks_enlarged: 3606.
num_inconsistent_stats: 0.

CodeHeap 'non-profiled nmethods': size=120000Kb used=5794Kb max_used=5794Kb free=114205Kb
 bounds [0x0000025b109b0000, 0x0000025b10f60000, 0x0000025b17ee0000]
CodeHeap 'profiled nmethods': size=120000Kb used=18153Kb max_used=18153Kb free=101847Kb
 bounds [0x0000025b08ee0000, 0x0000025b0a0a0000, 0x0000025b10410000]
CodeHeap 'non-nmethods': size=5760Kb used=2867Kb max_used=2958Kb free=2892Kb
 bounds [0x0000025b10410000, 0x0000025b10700000, 0x0000025b109b0000]
CodeCache: size=245760Kb, used=26814Kb, max_used=26905Kb, free=218944Kb
 total_blobs=10778, nmethods=9792, adapters=889, full_count=0
Compilation: enabled, stopped_count=0, restarted_count=0

Compilation events (20 events):
Event: 22.678 Thread 0x0000025b1d648490 11513       3       java.util.stream.AbstractPipeline::evaluate (44 bytes)
Event: 22.678 Thread 0x0000025b1d648490 nmethod 11513 0x0000025b0a094390 code [0x0000025b0a0945e0, 0x0000025b0a094ea0]
Event: 22.678 Thread 0x0000025b1d648490 11514       3       java.util.stream.ReferencePipeline::makeNodeBuilder (6 bytes)
Event: 22.679 Thread 0x0000025b1d648490 nmethod 11514 0x0000025b0a095190 code [0x0000025b0a095340, 0x0000025b0a095480]
Event: 22.679 Thread 0x0000025b1d648490 11515       3       java.util.stream.Nodes::builder (30 bytes)
Event: 22.679 Thread 0x0000025b1d648490 nmethod 11515 0x0000025b0a095510 code [0x0000025b0a095700, 0x0000025b0a095cd8]
Event: 22.680 Thread 0x0000025b1d648490 11516       3       java.lang.Thread::getThreadGroup (30 bytes)
Event: 22.681 Thread 0x0000025b1d648490 nmethod 11516 0x0000025b0a095f10 code [0x0000025b0a096100, 0x0000025b0a096750]
Event: 22.681 Thread 0x0000025b1d648490 11517       3       java.lang.Thread::isTerminated (16 bytes)
Event: 22.681 Thread 0x0000025b1d648490 nmethod 11517 0x0000025b0a096910 code [0x0000025b0a096ac0, 0x0000025b0a096d30]
Event: 22.682 Thread 0x0000025b1d648490 11518       3       java.lang.Thread::getContextClassLoader (30 bytes)
Event: 22.683 Thread 0x0000025b1d648490 nmethod 11518 0x0000025b0a096e10 code [0x0000025b0a096fc0, 0x0000025b0a097218]
Event: 22.686 Thread 0x0000025b1d648490 11519       3       java.beans.PropertyDescriptor::<init> (112 bytes)
Event: 22.687 Thread 0x0000025b1d648490 nmethod 11519 0x0000025b0a097310 code [0x0000025b0a097540, 0x0000025b0a097c70]
Event: 22.687 Thread 0x0000025b1d648490 11520   !   3       java.beans.PropertyDescriptor::updateGenericsFor (37 bytes)
Event: 22.688 Thread 0x0000025b1d648490 nmethod 11520 0x0000025b0a097f10 code [0x0000025b0a0981e0, 0x0000025b0a0991f0]
Event: 22.688 Thread 0x0000025b1d648490 11522       3       java.util.LinkedList$ListItr::set (28 bytes)
Event: 22.688 Thread 0x0000025b1d648490 nmethod 11522 0x0000025b0a099790 code [0x0000025b0a099980, 0x0000025b0a099d70]
Event: 22.688 Thread 0x0000025b1d648490 11521       3       java.beans.Introspector::isAssignable (27 bytes)
Event: 22.689 Thread 0x0000025b1d648490 nmethod 11521 0x0000025b0a099f90 code [0x0000025b0a09a140, 0x0000025b0a09a330]

GC Heap History (20 events):
Event: 15.382 GC heap after
{Heap after GC invocations=26 (full 0):
 garbage-first heap   total 118784K, used 67919K [0x0000000080000000, 0x0000000100000000)
  region size 1024K, 6 young (6144K), 6 survivors (6144K)
 Metaspace       used 75536K, committed 77312K, reserved 1179648K
  class space    used 10577K, committed 11456K, reserved 1048576K
}
Event: 15.865 GC heap before
{Heap before GC invocations=26 (full 0):
 garbage-first heap   total 118784K, used 99663K [0x0000000080000000, 0x0000000100000000)
  region size 1024K, 38 young (38912K), 6 survivors (6144K)
 Metaspace       used 79138K, committed 80896K, reserved 1179648K
  class space    used 10978K, committed 11840K, reserved 1048576K
}
Event: 15.873 GC heap after
{Heap after GC invocations=27 (full 0):
 garbage-first heap   total 118784K, used 67721K [0x0000000080000000, 0x0000000100000000)
  region size 1024K, 1 young (1024K), 1 survivors (1024K)
 Metaspace       used 79138K, committed 80896K, reserved 1179648K
  class space    used 10978K, committed 11840K, reserved 1048576K
}
Event: 16.537 GC heap before
{Heap before GC invocations=27 (full 0):
 garbage-first heap   total 118784K, used 101513K [0x0000000080000000, 0x0000000100000000)
  region size 1024K, 34 young (34816K), 1 survivors (1024K)
 Metaspace       used 82870K, committed 84800K, reserved 1179648K
  class space    used 11469K, committed 12416K, reserved 1048576K
}
Event: 16.542 GC heap after
{Heap after GC invocations=28 (full 0):
 garbage-first heap   total 118784K, used 68904K [0x0000000080000000, 0x0000000100000000)
  region size 1024K, 3 young (3072K), 3 survivors (3072K)
 Metaspace       used 82870K, committed 84800K, reserved 1179648K
  class space    used 11469K, committed 12416K, reserved 1048576K
}
Event: 17.159 GC heap before
{Heap before GC invocations=29 (full 0):
 garbage-first heap   total 118784K, used 107816K [0x0000000080000000, 0x0000000100000000)
  region size 1024K, 37 young (37888K), 3 survivors (3072K)
 Metaspace       used 85412K, committed 87232K, reserved 1179648K
  class space    used 11836K, committed 12736K, reserved 1048576K
}
Event: 17.165 GC heap after
{Heap after GC invocations=30 (full 0):
 garbage-first heap   total 118784K, used 74251K [0x0000000080000000, 0x0000000100000000)
  region size 1024K, 5 young (5120K), 5 survivors (5120K)
 Metaspace       used 85412K, committed 87232K, reserved 1179648K
  class space    used 11836K, committed 12736K, reserved 1048576K
}
Event: 17.693 GC heap before
{Heap before GC invocations=30 (full 0):
 garbage-first heap   total 118784K, used 105995K [0x0000000080000000, 0x0000000100000000)
  region size 1024K, 36 young (36864K), 5 survivors (5120K)
 Metaspace       used 87907K, committed 89792K, reserved 1179648K
  class space    used 12149K, committed 13056K, reserved 1048576K
}
Event: 17.702 GC heap after
{Heap after GC invocations=31 (full 0):
 garbage-first heap   total 143360K, used 75618K [0x0000000080000000, 0x0000000100000000)
  region size 1024K, 2 young (2048K), 2 survivors (2048K)
 Metaspace       used 87907K, committed 89792K, reserved 1179648K
  class space    used 12149K, committed 13056K, reserved 1048576K
}
Event: 18.426 GC heap before
{Heap before GC invocations=31 (full 0):
 garbage-first heap   total 143360K, used 121698K [0x0000000080000000, 0x0000000100000000)
  region size 1024K, 47 young (48128K), 2 survivors (2048K)
 Metaspace       used 90788K, committed 92672K, reserved 1179648K
  class space    used 12520K, committed 13440K, reserved 1048576K
}
Event: 18.433 GC heap after
{Heap after GC invocations=32 (full 0):
 garbage-first heap   total 143360K, used 79872K [0x0000000080000000, 0x0000000100000000)
  region size 1024K, 6 young (6144K), 6 survivors (6144K)
 Metaspace       used 90788K, committed 92672K, reserved 1179648K
  class space    used 12520K, committed 13440K, reserved 1048576K
}
Event: 19.087 GC heap before
{Heap before GC invocations=33 (full 0):
 garbage-first heap   total 143360K, used 125952K [0x0000000080000000, 0x0000000100000000)
  region size 1024K, 50 young (51200K), 6 survivors (6144K)
 Metaspace       used 94321K, committed 96256K, reserved 1179648K
  class space    used 13016K, committed 13952K, reserved 1048576K
}
Event: 19.094 GC heap after
{Heap after GC invocations=34 (full 0):
 garbage-first heap   total 143360K, used 81776K [0x0000000080000000, 0x0000000100000000)
  region size 1024K, 2 young (2048K), 2 survivors (2048K)
 Metaspace       used 94321K, committed 96256K, reserved 1179648K
  class space    used 13016K, committed 13952K, reserved 1048576K
}
Event: 20.031 GC heap before
{Heap before GC invocations=34 (full 0):
 garbage-first heap   total 143360K, used 126832K [0x0000000080000000, 0x0000000100000000)
  region size 1024K, 46 young (47104K), 2 survivors (2048K)
 Metaspace       used 98066K, committed 100096K, reserved 1179648K
  class space    used 13712K, committed 14720K, reserved 1048576K
}
Event: 20.045 GC heap after
{Heap after GC invocations=35 (full 0):
 garbage-first heap   total 143360K, used 81817K [0x0000000080000000, 0x0000000100000000)
  region size 1024K, 4 young (4096K), 4 survivors (4096K)
 Metaspace       used 98066K, committed 100096K, reserved 1179648K
  class space    used 13712K, committed 14720K, reserved 1048576K
}
Event: 21.111 GC heap before
{Heap before GC invocations=35 (full 0):
 garbage-first heap   total 143360K, used 127897K [0x0000000080000000, 0x0000000100000000)
  region size 1024K, 49 young (50176K), 4 survivors (4096K)
 Metaspace       used 101792K, committed 103872K, reserved 1179648K
  class space    used 14247K, committed 15296K, reserved 1048576K
}
Event: 21.118 GC heap after
{Heap after GC invocations=36 (full 0):
 garbage-first heap   total 143360K, used 84430K [0x0000000080000000, 0x0000000100000000)
  region size 1024K, 6 young (6144K), 6 survivors (6144K)
 Metaspace       used 101792K, committed 103872K, reserved 1179648K
  class space    used 14247K, committed 15296K, reserved 1048576K
}
Event: 21.970 GC heap before
{Heap before GC invocations=37 (full 0):
 garbage-first heap   total 143360K, used 129486K [0x0000000080000000, 0x0000000100000000)
  region size 1024K, 50 young (51200K), 6 survivors (6144K)
 Metaspace       used 105065K, committed 107200K, reserved 1179648K
  class space    used 14822K, committed 15872K, reserved 1048576K
}
Event: 21.979 GC heap after
{Heap after GC invocations=38 (full 0):
 garbage-first heap   total 143360K, used 86546K [0x0000000080000000, 0x0000000100000000)
  region size 1024K, 5 young (5120K), 5 survivors (5120K)
 Metaspace       used 105065K, committed 107200K, reserved 1179648K
  class space    used 14822K, committed 15872K, reserved 1048576K
}
Event: 22.691 GC heap before
{Heap before GC invocations=38 (full 0):
 garbage-first heap   total 143360K, used 130578K [0x0000000080000000, 0x0000000100000000)
  region size 1024K, 48 young (49152K), 5 survivors (5120K)
 Metaspace       used 108148K, committed 110336K, reserved 1179648K
  class space    used 15223K, committed 16320K, reserved 1048576K
}

Dll operation events (3 events):
Event: 0.015 Loaded shared library C:\Program Files\Common Files\Android\Android Studio\jbr\bin\java.dll
Event: 0.026 Loaded shared library C:\Program Files\Common Files\Android\Android Studio\jbr\bin\zip.dll
Event: 1.279 Loaded shared library C:\Program Files\Common Files\Android\Android Studio\jbr\bin\verify.dll

Deoptimization events (20 events):
Event: 22.428 Thread 0x0000025b23e042c0 DEOPT PACKING pc=0x0000025b09eee19d sp=0x00000063610f8cf0
Event: 22.428 Thread 0x0000025b23e042c0 DEOPT UNPACKING pc=0x0000025b10464e42 sp=0x00000063610f82b0 mode 0
Event: 22.478 Thread 0x0000025b23e042c0 DEOPT PACKING pc=0x0000025b09eede0e sp=0x00000063610f8cf0
Event: 22.478 Thread 0x0000025b23e042c0 DEOPT UNPACKING pc=0x0000025b10464e42 sp=0x00000063610f82b0 mode 0
Event: 22.511 Thread 0x0000025b23e042c0 Uncommon trap: trap_request=0xffffff76 fr.pc=0x0000025b10f1a0c0 relative=0x00000000000004c0
Event: 22.511 Thread 0x0000025b23e042c0 Uncommon trap: reason=predicate action=maybe_recompile pc=0x0000025b10f1a0c0 method=java.util.TreeMap.getEntryUsingComparator(Ljava/lang/Object;)Ljava/util/TreeMap$Entry; @ 19 c2
Event: 22.511 Thread 0x0000025b23e042c0 DEOPT PACKING pc=0x0000025b10f1a0c0 sp=0x00000063610fb340
Event: 22.511 Thread 0x0000025b23e042c0 DEOPT UNPACKING pc=0x0000025b104646a2 sp=0x00000063610fb2d0 mode 2
Event: 22.529 Thread 0x0000025b23e042c0 Uncommon trap: trap_request=0xffffffde fr.pc=0x0000025b10c63350 relative=0x0000000000000290
Event: 22.529 Thread 0x0000025b23e042c0 Uncommon trap: reason=class_check action=maybe_recompile pc=0x0000025b10c63350 method=java.util.stream.StreamOpFlag.fromCharacteristics(Ljava/util/Spliterator;)I @ 14 c2
Event: 22.529 Thread 0x0000025b23e042c0 DEOPT PACKING pc=0x0000025b10c63350 sp=0x00000063610fb2f0
Event: 22.529 Thread 0x0000025b23e042c0 DEOPT UNPACKING pc=0x0000025b104646a2 sp=0x00000063610fb1d8 mode 2
Event: 22.536 Thread 0x0000025b23e042c0 Uncommon trap: trap_request=0xffffff45 fr.pc=0x0000025b10cc378c relative=0x000000000000070c
Event: 22.536 Thread 0x0000025b23e042c0 Uncommon trap: reason=unstable_if action=reinterpret pc=0x0000025b10cc378c method=java.util.HashMap$HashIterator.<init>(Ljava/util/HashMap;)V @ 45 c2
Event: 22.536 Thread 0x0000025b23e042c0 DEOPT PACKING pc=0x0000025b10cc378c sp=0x00000063610fb7f0
Event: 22.536 Thread 0x0000025b23e042c0 DEOPT UNPACKING pc=0x0000025b104646a2 sp=0x00000063610fb680 mode 2
Event: 22.561 Thread 0x0000025b23e042c0 Uncommon trap: trap_request=0xffffff45 fr.pc=0x0000025b10b49264 relative=0x00000000000004e4
Event: 22.561 Thread 0x0000025b23e042c0 Uncommon trap: reason=unstable_if action=reinterpret pc=0x0000025b10b49264 method=java.util.StringJoiner.add(Ljava/lang/CharSequence;)Ljava/util/StringJoiner; @ 33 c2
Event: 22.561 Thread 0x0000025b23e042c0 DEOPT PACKING pc=0x0000025b10b49264 sp=0x00000063610f94f0
Event: 22.561 Thread 0x0000025b23e042c0 DEOPT UNPACKING pc=0x0000025b104646a2 sp=0x00000063610f94a0 mode 2

Classes loaded (20 events):
Event: 22.060 Loading class com/sun/org/apache/xerces/internal/impl/Constants
Event: 22.062 Loading class com/sun/org/apache/xerces/internal/impl/Constants done
Event: 22.062 Loading class com/sun/org/apache/xerces/internal/impl/Constants$ArrayEnumeration
Event: 22.062 Loading class com/sun/org/apache/xerces/internal/impl/Constants$ArrayEnumeration done
Event: 22.064 Loading class org/xml/sax/helpers/AttributesImpl
Event: 22.064 Loading class org/xml/sax/helpers/AttributesImpl done
Event: 22.065 Loading class java/util/regex/Pattern$Behind
Event: 22.065 Loading class java/util/regex/Pattern$Behind done
Event: 22.065 Loading class java/util/regex/Pattern$Neg
Event: 22.065 Loading class java/util/regex/Pattern$Neg done
Event: 22.077 Loading class javax/xml/datatype/DatatypeConfigurationException
Event: 22.077 Loading class javax/xml/datatype/DatatypeConfigurationException done
Event: 22.082 Loading class com/sun/org/apache/xerces/internal/impl/io/MalformedByteSequenceException
Event: 22.082 Loading class java/io/CharConversionException
Event: 22.083 Loading class java/io/CharConversionException done
Event: 22.083 Loading class com/sun/org/apache/xerces/internal/impl/io/MalformedByteSequenceException done
Event: 22.528 Loading class java/util/TreeMap$KeySpliterator
Event: 22.529 Loading class java/util/TreeMap$TreeMapSpliterator
Event: 22.529 Loading class java/util/TreeMap$TreeMapSpliterator done
Event: 22.529 Loading class java/util/TreeMap$KeySpliterator done

Classes unloaded (0 events):
No events

Classes redefined (0 events):
No events

Internal exceptions (20 events):
Event: 22.621 Thread 0x0000025b23e042c0 Exception <a 'java/lang/ClassNotFoundException'{0x00000000862a4538}: com/android/build/gradle/internal/tasks/AndroidVariantTaskCustomizer> (0x00000000862a4538) 
thrown [s\src\hotspot\share\classfile\systemDictionary.cpp, line 312]
Event: 22.623 Thread 0x0000025b23e042c0 Exception <a 'java/lang/ClassNotFoundException'{0x00000000862bffa0}: com/android/build/gradle/internal/tasks/AndroidVariantTask_DecoratedCustomizer> (0x00000000862bffa0) 
thrown [s\src\hotspot\share\classfile\systemDictionary.cpp, line 312]
Event: 22.635 Thread 0x0000025b23e042c0 Exception <a 'java/lang/ClassNotFoundException'{0x000000008616c3a0}: com/android/build/gradle/internal/tasks/MergeNativeDebugMetadataTask_DecoratedBeanInfo> (0x000000008616c3a0) 
thrown [s\src\hotspot\share\classfile\systemDictionary.cpp, line 312]
Event: 22.636 Thread 0x0000025b23e042c0 Exception <a 'java/lang/ClassNotFoundException'{0x00000000861790c8}: com/android/build/gradle/internal/tasks/MergeNativeDebugMetadataTaskBeanInfo> (0x00000000861790c8) 
thrown [s\src\hotspot\share\classfile\systemDictionary.cpp, line 312]
Event: 22.636 Thread 0x0000025b23e042c0 Exception <a 'java/lang/ClassNotFoundException'{0x0000000086185e70}: com/android/build/gradle/internal/tasks/NonIncrementalTaskBeanInfo> (0x0000000086185e70) 
thrown [s\src\hotspot\share\classfile\systemDictionary.cpp, line 312]
Event: 22.637 Thread 0x0000025b23e042c0 Exception <a 'java/lang/ClassNotFoundException'{0x00000000861929a8}: com/android/build/gradle/internal/tasks/NonIncrementalTaskCustomizer> (0x00000000861929a8) 
thrown [s\src\hotspot\share\classfile\systemDictionary.cpp, line 312]
Event: 22.639 Thread 0x0000025b23e042c0 Exception <a 'java/lang/ClassNotFoundException'{0x00000000861ad148}: com/android/build/gradle/internal/tasks/MergeNativeDebugMetadataTaskCustomizer> (0x00000000861ad148) 
thrown [s\src\hotspot\share\classfile\systemDictionary.cpp, line 312]
Event: 22.642 Thread 0x0000025b23e042c0 Exception <a 'java/lang/ClassNotFoundException'{0x00000000861cb6c8}: com/android/build/gradle/internal/tasks/MergeNativeDebugMetadataTask_DecoratedCustomizer> (0x00000000861cb6c8) 
thrown [s\src\hotspot\share\classfile\systemDictionary.cpp, line 312]
Event: 22.652 Thread 0x0000025b23e042c0 Exception <a 'java/lang/ClassNotFoundException'{0x0000000086069ee0}: com/android/build/gradle/tasks/JavaPreCompileTask_DecoratedBeanInfo> (0x0000000086069ee0) 
thrown [s\src\hotspot\share\classfile\systemDictionary.cpp, line 312]
Event: 22.652 Thread 0x0000025b23e042c0 Exception <a 'java/lang/ClassNotFoundException'{0x0000000086076858}: com/android/build/gradle/tasks/JavaPreCompileTaskBeanInfo> (0x0000000086076858) 
thrown [s\src\hotspot\share\classfile\systemDictionary.cpp, line 312]
Event: 22.653 Thread 0x0000025b23e042c0 Exception <a 'java/lang/ClassNotFoundException'{0x00000000860834f8}: com/android/build/gradle/tasks/JavaPreCompileTaskCustomizer> (0x00000000860834f8) 
thrown [s\src\hotspot\share\classfile\systemDictionary.cpp, line 312]
Event: 22.654 Thread 0x0000025b23e042c0 Exception <a 'java/lang/ClassNotFoundException'{0x00000000860a4620}: com/android/build/gradle/tasks/JavaPreCompileTask_DecoratedCustomizer> (0x00000000860a4620) 
thrown [s\src\hotspot\share\classfile\systemDictionary.cpp, line 312]
Event: 22.664 Thread 0x0000025b23e042c0 Exception <a 'java/lang/ClassNotFoundException'{0x0000000085f5bba8}: com/android/build/gradle/internal/tasks/CheckAarMetadataTask_DecoratedBeanInfo> (0x0000000085f5bba8) 
thrown [s\src\hotspot\share\classfile\systemDictionary.cpp, line 312]
Event: 22.666 Thread 0x0000025b23e042c0 Exception <a 'java/lang/ClassNotFoundException'{0x0000000085f68718}: com/android/build/gradle/internal/tasks/CheckAarMetadataTaskBeanInfo> (0x0000000085f68718) 
thrown [s\src\hotspot\share\classfile\systemDictionary.cpp, line 312]
Event: 22.667 Thread 0x0000025b23e042c0 Exception <a 'java/lang/ClassNotFoundException'{0x0000000085f75290}: com/android/build/gradle/internal/tasks/CheckAarMetadataTaskCustomizer> (0x0000000085f75290) 
thrown [s\src\hotspot\share\classfile\systemDictionary.cpp, line 312]
Event: 22.670 Thread 0x0000025b23e042c0 Exception <a 'java/lang/ClassNotFoundException'{0x0000000085facd68}: com/android/build/gradle/internal/tasks/CheckAarMetadataTask_DecoratedCustomizer> (0x0000000085facd68) 
thrown [s\src\hotspot\share\classfile\systemDictionary.cpp, line 312]
Event: 22.680 Thread 0x0000025b23e042c0 Exception <a 'java/lang/ClassNotFoundException'{0x0000000085e71e60}: com/android/build/gradle/internal/tasks/ProcessNavigationXmlTask_DecoratedBeanInfo> (0x0000000085e71e60) 
thrown [s\src\hotspot\share\classfile\systemDictionary.cpp, line 312]
Event: 22.682 Thread 0x0000025b23e042c0 Exception <a 'java/lang/ClassNotFoundException'{0x0000000085e7eb00}: com/android/build/gradle/internal/tasks/ProcessNavigationXmlTaskBeanInfo> (0x0000000085e7eb00) 
thrown [s\src\hotspot\share\classfile\systemDictionary.cpp, line 312]
Event: 22.683 Thread 0x0000025b23e042c0 Exception <a 'java/lang/ClassNotFoundException'{0x0000000085e8bad8}: com/android/build/gradle/internal/tasks/ProcessNavigationXmlTaskCustomizer> (0x0000000085e8bad8) 
thrown [s\src\hotspot\share\classfile\systemDictionary.cpp, line 312]
Event: 22.685 Thread 0x0000025b23e042c0 Exception <a 'java/lang/ClassNotFoundException'{0x0000000085eb0858}: com/android/build/gradle/internal/tasks/ProcessNavigationXmlTask_DecoratedCustomizer> (0x0000000085eb0858) 
thrown [s\src\hotspot\share\classfile\systemDictionary.cpp, line 312]

ZGC Phase Switch (0 events):
No events

VM Operations (20 events):
Event: 21.038 Executing VM operation: HandshakeAllThreads (Deoptimize) done
Event: 21.111 Executing VM operation: G1CollectForAllocation (G1 Evacuation Pause)
Event: 21.118 Executing VM operation: G1CollectForAllocation (G1 Evacuation Pause) done
Event: 21.231 Executing VM operation: G1PauseRemark
Event: 21.237 Executing VM operation: G1PauseRemark done
Event: 21.293 Executing VM operation: G1PauseCleanup
Event: 21.293 Executing VM operation: G1PauseCleanup done
Event: 21.570 Executing VM operation: HandshakeAllThreads (Deoptimize)
Event: 21.570 Executing VM operation: HandshakeAllThreads (Deoptimize) done
Event: 21.970 Executing VM operation: G1CollectForAllocation (G1 Evacuation Pause)
Event: 21.979 Executing VM operation: G1CollectForAllocation (G1 Evacuation Pause) done
Event: 22.035 Executing VM operation: HandshakeAllThreads (Deoptimize)
Event: 22.035 Executing VM operation: HandshakeAllThreads (Deoptimize) done
Event: 22.087 Executing VM operation: HandshakeAllThreads (Deoptimize)
Event: 22.087 Executing VM operation: HandshakeAllThreads (Deoptimize) done
Event: 22.413 Executing VM operation: ICBufferFull
Event: 22.413 Executing VM operation: ICBufferFull done
Event: 22.566 Executing VM operation: HandshakeAllThreads (Deoptimize)
Event: 22.566 Executing VM operation: HandshakeAllThreads (Deoptimize) done
Event: 22.690 Executing VM operation: G1CollectForAllocation (G1 Evacuation Pause)

Memory protections (0 events):
No events

Nmethod flushes (20 events):
Event: 21.235 Thread 0x0000025b1d48a110 flushing  nmethod 0x0000025b09da7c10
Event: 21.235 Thread 0x0000025b1d48a110 flushing  nmethod 0x0000025b10c64890
Event: 21.235 Thread 0x0000025b1d48a110 flushing  nmethod 0x0000025b10cbd910
Event: 21.235 Thread 0x0000025b1d48a110 flushing  nmethod 0x0000025b10d09c90
Event: 21.235 Thread 0x0000025b1d48a110 flushing  nmethod 0x0000025b08f28390
Event: 21.235 Thread 0x0000025b1d48a110 flushing  nmethod 0x0000025b08f2b990
Event: 21.235 Thread 0x0000025b1d48a110 flushing  nmethod 0x0000025b08fa3010
Event: 21.235 Thread 0x0000025b1d48a110 flushing  nmethod 0x0000025b09059090
Event: 21.235 Thread 0x0000025b1d48a110 flushing  nmethod 0x0000025b09059a10
Event: 21.235 Thread 0x0000025b1d48a110 flushing  nmethod 0x0000025b090fa390
Event: 21.235 Thread 0x0000025b1d48a110 flushing  nmethod 0x0000025b0925d010
Event: 21.235 Thread 0x0000025b1d48a110 flushing  nmethod 0x0000025b0951cd10
Event: 21.235 Thread 0x0000025b1d48a110 flushing  nmethod 0x0000025b095bab10
Event: 21.235 Thread 0x0000025b1d48a110 flushing  nmethod 0x0000025b09679610
Event: 21.235 Thread 0x0000025b1d48a110 flushing  nmethod 0x0000025b09749490
Event: 21.235 Thread 0x0000025b1d48a110 flushing  nmethod 0x0000025b097d3310
Event: 21.235 Thread 0x0000025b1d48a110 flushing  nmethod 0x0000025b09818790
Event: 21.235 Thread 0x0000025b1d48a110 flushing  nmethod 0x0000025b098d8210
Event: 21.235 Thread 0x0000025b1d48a110 flushing osr nmethod 0x0000025b0990e490
Event: 21.235 Thread 0x0000025b1d48a110 flushing  nmethod 0x0000025b09b20590

Events (20 events):
Event: 13.622 Thread 0x0000025b23e042c0 Thread added: 0x0000025b28329a50
Event: 13.623 Thread 0x0000025b23e042c0 Thread added: 0x0000025b283293c0
Event: 13.624 Thread 0x0000025b23e042c0 Thread added: 0x0000025b2832ced0
Event: 13.625 Thread 0x0000025b23e042c0 Thread added: 0x0000025b28325f40
Event: 13.626 Thread 0x0000025b23e042c0 Thread added: 0x0000025b2832a0e0
Event: 13.627 Thread 0x0000025b23e042c0 Thread added: 0x0000025b2832b490
Event: 13.628 Thread 0x0000025b23e042c0 Thread added: 0x0000025b28328d30
Event: 15.770 Thread 0x0000025b23f1ea70 Thread exited: 0x0000025b23f1ea70
Event: 15.770 Thread 0x0000025b23f1e3a0 Thread exited: 0x0000025b23f1e3a0
Event: 15.826 Thread 0x0000025b23e042c0 Thread added: 0x0000025b283272f0
Event: 16.397 Thread 0x0000025b1d648490 Thread added: 0x0000025b23f1c190
Event: 16.491 Thread 0x0000025b23e042c0 Thread added: 0x0000025b28327980
Event: 16.796 Thread 0x0000025b1d648490 Thread added: 0x0000025b23f1e3a0
Event: 19.245 Thread 0x0000025b23f1e3a0 Thread exited: 0x0000025b23f1e3a0
Event: 19.297 Thread 0x0000025b23f1c190 Thread exited: 0x0000025b23f1c190
Event: 19.711 Thread 0x0000025b1d648490 Thread added: 0x0000025b23f1e3a0
Event: 20.132 Thread 0x0000025b23f1e3a0 Thread exited: 0x0000025b23f1e3a0
Event: 20.907 Thread 0x0000025b1d648490 Thread added: 0x0000025b23f1c190
Event: 22.058 Thread 0x0000025b23f1c190 Thread exited: 0x0000025b23f1c190
Event: 22.071 Thread 0x0000025b1d6479f0 Thread added: 0x0000025b23f1c190


Dynamic libraries:
0x00007ff7e6600000 - 0x00007ff7e660a000 	C:\Program Files\Common Files\Android\Android Studio\jbr\bin\java.exe
0x00007ffdd5d30000 - 0x00007ffdd5f28000 	C:\Windows\SYSTEM32\ntdll.dll
0x00007ffdd5950000 - 0x00007ffdd5a12000 	C:\Windows\System32\KERNEL32.DLL
0x00007ffdd3680000 - 0x00007ffdd3976000 	C:\Windows\System32\KERNELBASE.dll
0x00007ffdd3be0000 - 0x00007ffdd3ce0000 	C:\Windows\System32\ucrtbase.dll
0x00007ffdc6d30000 - 0x00007ffdc6d4b000 	C:\Program Files\Common Files\Android\Android Studio\jbr\bin\VCRUNTIME140.dll
0x00007ffdc9580000 - 0x00007ffdc9598000 	C:\Program Files\Common Files\Android\Android Studio\jbr\bin\jli.dll
0x00007ffdd42b0000 - 0x00007ffdd444d000 	C:\Windows\System32\USER32.dll
0x00007ffdd3650000 - 0x00007ffdd3672000 	C:\Windows\System32\win32u.dll
0x00007ffdbe710000 - 0x00007ffdbe9aa000 	C:\Windows\WinSxS\amd64_microsoft.windows.common-controls_6595b64144ccf1df_6.0.19041.5794_none_60bcd33171f2783c\COMCTL32.dll
0x00007ffdd45c0000 - 0x00007ffdd45eb000 	C:\Windows\System32\GDI32.dll
0x00007ffdd3e10000 - 0x00007ffdd3eae000 	C:\Windows\System32\msvcrt.dll
0x00007ffdd33d0000 - 0x00007ffdd34ea000 	C:\Windows\System32\gdi32full.dll
0x00007ffdd3980000 - 0x00007ffdd3a1d000 	C:\Windows\System32\msvcp_win.dll
0x00007ffdd3eb0000 - 0x00007ffdd3edf000 	C:\Windows\System32\IMM32.DLL
0x00007ffdbb270000 - 0x00007ffdbb27c000 	C:\Program Files\Common Files\Android\Android Studio\jbr\bin\vcruntime140_1.dll
0x00007ffdc94f0000 - 0x00007ffdc957d000 	C:\Program Files\Common Files\Android\Android Studio\jbr\bin\msvcp140.dll
0x00007ffda5840000 - 0x00007ffda64d6000 	C:\Program Files\Common Files\Android\Android Studio\jbr\bin\server\jvm.dll
0x00007ffdd5390000 - 0x00007ffdd543f000 	C:\Windows\System32\ADVAPI32.dll
0x00007ffdd5440000 - 0x00007ffdd54df000 	C:\Windows\System32\sechost.dll
0x00007ffdd5ae0000 - 0x00007ffdd5c03000 	C:\Windows\System32\RPCRT4.dll
0x00007ffdd3ce0000 - 0x00007ffdd3d07000 	C:\Windows\System32\bcrypt.dll
0x00007ffdd4240000 - 0x00007ffdd42ab000 	C:\Windows\System32\WS2_32.dll
0x00007ffdd2910000 - 0x00007ffdd295b000 	C:\Windows\SYSTEM32\POWRPROF.dll
0x00007ffdbd910000 - 0x00007ffdbd937000 	C:\Windows\SYSTEM32\WINMM.dll
0x00007ffdcbcb0000 - 0x00007ffdcbcba000 	C:\Windows\SYSTEM32\VERSION.dll
0x00007ffdd27d0000 - 0x00007ffdd27e2000 	C:\Windows\SYSTEM32\UMPDC.dll
0x00007ffdd1c40000 - 0x00007ffdd1c52000 	C:\Windows\SYSTEM32\kernel.appcore.dll
0x00007ffdbaa00000 - 0x00007ffdbaa0a000 	C:\Program Files\Common Files\Android\Android Studio\jbr\bin\jimage.dll
0x00007ffdcdf90000 - 0x00007ffdce191000 	C:\Windows\SYSTEM32\DBGHELP.DLL
0x00007ffdae2f0000 - 0x00007ffdae324000 	C:\Windows\SYSTEM32\dbgcore.DLL
0x00007ffdd3aa0000 - 0x00007ffdd3b22000 	C:\Windows\System32\bcryptPrimitives.dll
0x00007ffdc94e0000 - 0x00007ffdc94ee000 	C:\Program Files\Common Files\Android\Android Studio\jbr\bin\instrument.dll
0x00007ffda6e80000 - 0x00007ffda6ea0000 	C:\Program Files\Common Files\Android\Android Studio\jbr\bin\java.dll
0x00007ffda6e60000 - 0x00007ffda6e78000 	C:\Program Files\Common Files\Android\Android Studio\jbr\bin\zip.dll
0x00007ffdd4c10000 - 0x00007ffdd537e000 	C:\Windows\System32\SHELL32.dll
0x00007ffdce2f0000 - 0x00007ffdcea93000 	C:\Windows\SYSTEM32\windows.storage.dll
0x00007ffdd3ee0000 - 0x00007ffdd4233000 	C:\Windows\System32\combase.dll
0x00007ffdd2e00000 - 0x00007ffdd2e2b000 	C:\Windows\SYSTEM32\Wldp.dll
0x00007ffdd44f0000 - 0x00007ffdd45bd000 	C:\Windows\System32\OLEAUT32.dll
0x00007ffdd4650000 - 0x00007ffdd46fd000 	C:\Windows\System32\SHCORE.dll
0x00007ffdd49d0000 - 0x00007ffdd4a25000 	C:\Windows\System32\shlwapi.dll
0x00007ffdd3300000 - 0x00007ffdd3325000 	C:\Windows\SYSTEM32\profapi.dll
0x00007ffdb1ed0000 - 0x00007ffdb1ee0000 	C:\Program Files\Common Files\Android\Android Studio\jbr\bin\net.dll
0x00007ffdcb8b0000 - 0x00007ffdcb9ba000 	C:\Windows\SYSTEM32\WINHTTP.dll
0x00007ffdd2b60000 - 0x00007ffdd2bcc000 	C:\Windows\system32\mswsock.dll
0x00007ffda5820000 - 0x00007ffda5836000 	C:\Program Files\Common Files\Android\Android Studio\jbr\bin\nio.dll
0x00007ffda6980000 - 0x00007ffda6990000 	C:\Program Files\Common Files\Android\Android Studio\jbr\bin\verify.dll
0x00007ffdb1f30000 - 0x00007ffdb1f57000 	C:\Users\Laptop_Store\.gradle\native\1def1411415f61bf3af743bc5b6707747c0891f09f0c88961ee8f79bc544acac\windows-amd64\native-platform.dll
0x00007ffdc9460000 - 0x00007ffdc94d8000 	C:\Users\Laptop_Store\.gradle\native\0.2.7\x86_64-windows-gnu\gradle-fileevents.dll
0x00007ffda6e50000 - 0x00007ffda6e59000 	C:\Program Files\Common Files\Android\Android Studio\jbr\bin\management.dll
0x00007ffda69a0000 - 0x00007ffda69ab000 	C:\Program Files\Common Files\Android\Android Studio\jbr\bin\management_ext.dll
0x00007ffdd5380000 - 0x00007ffdd5388000 	C:\Windows\System32\PSAPI.DLL
0x00007ffdd27f0000 - 0x00007ffdd282b000 	C:\Windows\SYSTEM32\IPHLPAPI.DLL
0x00007ffdd4ac0000 - 0x00007ffdd4ac8000 	C:\Windows\System32\NSI.dll
0x00007ffdcc380000 - 0x00007ffdcc389000 	C:\Program Files\Common Files\Android\Android Studio\jbr\bin\extnet.dll
0x00007ffdd2d60000 - 0x00007ffdd2d78000 	C:\Windows\SYSTEM32\CRYPTSP.dll
0x00007ffdd2410000 - 0x00007ffdd2448000 	C:\Windows\system32\rsaenh.dll
0x00007ffdd32c0000 - 0x00007ffdd32ee000 	C:\Windows\SYSTEM32\USERENV.dll
0x00007ffdd2d50000 - 0x00007ffdd2d5c000 	C:\Windows\SYSTEM32\CRYPTBASE.dll
0x00007ffdc9b10000 - 0x00007ffdc9b17000 	C:\Windows\system32\wshunix.dll

JVMTI agents:
C:\Users\Laptop_Store\.gradle\wrapper\dists\gradle-8.13-bin\5xuhj0ry160q40clulazy9h7d\gradle-8.13\lib\agents\gradle-instrumentation-agent-8.13.jar path:C:\Program Files\Common Files\Android\Android Studio\jbr\bin\instrument.dll, loaded, initialized, instrumentlib options:none

dbghelp: loaded successfully - version: 4.0.5 - missing functions: none
symbol engine: initialized successfully - sym options: 0x614 - pdb path: .;C:\Program Files\Common Files\Android\Android Studio\jbr\bin;C:\Windows\SYSTEM32;C:\Windows\WinSxS\amd64_microsoft.windows.common-controls_6595b64144ccf1df_6.0.19041.5794_none_60bcd33171f2783c;C:\Program Files\Common Files\Android\Android Studio\jbr\bin\server;C:\Users\Laptop_Store\.gradle\native\1def1411415f61bf3af743bc5b6707747c0891f09f0c88961ee8f79bc544acac\windows-amd64;C:\Users\Laptop_Store\.gradle\native\0.2.7\x86_64-windows-gnu

VM Arguments:
jvm_args: --add-opens=java.base/java.lang=ALL-UNNAMED --add-opens=java.base/java.lang.invoke=ALL-UNNAMED --add-opens=java.base/java.util=ALL-UNNAMED --add-opens=java.prefs/java.util.prefs=ALL-UNNAMED --add-exports=jdk.compiler/com.sun.tools.javac.api=ALL-UNNAMED --add-exports=jdk.compiler/com.sun.tools.javac.util=ALL-UNNAMED --add-opens=java.base/java.util=ALL-UNNAMED --add-opens=java.prefs/java.util.prefs=ALL-UNNAMED --add-opens=java.base/java.nio.charset=ALL-UNNAMED --add-opens=java.base/java.net=ALL-UNNAMED --add-opens=java.base/java.util.concurrent.atomic=ALL-UNNAMED --add-opens=java.xml/javax.xml.namespace=ALL-UNNAMED -Xmx2048m -Dfile.encoding=UTF-8 -Duser.country=US -Duser.language=en -Duser.variant -javaagent:C:\Users\Laptop_Store\.gradle\wrapper\dists\gradle-8.13-bin\5xuhj0ry160q40clulazy9h7d\gradle-8.13\lib\agents\gradle-instrumentation-agent-8.13.jar 
java_command: org.gradle.launcher.daemon.bootstrap.GradleDaemon 8.13
java_class_path (initial): C:\Users\Laptop_Store\.gradle\wrapper\dists\gradle-8.13-bin\5xuhj0ry160q40clulazy9h7d\gradle-8.13\lib\gradle-daemon-main-8.13.jar
Launcher Type: SUN_STANDARD

[Global flags]
     intx CICompilerCount                          = 4                                         {product} {ergonomic}
     uint ConcGCThreads                            = 2                                         {product} {ergonomic}
     uint G1ConcRefinementThreads                  = 8                                         {product} {ergonomic}
   size_t G1HeapRegionSize                         = 1048576                                   {product} {ergonomic}
    uintx GCDrainStackTargetSize                   = 64                                        {product} {ergonomic}
   size_t InitialHeapSize                          = 132120576                                 {product} {ergonomic}
   size_t MarkStackSize                            = 4194304                                   {product} {ergonomic}
   size_t MaxHeapSize                              = 2147483648                                {product} {command line}
   size_t MaxNewSize                               = 1287651328                                {product} {ergonomic}
   size_t MinHeapDeltaBytes                        = 1048576                                   {product} {ergonomic}
   size_t MinHeapSize                              = 8388608                                   {product} {ergonomic}
    uintx NonNMethodCodeHeapSize                   = 5839372                                {pd product} {ergonomic}
    uintx NonProfiledCodeHeapSize                  = 122909434                              {pd product} {ergonomic}
    uintx ProfiledCodeHeapSize                     = 122909434                              {pd product} {ergonomic}
    uintx ReservedCodeCacheSize                    = 251658240                              {pd product} {ergonomic}
     bool SegmentedCodeCache                       = true                                      {product} {ergonomic}
   size_t SoftMaxHeapSize                          = 2147483648                             {manageable} {ergonomic}
     bool UseCompressedOops                        = true                           {product lp64_product} {ergonomic}
     bool UseG1GC                                  = true                                      {product} {ergonomic}
     bool UseLargePagesIndividualAllocation        = false                                  {pd product} {ergonomic}

Logging:
Log output configuration:
 #0: stdout all=warning uptime,level,tags foldmultilines=false
 #1: stderr all=off uptime,level,tags foldmultilines=false

Environment Variables:
PATH=C:\Program Files (x86)\Common Files\Oracle\Java\java8path;C:\Program Files (x86)\Common Files\Oracle\Java\javapath;C:\Windows\system32;C:\Windows;C:\Windows\System32\Wbem;C:\Windows\System32\WindowsPowerShell\v1.0\;C:\Windows\System32\OpenSSH\;C:\Program Files\Git\cmd;C:\Users\Laptop_Store\AppData\Local\Microsoft\WindowsApps
USERNAME=Laptop_Store
OS=Windows_NT
PROCESSOR_IDENTIFIER=Intel64 Family 6 Model 142 Stepping 10, GenuineIntel
TMP=C:\Users\LAPTOP~1\AppData\Local\Temp
TEMP=C:\Users\LAPTOP~1\AppData\Local\Temp




Periodic native trim disabled

JNI global refs:
JNI global refs: 28, weak refs: 0

JNI global refs memory usage: 835, weak refs: 833

Process memory usage:
Resident Set Size: 424764K (5% of 8243648K total physical memory with 539292K free physical memory)

OOME stack traces (most recent first):
Classloader memory used:
Loader org.gradle.internal.classloader.VisitableURLClassLoader                         : 41524K
Loader bootstrap                                                                       : 27600K
Loader org.gradle.internal.classloader.VisitableURLClassLoader$InstrumentingVisitableURLClassLoader: 25406K
Loader org.gradle.initialization.MixInLegacyTypesClassLoader                           : 12327K
Loader jdk.internal.loader.ClassLoaders$PlatformClassLoader                            : 512K
Loader jdk.internal.loader.ClassLoaders$AppClassLoader                                 : 235K
Loader jdk.internal.reflect.DelegatingClassLoader                                      : 216K
Loader org.gradle.internal.classloader.VisitableURLClassLoader                         : 160K
Loader org.gradle.groovy.scripts.internal.DefaultScriptCompilationHandler$ScriptClassLoader: 137K
Loader org.codehaus.groovy.runtime.callsite.CallSiteClassLoader                        : 27488B

Classes loaded by more than one classloader:
Class Program                                                                         : loaded 5 times (x 72B)
Class Build_gradle                                                                    : loaded 3 times (x 130B)
Class Build_gradle$1                                                                  : loaded 3 times (x 74B)
Class org.gradle.internal.classloader.FilteringClassLoader                            : loaded 2 times (x 105B)
Class com.google.common.base.CharMatcher$IsEither                                     : loaded 2 times (x 111B)
Class org.gradle.internal.classloader.ClassLoaderHierarchy                            : loaded 2 times (x 70B)
Class com.google.common.collect.ImmutableEnumSet                                      : loaded 2 times (x 146B)
Class com.google.common.util.concurrent.ExecutionError                                : loaded 2 times (x 82B)
Class com.google.common.collect.ImmutableList$1                                       : loaded 2 times (x 97B)
Class org.gradle.api.internal.classpath.ManifestUtil                                  : loaded 2 times (x 71B)
Class com.google.common.collect.RegularImmutableMap                                   : loaded 2 times (x 121B)
Class com.google.common.collect.ImmutableMap$MapViewOfValuesAsSingletonSets           : loaded 2 times (x 126B)
Class [Lorg.objectweb.asm.Symbol;                                                     : loaded 2 times (x 69B)
Class org.objectweb.asm.ClassVisitor                                                  : loaded 2 times (x 88B)
Class com.google.common.collect.UnmodifiableListIterator                              : loaded 2 times (x 95B)
Class com.google.common.base.Platform$JdkPatternCompiler                              : loaded 2 times (x 75B)
Class org.objectweb.asm.MethodTooLargeException                                       : loaded 2 times (x 83B)
Class [Lcom.google.common.cache.CacheBuilder$OneWeigher;                              : loaded 2 times (x 69B)
Class com.google.common.base.Suppliers                                                : loaded 2 times (x 71B)
Class org.gradle.internal.classloader.DefaultClassLoaderFactory                       : loaded 2 times (x 82B)
Class org.gradle.internal.classloader.ClassLoaderVisitor                              : loaded 2 times (x 76B)
Class [Lcom.google.common.collect.ImmutableMapEntry;                                  : loaded 2 times (x 69B)
Class org.gradle.api.internal.classpath.EffectiveClassPath                            : loaded 2 times (x 90B)
Class com.google.common.collect.ListMultimap                                          : loaded 2 times (x 70B)
Class com.google.common.collect.ImmutableEnumMap                                      : loaded 2 times (x 126B)
Class com.google.common.collect.Sets$1                                                : loaded 2 times (x 139B)
Class org.objectweb.asm.AnnotationVisitor                                             : loaded 2 times (x 78B)
Class org.gradle.api.internal.DefaultClassPathProvider                                : loaded 2 times (x 76B)
Class com.google.common.collect.Sets$2                                                : loaded 2 times (x 139B)
Class [Lorg.gradle.api.internal.ClassPathProvider;                                    : loaded 2 times (x 69B)
Class org.gradle.api.internal.ClassPathProvider                                       : loaded 2 times (x 70B)
Class [Lorg.objectweb.asm.AnnotationVisitor;                                          : loaded 2 times (x 69B)
Class com.google.common.collect.Sets$3                                                : loaded 2 times (x 139B)
Class com.google.common.util.concurrent.AbstractFuture$SafeAtomicHelper               : loaded 2 times (x 79B)
Class com.google.common.cache.LocalCache$LocalLoadingCache                            : loaded 2 times (x 134B)
Class org.gradle.internal.service.UnknownServiceException                             : loaded 2 times (x 83B)
Class com.google.common.collect.Sets$4                                                : loaded 2 times (x 139B)
Class org.objectweb.asm.ModuleVisitor                                                 : loaded 2 times (x 81B)
Class com.google.common.cache.LocalCache$Strength$1                                   : loaded 2 times (x 81B)
Class com.google.common.util.concurrent.SettableFuture                                : loaded 2 times (x 114B)
Class com.google.common.cache.LocalCache$Strength$2                                   : loaded 2 times (x 81B)
Class com.google.common.cache.LocalCache$Strength$3                                   : loaded 2 times (x 81B)
Class com.google.common.collect.MapDifference                                         : loaded 2 times (x 70B)
Class org.objectweb.asm.FieldWriter                                                   : loaded 2 times (x 78B)
Class com.google.common.cache.CacheBuilder$NullListener                               : loaded 2 times (x 82B)
Class org.gradle.internal.classpath.TransformedClassPath                              : loaded 2 times (x 96B)
Class org.gradle.internal.classloader.InstrumentingClassLoader                        : loaded 2 times (x 70B)
Class com.google.common.cache.CacheLoader$FunctionToCacheLoader                       : loaded 2 times (x 75B)
Class com.google.common.collect.Iterators$ArrayItr                                    : loaded 2 times (x 97B)
Class com.google.common.collect.ImmutableCollection$Builder                           : loaded 2 times (x 76B)
Class ijJvmDebugger1_1xmetagh0zzfu3fni9z64hmfq                                        : loaded 2 times (x 179B)
Class com.google.common.base.Joiner                                                   : loaded 2 times (x 79B)
Class com.google.common.base.MoreObjects                                              : loaded 2 times (x 71B)
Class com.google.common.collect.Platform                                              : loaded 2 times (x 71B)
Class [Lorg.objectweb.asm.Type;                                                       : loaded 2 times (x 69B)
Class com.google.common.collect.UnmodifiableIterator                                  : loaded 2 times (x 80B)
Class org.gradle.internal.service.ServiceLocator                                      : loaded 2 times (x 70B)
Class com.google.common.base.Ascii                                                    : loaded 2 times (x 71B)
Class com.google.common.collect.SingletonImmutableBiMap                               : loaded 2 times (x 143B)
Class com.google.common.cache.LocalCache$1                                            : loaded 2 times (x 89B)
Class com.google.common.collect.AbstractMapEntry                                      : loaded 2 times (x 81B)
Class com.google.common.collect.Sets$ImprovedAbstractSet                              : loaded 2 times (x 135B)
Class com.google.common.collect.ImmutableList$Builder                                 : loaded 2 times (x 77B)
Class com.google.common.collect.AbstractMultimap                                      : loaded 2 times (x 123B)
Class com.google.common.cache.LocalCache$2                                            : loaded 2 times (x 142B)
Class com.google.common.util.concurrent.AbstractFuture$UnsafeAtomicHelper$1           : loaded 2 times (x 76B)
Class com.google.common.collect.RegularImmutableAsList                                : loaded 2 times (x 217B)
Class com.google.common.util.concurrent.AbstractFuture$Trusted                        : loaded 2 times (x 70B)
Class com.google.common.collect.Iterators                                             : loaded 2 times (x 71B)
Class com.google.common.collect.Lists$StringAsImmutableList                           : loaded 2 times (x 207B)
Class com.google.common.util.concurrent.UncheckedExecutionException                   : loaded 2 times (x 82B)
Class org.gradle.kotlin.dsl.VersionCatalogAccessorsKt                                 : loaded 2 times (x 71B)
Class org.gradle.internal.InternalTransformer                                         : loaded 2 times (x 70B)
Class com.google.common.collect.AbstractMapBasedMultimap$KeySet$1                     : loaded 2 times (x 82B)
Class org.objectweb.asm.ClassWriter                                                   : loaded 2 times (x 106B)
Class com.google.common.base.CharMatcher$And                                          : loaded 2 times (x 112B)
Class com.google.common.cache.CacheLoader$UnsupportedLoadingOperationException        : loaded 2 times (x 82B)
Class org.gradle.internal.classloader.ClasspathUtil$1                                 : loaded 2 times (x 76B)
Class org.objectweb.asm.FieldVisitor                                                  : loaded 2 times (x 77B)
Class com.google.common.collect.IndexedImmutableSet                                   : loaded 2 times (x 152B)
Class com.google.common.collect.ImmutableMap$1                                        : loaded 2 times (x 81B)
Class com.google.common.collect.BiMap                                                 : loaded 2 times (x 70B)
Class org.gradle.api.internal.classpath.DefaultModuleRegistry$DefaultModule           : loaded 2 times (x 86B)
Class com.google.common.primitives.Ints                                               : loaded 2 times (x 71B)
Class com.google.common.collect.AbstractIterator                                      : loaded 2 times (x 82B)
Class com.google.common.collect.ObjectArrays                                          : loaded 2 times (x 71B)
Class com.google.common.collect.Multiset                                              : loaded 2 times (x 70B)
Class com.google.common.collect.ArrayListMultimapGwtSerializationDependencies         : loaded 2 times (x 172B)
Class com.google.common.collect.RegularImmutableMap$KeySet                            : loaded 2 times (x 152B)
Class com.google.common.math.MathPreconditions                                        : loaded 2 times (x 71B)
Class com.google.common.collect.ImmutableMapEntrySet                                  : loaded 2 times (x 152B)
Class org.gradle.api.internal.classpath.Module                                        : loaded 2 times (x 70B)
Class com.google.common.cache.Weigher                                                 : loaded 2 times (x 70B)
Class org.gradle.api.internal.classpath.UnknownModuleException                        : loaded 2 times (x 82B)
Class com.google.common.base.Stopwatch                                                : loaded 2 times (x 72B)
Class com.google.common.cache.LocalCache$Strength                                     : loaded 2 times (x 81B)
Class com.google.common.cache.Cache                                                   : loaded 2 times (x 70B)
Class com.google.common.util.concurrent.AbstractFuture$Cancellation                   : loaded 2 times (x 72B)
Class com.google.common.collect.ImmutableMap$Builder                                  : loaded 2 times (x 82B)
Class com.google.common.cache.RemovalListener                                         : loaded 2 times (x 70B)
Class org.gradle.api.internal.DefaultClassPathRegistry                                : loaded 2 times (x 76B)
Class com.google.common.primitives.IntsMethodsForWeb                                  : loaded 2 times (x 71B)
Class com.google.common.collect.Multimap                                              : loaded 2 times (x 70B)
Class org.gradle.api.internal.ClassPathRegistry                                       : loaded 2 times (x 70B)
Class org.gradle.internal.classpath.DefaultClassPath$ImmutableUniqueList              : loaded 2 times (x 199B)
Class com.google.common.base.Equivalence$Identity                                     : loaded 2 times (x 82B)
Class com.google.common.cache.CacheBuilder                                            : loaded 2 times (x 72B)
Class com.google.common.collect.SingletonImmutableList                                : loaded 2 times (x 207B)
Class Settings_gradle$1                                                               : loaded 2 times (x 74B)
Class org.gradle.internal.classpath.ClassPath                                         : loaded 2 times (x 70B)
Class org.gradle.api.UncheckedIOException                                             : loaded 2 times (x 82B)
Class com.google.common.base.JdkPattern                                               : loaded 2 times (x 75B)
Class com.google.common.collect.ImmutableList$ReverseImmutableList                    : loaded 2 times (x 209B)
Class ijKotlinCoroutineJvmDebugInit1_f2xb91z8bjt99qyrcjg9y4vw3$_run_closure1$_closure2: loaded 2 times (x 139B)
Class org.objectweb.asm.SymbolTable$Entry                                             : loaded 2 times (x 74B)
Class com.google.common.util.concurrent.AbstractFuture$AtomicHelper                   : loaded 2 times (x 78B)
Class org.objectweb.asm.Edge                                                          : loaded 2 times (x 72B)
Class com.google.common.base.Suppliers$SupplierOfInstance                             : loaded 2 times (x 79B)
Class com.google.common.collect.Iterators$1                                           : loaded 2 times (x 81B)
Class com.google.common.cache.LocalCache$ComputingValueReference                      : loaded 2 times (x 96B)
Class com.google.common.collect.SingletonImmutableSet                                 : loaded 2 times (x 146B)
Class com.google.common.collect.ImmutableMap$IteratorBasedImmutableMap                : loaded 2 times (x 126B)
Class com.google.common.cache.LocalCache$Segment                                      : loaded 2 times (x 154B)
Class com.google.common.collect.AbstractListMultimap                                  : loaded 2 times (x 172B)
Class [Lorg.objectweb.asm.SymbolTable$Entry;                                          : loaded 2 times (x 69B)
Class com.google.common.cache.CacheLoader                                             : loaded 2 times (x 74B)
Class com.google.common.collect.Iterators$4                                           : loaded 2 times (x 82B)
Class com.google.common.collect.ImmutableBiMap                                        : loaded 2 times (x 143B)
Class org.gradle.internal.installation.GradleInstallation$1                           : loaded 2 times (x 75B)
Class org.gradle.api.internal.classpath.ModuleRegistry                                : loaded 2 times (x 70B)
Class com.google.common.util.concurrent.internal.InternalFutureFailureAccess          : loaded 2 times (x 72B)
Class com.google.common.collect.Iterators$5                                           : loaded 2 times (x 82B)
Class com.google.common.collect.ImmutableSet$JdkBackedSetBuilderImpl                  : loaded 2 times (x 76B)
Class com.google.common.util.concurrent.AbstractFuture$UnsafeAtomicHelper             : loaded 2 times (x 78B)
Class com.google.common.base.CharMatcher$ForPredicate                                 : loaded 2 times (x 112B)
Class com.google.common.cache.LocalCache$LocalManualCache$1                           : loaded 2 times (x 75B)
Class com.google.common.base.CharMatcher$AnyOf                                        : loaded 2 times (x 112B)
Class com.google.common.collect.ImmutableCollection                                   : loaded 2 times (x 125B)
Class org.gradle.api.internal.classpath.DefaultModuleRegistry                         : loaded 2 times (x 86B)
Class com.google.common.collect.Lists                                                 : loaded 2 times (x 71B)
Class com.google.common.util.concurrent.ListenableFuture                              : loaded 2 times (x 70B)
Class com.google.common.cache.ReferenceEntry                                          : loaded 2 times (x 70B)
Class com.google.common.base.Converter                                                : loaded 2 times (x 90B)
Class com.google.common.collect.ImmutableSet$CachingAsList                            : loaded 2 times (x 148B)
Class com.google.common.collect.AbstractMapBasedMultimap                              : loaded 2 times (x 139B)
Class com.google.common.util.concurrent.AbstractFuture                                : loaded 2 times (x 106B)
Class com.google.common.base.FunctionalEquivalence                                    : loaded 2 times (x 83B)
Class com.google.common.collect.Iterators$9                                           : loaded 2 times (x 81B)
Class com.google.common.collect.ImmutableAsList                                       : loaded 2 times (x 209B)
Class org.objectweb.asm.RecordComponentVisitor                                        : loaded 2 times (x 77B)
Class com.google.common.cache.CacheLoader$SupplierToCacheLoader                       : loaded 2 times (x 75B)
Class com.google.common.collect.Maps$EntryTransformer                                 : loaded 2 times (x 70B)
Class org.gradle.internal.service.ServiceLookupException                              : loaded 2 times (x 82B)
Class [Lcom.google.common.cache.LocalCache$EntryFactory;                              : loaded 2 times (x 69B)
Class org.gradle.internal.classloader.ClassLoaderFactory                              : loaded 2 times (x 70B)
Class com.google.common.base.CommonPattern                                            : loaded 2 times (x 74B)
Class com.google.common.base.CharMatcher$IsNot                                        : loaded 2 times (x 111B)
Class com.google.common.cache.LocalCache$LocalManualCache                             : loaded 2 times (x 99B)
Class org.gradle.internal.service.CachingServiceLocator                               : loaded 2 times (x 82B)
Class com.google.common.collect.AbstractMapBasedMultimap$KeySet                       : loaded 2 times (x 137B)
Class com.google.common.math.IntMath                                                  : loaded 2 times (x 71B)
Class com.google.common.collect.ImmutableMapEntry                                     : loaded 2 times (x 85B)
Class com.google.common.base.Equivalence                                              : loaded 2 times (x 82B)
Class com.google.common.base.Function                                                 : loaded 2 times (x 70B)
Class com.google.common.collect.ImmutableMapEntry$NonTerminalImmutableMapEntry        : loaded 2 times (x 85B)
Class ijKotlinCoroutineJvmDebugInit1_f2xb91z8bjt99qyrcjg9y4vw3                        : loaded 2 times (x 179B)
Class com.google.common.collect.IndexedImmutableSet$1                                 : loaded 2 times (x 213B)
Class com.google.common.cache.CacheBuilder$OneWeigher                                 : loaded 2 times (x 82B)
Class com.google.common.collect.RegularImmutableList                                  : loaded 2 times (x 213B)
Class org.gradle.internal.classloader.ClasspathUtil                                   : loaded 2 times (x 71B)
Class com.google.common.base.Charsets                                                 : loaded 2 times (x 71B)
Class com.google.common.util.concurrent.Uninterruptibles                              : loaded 2 times (x 71B)
Class com.google.common.collect.Maps                                                  : loaded 2 times (x 71B)
Class org.gradle.api.specs.Spec                                                       : loaded 2 times (x 70B)
Class [Lcom.google.common.collect.ImmutableEntry;                                     : loaded 2 times (x 69B)
Class com.google.common.cache.LocalCache$LoadingValueReference                        : loaded 2 times (x 96B)
Class com.google.common.collect.AbstractIndexedListIterator                           : loaded 2 times (x 96B)
Class com.google.common.base.Platform                                                 : loaded 2 times (x 71B)
Class ijJvmDebugger1_1xmetagh0zzfu3fni9z64hmfq$_run_closure1                          : loaded 2 times (x 139B)
Class [Lorg.objectweb.asm.AnnotationWriter;                                           : loaded 2 times (x 69B)
Class com.google.common.collect.Maps$8                                                : loaded 2 times (x 82B)
Class com.google.common.collect.Sets$SetView                                          : loaded 2 times (x 138B)
Class com.google.common.cache.LocalCache$StrongValueReference                         : loaded 2 times (x 90B)
Class com.google.common.util.concurrent.AbstractFuture$SynchronizedHelper             : loaded 2 times (x 78B)
Class org.objectweb.asm.Type                                                          : loaded 2 times (x 72B)
Class org.gradle.internal.classloader.VisitableURLClassLoader$InstrumentingVisitableURLClassLoader: loaded 2 times (x 123B)
Class org.objectweb.asm.ByteVector                                                    : loaded 2 times (x 79B)
Class [Lcom.google.common.cache.CacheBuilder$NullListener;                            : loaded 2 times (x 69B)
Class com.google.common.math.IntMath$1                                                : loaded 2 times (x 71B)
Class org.gradle.internal.classloader.VisitableURLClassLoader$Spec                    : loaded 2 times (x 74B)
Class org.gradle.internal.classpath.DefaultClassPath                                  : loaded 2 times (x 90B)
Class org.objectweb.asm.Symbol                                                        : loaded 2 times (x 73B)
Class com.google.common.base.CharMatcher$Ascii                                        : loaded 2 times (x 112B)
Class com.google.common.base.CharMatcher$BitSetMatcher                                : loaded 2 times (x 112B)
Class com.google.common.collect.RegularImmutableMap$Values                            : loaded 2 times (x 207B)
Class com.google.common.collect.ImmutableSet                                          : loaded 2 times (x 145B)
Class org.gradle.internal.classloader.ClassLoaderSpec                                 : loaded 2 times (x 71B)
Class org.objectweb.asm.AnnotationWriter                                              : loaded 2 times (x 79B)
Class com.google.common.cache.CacheStats                                              : loaded 2 times (x 71B)
Class org.objectweb.asm.RecordComponentWriter                                         : loaded 2 times (x 78B)
Class com.google.common.util.concurrent.AbstractFuture$Listener                       : loaded 2 times (x 72B)
Class com.google.common.base.CharMatcher$Or                                           : loaded 2 times (x 112B)
Class Settings_gradle$1$1                                                             : loaded 2 times (x 74B)
Class org.objectweb.asm.Attribute                                                     : loaded 2 times (x 77B)
Class com.google.common.base.Supplier                                                 : loaded 2 times (x 70B)
Class org.gradle.internal.classloader.VisitableURLClassLoader                         : loaded 2 times (x 117B)
Class com.google.common.util.concurrent.AbstractFuture$Waiter                         : loaded 2 times (x 72B)
Class Settings_gradle                                                                 : loaded 2 times (x 128B)
Class org.gradle.internal.Cast                                                        : loaded 2 times (x 71B)
Class org.gradle.api.Action                                                           : loaded 2 times (x 70B)
Class com.google.common.base.Strings                                                  : loaded 2 times (x 71B)
Class com.google.common.collect.Sets                                                  : loaded 2 times (x 71B)
Class org.objectweb.asm.Handler                                                       : loaded 2 times (x 72B)
Class com.google.common.base.CharMatcher$FastMatcher                                  : loaded 2 times (x 111B)
Class com.google.common.base.Ticker                                                   : loaded 2 times (x 72B)
Class [Lcom.google.common.cache.LocalCache$Segment;                                   : loaded 2 times (x 69B)
Class com.google.common.base.Predicate                                                : loaded 2 times (x 70B)
Class [Lcom.google.common.cache.LocalCache$Strength;                                  : loaded 2 times (x 69B)
Class com.google.common.cache.CacheBuilder$1                                          : loaded 2 times (x 85B)
Class com.google.common.collect.ImmutableMap                                          : loaded 2 times (x 120B)
Class org.gradle.internal.classpath.DefaultClassPath$ImmutableUniqueList$Builder      : loaded 2 times (x 75B)
Class com.google.common.base.CharMatcher$NegatedFastMatcher                           : loaded 2 times (x 113B)
Class com.google.common.cache.LocalCache                                              : loaded 2 times (x 187B)
Class com.google.common.cache.CacheBuilder$2                                          : loaded 2 times (x 79B)
Class com.google.common.collect.ArrayListMultimap                                     : loaded 2 times (x 172B)
Class com.google.common.cache.CacheBuilder$3                                          : loaded 2 times (x 72B)
Class [Lcom.google.common.collect.AbstractMapEntry;                                   : loaded 2 times (x 69B)
Class com.google.common.collect.ImmutableEntry                                        : loaded 2 times (x 82B)
Class org.gradle.api.GradleException                                                  : loaded 2 times (x 82B)
Class com.google.common.collect.CollectPreconditions                                  : loaded 2 times (x 71B)
Class com.google.common.collect.SortedMapDifference                                   : loaded 2 times (x 70B)
Class com.google.common.cache.LocalCache$EntryFactory                                 : loaded 2 times (x 83B)
Class com.google.common.cache.LocalCache$AbstractReferenceEntry                       : loaded 2 times (x 107B)
Class org.gradle.internal.IoActions                                                   : loaded 2 times (x 71B)
Class org.objectweb.asm.SymbolTable                                                   : loaded 2 times (x 72B)
Class com.google.common.cache.CacheLoader$InvalidCacheLoadException                   : loaded 2 times (x 82B)
Class com.google.common.collect.ImmutableSet$RegularSetBuilderImpl                    : loaded 2 times (x 77B)
Class org.gradle.internal.classloader.SystemClassLoaderSpec                           : loaded 2 times (x 71B)
Class com.google.common.cache.LocalCache$StrongEntry                                  : loaded 2 times (x 108B)
Class com.google.common.util.concurrent.AbstractFuture$TrustedFuture                  : loaded 2 times (x 114B)
Class com.google.common.cache.LoadingCache                                            : loaded 2 times (x 70B)
Class org.objectweb.asm.MethodWriter                                                  : loaded 2 times (x 106B)
Class [Lcom.google.common.cache.Weigher;                                              : loaded 2 times (x 69B)
Class com.google.common.collect.RegularImmutableMap$BucketOverflowException           : loaded 2 times (x 82B)
Class com.google.common.collect.RegularImmutableBiMap                                 : loaded 2 times (x 149B)
Class com.google.common.base.CharMatcher$Negated                                      : loaded 2 times (x 113B)
Class com.google.common.base.CharMatcher$Is                                           : loaded 2 times (x 111B)
Class com.google.common.cache.LocalCache$ValueReference                               : loaded 2 times (x 70B)
Class com.google.common.base.PatternCompiler                                          : loaded 2 times (x 70B)
Class com.google.common.util.concurrent.AbstractFuture$Failure                        : loaded 2 times (x 72B)
Class com.google.common.base.Equivalence$Equals                                       : loaded 2 times (x 82B)
Class com.google.common.collect.Hashing                                               : loaded 2 times (x 71B)
Class com.google.common.base.Preconditions                                            : loaded 2 times (x 71B)
Class com.google.common.base.Joiner$1                                                 : loaded 2 times (x 80B)
Class org.objectweb.asm.Label                                                         : loaded 2 times (x 73B)
Class org.objectweb.asm.CurrentFrame                                                  : loaded 2 times (x 73B)
Class org.objectweb.asm.ClassTooLargeException                                        : loaded 2 times (x 83B)
Class com.google.common.base.CharMatcher                                              : loaded 2 times (x 111B)
Class com.google.common.collect.PeekingIterator                                       : loaded 2 times (x 70B)
Class com.google.common.base.Joiner$2                                                 : loaded 2 times (x 79B)
Class org.objectweb.asm.Frame                                                         : loaded 2 times (x 73B)
Class org.objectweb.asm.MethodVisitor                                                 : loaded 2 times (x 105B)
Class com.google.common.base.CharMatcher$1                                            : loaded 2 times (x 113B)
Class com.google.common.base.CharMatcher$NamedFastMatcher                             : loaded 2 times (x 112B)
Class com.google.common.cache.LocalCache$EntryFactory$1                               : loaded 2 times (x 83B)
Class [Lcom.google.common.cache.RemovalListener;                                      : loaded 2 times (x 69B)
Class ijKotlinCoroutineJvmDebugInit1_f2xb91z8bjt99qyrcjg9y4vw3$_run_closure1          : loaded 2 times (x 139B)
Class com.google.common.cache.LocalCache$EntryFactory$2                               : loaded 2 times (x 83B)
Class org.gradle.api.internal.classpath.GlobalCacheRootsProvider                      : loaded 2 times (x 70B)
Class org.objectweb.asm.ModuleWriter                                                  : loaded 2 times (x 82B)
Class com.google.common.cache.LocalCache$EntryFactory$3                               : loaded 2 times (x 83B)
Class com.google.common.base.Ticker$1                                                 : loaded 2 times (x 72B)
Class com.google.common.collect.Maps$BiMapConverter                                   : loaded 2 times (x 90B)
Class com.google.common.collect.ImmutableMapEntrySet$RegularEntrySet                  : loaded 2 times (x 152B)
Class com.google.common.base.CharMatcher$InRange                                      : loaded 2 times (x 111B)
Class com.google.common.cache.LocalCache$EntryFactory$4                               : loaded 2 times (x 83B)
Class com.google.common.collect.ImmutableSet$Builder                                  : loaded 2 times (x 85B)
Class com.google.common.cache.LocalCache$EntryFactory$5                               : loaded 2 times (x 83B)
Class ijJvmDebugger1_1xmetagh0zzfu3fni9z64hmfq$_run_closure1$_closure2                : loaded 2 times (x 140B)
Class com.google.common.base.PairwiseEquivalence                                      : loaded 2 times (x 83B)
Class com.google.common.cache.LocalCache$EntryFactory$6                               : loaded 2 times (x 83B)
Class org.gradle.internal.installation.CurrentGradleInstallationLocator               : loaded 2 times (x 71B)
Class com.google.common.collect.Maps$KeySet                                           : loaded 2 times (x 137B)
Class com.google.common.cache.LocalCache$EntryFactory$7                               : loaded 2 times (x 83B)
Class com.google.common.collect.ImmutableSet$EmptySetBuilderImpl                      : loaded 2 times (x 76B)
Class com.google.common.collect.ImmutableList                                         : loaded 2 times (x 206B)
Class org.gradle.internal.service.DefaultServiceLocator                               : loaded 2 times (x 83B)
Class com.google.common.cache.LocalCache$EntryFactory$8                               : loaded 2 times (x 83B)
Class com.google.common.collect.ImmutableSet$SetBuilderImpl                           : loaded 2 times (x 76B)
Class org.gradle.internal.installation.CurrentGradleInstallation                      : loaded 2 times (x 73B)
Class com.google.common.cache.CacheLoader$1                                           : loaded 2 times (x 75B)
Class com.google.common.collect.ImmutableList$SubList                                 : loaded 2 times (x 209B)
Class org.gradle.util.internal.GUtil                                                  : loaded 2 times (x 71B)
Class com.google.common.util.concurrent.AbstractFuture$SetFuture                      : loaded 2 times (x 75B)
Class com.google.common.cache.AbstractCache$StatsCounter                              : loaded 2 times (x 70B)
Class com.google.common.collect.Iterators$MergingIterator                             : loaded 2 times (x 81B)
Class com.google.common.collect.RegularImmutableSet                                   : loaded 2 times (x 149B)
Class org.gradle.internal.installation.GradleInstallation                             : loaded 2 times (x 75B)
Class com.google.common.collect.Iterables                                             : loaded 2 times (x 71B)

---------------  S Y S T E M  ---------------

OS:
 Windows 10 , 64 bit Build 19041 (10.0.19041.5794)
OS uptime: 0 days 1:45 hours

CPU: total 8 (initial active 8) (4 cores per cpu, 2 threads per core) family 6 model 142 stepping 10 microcode 0xf6, cx8, cmov, fxsr, ht, mmx, 3dnowpref, sse, sse2, sse3, ssse3, sse4.1, sse4.2, popcnt, lzcnt, tsc, tscinvbit, avx, avx2, aes, erms, clmul, bmi1, bmi2, rtm, adx, fma, vzeroupper, clflush, clflushopt, rdtscp, f16c
Processor Information for processor 0
  Max Mhz: 1896, Current Mhz: 1496, Mhz Limit: 1687
Processor Information for processor 1
  Max Mhz: 1896, Current Mhz: 1696, Mhz Limit: 1687
Processor Information for processor 2
  Max Mhz: 1896, Current Mhz: 1496, Mhz Limit: 1687
Processor Information for processor 3
  Max Mhz: 1896, Current Mhz: 1496, Mhz Limit: 1687
Processor Information for processor 4
  Max Mhz: 1896, Current Mhz: 1496, Mhz Limit: 1687
Processor Information for processor 5
  Max Mhz: 1896, Current Mhz: 1496, Mhz Limit: 1687
Processor Information for processor 6
  Max Mhz: 1896, Current Mhz: 1696, Mhz Limit: 1687
Processor Information for processor 7
  Max Mhz: 1896, Current Mhz: 1496, Mhz Limit: 1687

Memory: 4k page, system-wide physical 8050M (526M free)
TotalPageFile size 13421M (AvailPageFile size 21M)
current process WorkingSet (physical memory assigned to process): 415M, peak: 419M
current process commit charge ("private bytes"): 452M, peak: 481M

vm_info: OpenJDK 64-Bit Server VM (21.0.8+-14018985-b1038.68) for windows-amd64 JRE (21.0.8+-14018985-b1038.68), built on 2025-08-29T19:56:34Z by "builder" with MS VC++ 16.10 / 16.11 (VS2019)

END.
