#
# There is insufficient memory for the Java Runtime Environment to continue.
# Native memory allocation (mmap) failed to map 225443840 bytes. Error detail: G1 virtual space
# Possible reasons:
#   The system is out of physical RAM or swap space
#   This process is running with CompressedOops enabled, and the Java Heap may be blocking the growth of the native heap
# Possible solutions:
#   Reduce memory load on the system
#   Increase physical memory or swap space
#   Check if swap backing store is full
#   Decrease Java heap size (-Xmx/-Xms)
#   Decrease number of Java threads
#   Decrease Java thread stack sizes (-Xss)
#   Set larger code cache with -XX:ReservedCodeCacheSize=
#   JVM is running with Unscaled Compressed Oops mode in which the Java heap is
#     placed in the first 4GB address space. The Java Heap base address is the
#     maximum limit for the native heap growth. Please use -XX:HeapBaseMinAddress
#     to set the Java Heap base and to place the Java Heap above 4GB virtual address.
# This output file may be truncated or incomplete.
#
#  Out of Memory Error (os_windows.cpp:3925), pid=13440, tid=11344
#
# JRE version: OpenJDK Runtime Environment (21.0.8) (build 21.0.8+-14018985-b1038.68)
# Java VM: OpenJDK 64-Bit Server VM (21.0.8+-14018985-b1038.68, mixed mode, tiered, compressed oops, compressed class ptrs, g1 gc, windows-amd64)
# No core dump will be written. Minidumps are not enabled by default on client versions of Windows
#

---------------  S U M M A R Y ------------

Command Line: --add-opens=java.base/java.lang=ALL-UNNAMED --add-opens=java.base/java.lang.invoke=ALL-UNNAMED --add-opens=java.base/java.util=ALL-UNNAMED --add-opens=java.prefs/java.util.prefs=ALL-UNNAMED --add-exports=jdk.compiler/com.sun.tools.javac.api=ALL-UNNAMED --add-exports=jdk.compiler/com.sun.tools.javac.util=ALL-UNNAMED --add-opens=java.base/java.util=ALL-UNNAMED --add-opens=java.prefs/java.util.prefs=ALL-UNNAMED --add-opens=java.base/java.nio.charset=ALL-UNNAMED --add-opens=java.base/java.net=ALL-UNNAMED --add-opens=java.base/java.util.concurrent.atomic=ALL-UNNAMED --add-opens=java.xml/javax.xml.namespace=ALL-UNNAMED -Xmx2048m -Dfile.encoding=UTF-8 -Duser.country=US -Duser.language=en -Duser.variant -javaagent:C:\Users\Laptop_Store\.gradle\wrapper\dists\gradle-8.13-bin\5xuhj0ry160q40clulazy9h7d\gradle-8.13\lib\agents\gradle-instrumentation-agent-8.13.jar org.gradle.launcher.daemon.bootstrap.GradleDaemon 8.13

Host: Intel(R) Core(TM) i5-8350U CPU @ 1.70GHz, 8 cores, 7G,  Windows 10 , 64 bit Build 19041 (10.0.19041.5794)
Time: Tue Jun  9 00:12:04 2026 Pakistan Standard Time elapsed time: 72.256993 seconds (0d 0h 1m 12s)

---------------  T H R E A D  ---------------

Current thread (0x000001d160908020):  VMThread "VM Thread"          [id=11344, stack(0x000000cf74600000,0x000000cf74700000) (1024K)]

Stack: [0x000000cf74600000,0x000000cf74700000]
Native frames: (J=compiled Java code, j=interpreted, Vv=VM code, C=native code)
V  [jvm.dll+0x6d68d9]
V  [jvm.dll+0x866693]
V  [jvm.dll+0x868c4e]
V  [jvm.dll+0x869333]
V  [jvm.dll+0x280566]
V  [jvm.dll+0x6d3195]
V  [jvm.dll+0x6c69ea]
V  [jvm.dll+0x3586db]
V  [jvm.dll+0x360336]
V  [jvm.dll+0x3b23f6]
V  [jvm.dll+0x3b26c8]
V  [jvm.dll+0x32ae6c]
V  [jvm.dll+0x32aef7]
V  [jvm.dll+0x370d3c]
V  [jvm.dll+0x36f4ee]
V  [jvm.dll+0x32a5c1]
V  [jvm.dll+0x36ebf0]
V  [jvm.dll+0x86f0b8]
V  [jvm.dll+0x870434]
V  [jvm.dll+0x870970]
V  [jvm.dll+0x870c03]
V  [jvm.dll+0x80eac8]
V  [jvm.dll+0x6d512d]
C  [ucrtbase.dll+0x21bb2]
C  [KERNEL32.DLL+0x17374]
C  [ntdll.dll+0x4cc91]

VM_Operation (0x000000cf78ef8ed0): G1CollectForAllocation, mode: safepoint, requested by thread 0x000001d167bf8350


---------------  P R O C E S S  ---------------

Threads class SMR info:
_java_thread_list=0x000001d17004ac40, length=141, elements={
0x000001d1491ff730, 0x000001d160a53aa0, 0x000001d160a847d0, 0x000001d160a85230,
0x000001d160a99eb0, 0x000001d160aa4ad0, 0x000001d160aad540, 0x000001d160aadfa0,
0x000001d160ab5250, 0x000001d160ab6d00, 0x000001d160d8cd70, 0x000001d166456680,
0x000001d1663d5770, 0x000001d165bf2c30, 0x000001d166b1b530, 0x000001d166b1bba0,
0x000001d16676d080, 0x000001d1667895a0, 0x000001d166d18360, 0x000001d166d15c00,
0x000001d166d16290, 0x000001d166d16920, 0x000001d166d16fb0, 0x000001d166d17640,
0x000001d166d15570, 0x000001d166d189f0, 0x000001d168fb7310, 0x000001d168fb3800,
0x000001d168fb3170, 0x000001d168fb6c80, 0x000001d168fb2ae0, 0x000001d168fb58d0,
0x000001d168fb5240, 0x000001d168fb86c0, 0x000001d168fb4bb0, 0x000001d168fb8d50,
0x000001d168fb3e90, 0x000001d168fb93e0, 0x000001d168fb2450, 0x000001d168fb4520,
0x000001d169517b90, 0x000001d169517500, 0x000001d169516150, 0x000001d169511fb0,
0x000001d169514080, 0x000001d169518f40, 0x000001d169515430, 0x000001d169513360,
0x000001d1695167e0, 0x000001d169512640, 0x000001d169514710, 0x000001d169516e70,
0x000001d169514da0, 0x000001d167bf89e0, 0x000001d167bfa420, 0x000001d167bf6280,
0x000001d167bf6fa0, 0x000001d167bf4840, 0x000001d167bf9070, 0x000001d167bfaab0,
0x000001d167bf41b0, 0x000001d167bfb7d0, 0x000001d167bfb140, 0x000001d167bf8350,
0x000001d167bf4ed0, 0x000001d167bf5bf0, 0x000001d167bf9700, 0x000001d167bf5560,
0x000001d167bf6910, 0x000001d167bf7630, 0x000001d167bf7cc0, 0x000001d165d52c40,
0x000001d165d553a0, 0x000001d165d56750, 0x000001d165d56de0, 0x000001d165d54680,
0x000001d165d54d10, 0x000001d165d57b00, 0x000001d16a2d6900, 0x000001d16a2d89d0,
0x000001d16a2d7620, 0x000001d16a2d5550, 0x000001d16a2d7cb0, 0x000001d16a2d5be0,
0x000001d16a2d9060, 0x000001d16a2d96f0, 0x000001d16a2d2760, 0x000001d16a2d9d80,
0x000001d16a313210, 0x000001d16a314c50, 0x000001d16a312b80, 0x000001d16a3138a0,
0x000001d16a3145c0, 0x000001d16a0f9800, 0x000001d16a0f6380, 0x000001d16a0fa520,
0x000001d16a0f70a0, 0x000001d16a0f8ae0, 0x000001d16a0fbf60, 0x000001d16a0f4fd0,
0x000001d16a0f7dc0, 0x000001d16a0f9e90, 0x000001d16a0f8450, 0x000001d16a0f5cf0,
0x000001d16a0fabb0, 0x000001d16a0f6a10, 0x000001d16a0f9170, 0x000001d16a0fb240,
0x000001d16a0fc5f0, 0x000001d16a2d6270, 0x000001d16a2d2df0, 0x000001d165ea0d50,
0x000001d165ea5c10, 0x000001d165ea4860, 0x000001d165ea1a70, 0x000001d165ea13e0,
0x000001d165ea2790, 0x000001d165ea6930, 0x000001d165ea3b40, 0x000001d1713d1a10,
0x000001d1713cbe30, 0x000001d1713d0cf0, 0x000001d1713ccb50, 0x000001d1713cd870,
0x000001d1713d20a0, 0x000001d1713cb110, 0x000001d1713d2730, 0x000001d1713cc4c0,
0x000001d1713cd1e0, 0x000001d1713cdf00, 0x000001d1713ce590, 0x000001d1713cf2b0,
0x000001d1713cf940, 0x000001d16a0fb8d0, 0x000001d16a0f7730, 0x000001d168fb1dc0,
0x000001d167bf9d90, 0x000001d165d55a30, 0x000001d165dfe4d0, 0x000001d165e005a0,
0x000001d165dfeb60
}

Java Threads: ( => current thread )
  0x000001d1491ff730 JavaThread "main"                              [_thread_blocked, id=12808, stack(0x000000cf73f00000,0x000000cf74000000) (1024K)]
  0x000001d160a53aa0 JavaThread "Common-Cleaner"             daemon [_thread_blocked, id=272, stack(0x000000cf74700000,0x000000cf74800000) (1024K)]
  0x000001d160a847d0 JavaThread "Reference Handler"          daemon [_thread_blocked, id=10424, stack(0x000000cf74800000,0x000000cf74900000) (1024K)]
  0x000001d160a85230 JavaThread "Finalizer"                  daemon [_thread_blocked, id=11228, stack(0x000000cf74900000,0x000000cf74a00000) (1024K)]
  0x000001d160a99eb0 JavaThread "Signal Dispatcher"          daemon [_thread_blocked, id=13320, stack(0x000000cf74a00000,0x000000cf74b00000) (1024K)]
  0x000001d160aa4ad0 JavaThread "Attach Listener"            daemon [_thread_blocked, id=5812, stack(0x000000cf74b00000,0x000000cf74c00000) (1024K)]
  0x000001d160aad540 JavaThread "Service Thread"             daemon [_thread_blocked, id=13216, stack(0x000000cf74c00000,0x000000cf74d00000) (1024K)]
  0x000001d160aadfa0 JavaThread "Monitor Deflation Thread"   daemon [_thread_blocked, id=8600, stack(0x000000cf74d00000,0x000000cf74e00000) (1024K)]
  0x000001d160ab5250 JavaThread "C2 CompilerThread0"         daemon [_thread_in_native, id=1312, stack(0x000000cf74e00000,0x000000cf74f00000) (1024K)]
  0x000001d160ab6d00 JavaThread "C1 CompilerThread0"         daemon [_thread_blocked, id=10368, stack(0x000000cf74f00000,0x000000cf75000000) (1024K)]
  0x000001d160d8cd70 JavaThread "Notification Thread"        daemon [_thread_blocked, id=6688, stack(0x000000cf75000000,0x000000cf75100000) (1024K)]
  0x000001d166456680 JavaThread "Daemon health stats"               [_thread_blocked, id=6644, stack(0x000000cf75500000,0x000000cf75600000) (1024K)]
  0x000001d1663d5770 JavaThread "Incoming local TCP Connector on port 51524"        [_thread_in_native, id=11784, stack(0x000000cf75900000,0x000000cf75a00000) (1024K)]
  0x000001d165bf2c30 JavaThread "Daemon periodic checks"            [_thread_blocked, id=13316, stack(0x000000cf75a00000,0x000000cf75b00000) (1024K)]
  0x000001d166b1b530 JavaThread "Daemon"                            [_thread_blocked, id=5972, stack(0x000000cf75b00000,0x000000cf75c00000) (1024K)]
  0x000001d166b1bba0 JavaThread "Handler for socket connection from /127.0.0.1:51524 to /127.0.0.1:51525"        [_thread_in_native, id=12788, stack(0x000000cf75c00000,0x000000cf75d00000) (1024K)]
  0x000001d16676d080 JavaThread "Cancel handler"                    [_thread_blocked, id=12328, stack(0x000000cf75d00000,0x000000cf75e00000) (1024K)]
  0x000001d1667895a0 JavaThread "Daemon worker"                     [_thread_blocked, id=12952, stack(0x000000cf75e00000,0x000000cf75f00000) (1024K)]
  0x000001d166d18360 JavaThread "Asynchronous log dispatcher for DefaultDaemonConnection: socket connection from /127.0.0.1:51524 to /127.0.0.1:51525"        [_thread_blocked, id=13428, stack(0x000000cf75f00000,0x000000cf76000000) (1024K)]
  0x000001d166d15c00 JavaThread "Stdin handler"                     [_thread_blocked, id=11736, stack(0x000000cf76000000,0x000000cf76100000) (1024K)]
  0x000001d166d16290 JavaThread "Daemon client event forwarder"        [_thread_blocked, id=5200, stack(0x000000cf76100000,0x000000cf76200000) (1024K)]
  0x000001d166d16920 JavaThread "Cache worker for journal cache (C:\Users\Laptop_Store\.gradle\caches\journal-1)"        [_thread_blocked, id=12260, stack(0x000000cf76300000,0x000000cf76400000) (1024K)]
  0x000001d166d16fb0 JavaThread "File lock request listener"        [_thread_in_native, id=14044, stack(0x000000cf76400000,0x000000cf76500000) (1024K)]
  0x000001d166d17640 JavaThread "Cache worker for file hash cache (C:\Users\Laptop_Store\.gradle\caches\8.13\fileHashes)"        [_thread_blocked, id=11072, stack(0x000000cf76500000,0x000000cf76600000) (1024K)]
  0x000001d166d15570 JavaThread "Cache worker for file hash cache (D:\VillageToCityReseilingApp1\.gradle\8.13\fileHashes)"        [_thread_blocked, id=8212, stack(0x000000cf76600000,0x000000cf76700000) (1024K)]
  0x000001d166d189f0 JavaThread "Cache worker for Build Output Cleanup Cache (D:\VillageToCityReseilingApp1\.gradle\buildOutputCleanup)"        [_thread_blocked, id=7280, stack(0x000000cf76700000,0x000000cf76800000) (1024K)]
  0x000001d168fb7310 JavaThread "File watcher server"        daemon [_thread_blocked, id=3744, stack(0x000000cf76800000,0x000000cf76900000) (1024K)]
  0x000001d168fb3800 JavaThread "File watcher consumer"      daemon [_thread_blocked, id=6152, stack(0x000000cf76900000,0x000000cf76a00000) (1024K)]
  0x000001d168fb3170 JavaThread "jar transforms"                    [_thread_blocked, id=8620, stack(0x000000cf76a00000,0x000000cf76b00000) (1024K)]
  0x000001d168fb6c80 JavaThread "jar transforms Thread 2"           [_thread_blocked, id=13772, stack(0x000000cf76b00000,0x000000cf76c00000) (1024K)]
  0x000001d168fb2ae0 JavaThread "Cache worker for checksums cache (D:\VillageToCityReseilingApp1\.gradle\8.13\checksums)"        [_thread_blocked, id=9940, stack(0x000000cf76c00000,0x000000cf76d00000) (1024K)]
  0x000001d168fb58d0 JavaThread "Cache worker for file content cache (C:\Users\Laptop_Store\.gradle\caches\8.13\fileContent)"        [_thread_blocked, id=13580, stack(0x000000cf76d00000,0x000000cf76e00000) (1024K)]
  0x000001d168fb5240 JavaThread "jar transforms Thread 3"           [_thread_blocked, id=8980, stack(0x000000cf76e00000,0x000000cf76f00000) (1024K)]
  0x000001d168fb86c0 JavaThread "Cache worker for cache directory md-supplier (C:\Users\Laptop_Store\.gradle\caches\8.13\md-supplier)"        [_thread_blocked, id=12436, stack(0x000000cf76f00000,0x000000cf77000000) (1024K)]
  0x000001d168fb4bb0 JavaThread "Cache worker for cache directory md-rule (C:\Users\Laptop_Store\.gradle\caches\8.13\md-rule)"        [_thread_blocked, id=2300, stack(0x000000cf77000000,0x000000cf77100000) (1024K)]
  0x000001d168fb8d50 JavaThread "Unconstrained build operations"        [_thread_blocked, id=12824, stack(0x000000cf77100000,0x000000cf77200000) (1024K)]
  0x000001d168fb3e90 JavaThread "Unconstrained build operations Thread 2"        [_thread_blocked, id=13368, stack(0x000000cf77200000,0x000000cf77300000) (1024K)]
  0x000001d168fb93e0 JavaThread "Unconstrained build operations Thread 3"        [_thread_blocked, id=12520, stack(0x000000cf77300000,0x000000cf77400000) (1024K)]
  0x000001d168fb2450 JavaThread "Unconstrained build operations Thread 4"        [_thread_blocked, id=14120, stack(0x000000cf77400000,0x000000cf77500000) (1024K)]
  0x000001d168fb4520 JavaThread "Unconstrained build operations Thread 5"        [_thread_blocked, id=5444, stack(0x000000cf77500000,0x000000cf77600000) (1024K)]
  0x000001d169517b90 JavaThread "Unconstrained build operations Thread 6"        [_thread_blocked, id=6944, stack(0x000000cf77600000,0x000000cf77700000) (1024K)]
  0x000001d169517500 JavaThread "Unconstrained build operations Thread 7"        [_thread_blocked, id=9276, stack(0x000000cf77700000,0x000000cf77800000) (1024K)]
  0x000001d169516150 JavaThread "Unconstrained build operations Thread 8"        [_thread_blocked, id=8964, stack(0x000000cf77800000,0x000000cf77900000) (1024K)]
  0x000001d169511fb0 JavaThread "jar transforms Thread 4"           [_thread_blocked, id=9500, stack(0x000000cf77900000,0x000000cf77a00000) (1024K)]
  0x000001d169514080 JavaThread "jar transforms Thread 5"           [_thread_blocked, id=8552, stack(0x000000cf77a00000,0x000000cf77b00000) (1024K)]
  0x000001d169518f40 JavaThread "Unconstrained build operations Thread 9"        [_thread_blocked, id=12268, stack(0x000000cf77b00000,0x000000cf77c00000) (1024K)]
  0x000001d169515430 JavaThread "Unconstrained build operations Thread 10"        [_thread_blocked, id=2216, stack(0x000000cf77c00000,0x000000cf77d00000) (1024K)]
  0x000001d169513360 JavaThread "Unconstrained build operations Thread 11"        [_thread_blocked, id=5168, stack(0x000000cf77d00000,0x000000cf77e00000) (1024K)]
  0x000001d1695167e0 JavaThread "Unconstrained build operations Thread 12"        [_thread_blocked, id=11692, stack(0x000000cf77e00000,0x000000cf77f00000) (1024K)]
  0x000001d169512640 JavaThread "jar transforms Thread 6"           [_thread_blocked, id=13036, stack(0x000000cf77f00000,0x000000cf78000000) (1024K)]
  0x000001d169514710 JavaThread "jar transforms Thread 7"           [_thread_blocked, id=10660, stack(0x000000cf78000000,0x000000cf78100000) (1024K)]
  0x000001d169516e70 JavaThread "jar transforms Thread 8"           [_thread_blocked, id=6352, stack(0x000000cf78100000,0x000000cf78200000) (1024K)]
  0x000001d169514da0 JavaThread "Unconstrained build operations Thread 13"        [_thread_blocked, id=1056, stack(0x000000cf78300000,0x000000cf78400000) (1024K)]
  0x000001d167bf89e0 JavaThread "Unconstrained build operations Thread 14"        [_thread_blocked, id=7576, stack(0x000000cf78400000,0x000000cf78500000) (1024K)]
  0x000001d167bfa420 JavaThread "Unconstrained build operations Thread 15"        [_thread_blocked, id=1448, stack(0x000000cf78500000,0x000000cf78600000) (1024K)]
  0x000001d167bf6280 JavaThread "Unconstrained build operations Thread 16"        [_thread_blocked, id=14280, stack(0x000000cf78600000,0x000000cf78700000) (1024K)]
  0x000001d167bf6fa0 JavaThread "Unconstrained build operations Thread 17"        [_thread_blocked, id=13380, stack(0x000000cf78700000,0x000000cf78800000) (1024K)]
  0x000001d167bf4840 JavaThread "Unconstrained build operations Thread 18"        [_thread_blocked, id=13292, stack(0x000000cf78800000,0x000000cf78900000) (1024K)]
  0x000001d167bf9070 JavaThread "Unconstrained build operations Thread 19"        [_thread_blocked, id=12928, stack(0x000000cf78900000,0x000000cf78a00000) (1024K)]
  0x000001d167bfaab0 JavaThread "Unconstrained build operations Thread 20"        [_thread_blocked, id=8844, stack(0x000000cf78a00000,0x000000cf78b00000) (1024K)]
  0x000001d167bf41b0 JavaThread "Unconstrained build operations Thread 21"        [_thread_blocked, id=5100, stack(0x000000cf78b00000,0x000000cf78c00000) (1024K)]
  0x000001d167bfb7d0 JavaThread "Unconstrained build operations Thread 22"        [_thread_blocked, id=13508, stack(0x000000cf78c00000,0x000000cf78d00000) (1024K)]
  0x000001d167bfb140 JavaThread "Unconstrained build operations Thread 23"        [_thread_blocked, id=7448, stack(0x000000cf78d00000,0x000000cf78e00000) (1024K)]
  0x000001d167bf8350 JavaThread "Unconstrained build operations Thread 24"        [_thread_blocked, id=5860, stack(0x000000cf78e00000,0x000000cf78f00000) (1024K)]
  0x000001d167bf4ed0 JavaThread "Unconstrained build operations Thread 25"        [_thread_blocked, id=6392, stack(0x000000cf78f00000,0x000000cf79000000) (1024K)]
  0x000001d167bf5bf0 JavaThread "Unconstrained build operations Thread 26"        [_thread_blocked, id=3584, stack(0x000000cf79000000,0x000000cf79100000) (1024K)]
  0x000001d167bf9700 JavaThread "Unconstrained build operations Thread 27"        [_thread_blocked, id=4520, stack(0x000000cf79100000,0x000000cf79200000) (1024K)]
  0x000001d167bf5560 JavaThread "Unconstrained build operations Thread 28"        [_thread_blocked, id=12616, stack(0x000000cf79200000,0x000000cf79300000) (1024K)]
  0x000001d167bf6910 JavaThread "Unconstrained build operations Thread 29"        [_thread_blocked, id=8740, stack(0x000000cf79300000,0x000000cf79400000) (1024K)]
  0x000001d167bf7630 JavaThread "Unconstrained build operations Thread 30"        [_thread_blocked, id=5056, stack(0x000000cf79400000,0x000000cf79500000) (1024K)]
  0x000001d167bf7cc0 JavaThread "Unconstrained build operations Thread 31"        [_thread_blocked, id=13364, stack(0x000000cf79500000,0x000000cf79600000) (1024K)]
  0x000001d165d52c40 JavaThread "Unconstrained build operations Thread 32"        [_thread_blocked, id=11724, stack(0x000000cf79600000,0x000000cf79700000) (1024K)]
  0x000001d165d553a0 JavaThread "Unconstrained build operations Thread 33"        [_thread_blocked, id=13864, stack(0x000000cf79700000,0x000000cf79800000) (1024K)]
  0x000001d165d56750 JavaThread "build event listener"              [_thread_blocked, id=9984, stack(0x000000cf78200000,0x000000cf78300000) (1024K)]
  0x000001d165d56de0 JavaThread "Memory manager"                    [_thread_blocked, id=11448, stack(0x000000cf79900000,0x000000cf79a00000) (1024K)]
  0x000001d165d54680 JavaThread "pool-3-thread-1"                   [_thread_blocked, id=4844, stack(0x000000cf79a00000,0x000000cf79b00000) (1024K)]
  0x000001d165d54d10 JavaThread "build event listener"              [_thread_blocked, id=1060, stack(0x000000cf79b00000,0x000000cf79c00000) (1024K)]
  0x000001d165d57b00 JavaThread "included builds"                   [_thread_blocked, id=10888, stack(0x000000cf79c00000,0x000000cf79d00000) (1024K)]
  0x000001d16a2d6900 JavaThread "Execution worker"                  [_thread_blocked, id=10488, stack(0x000000cf79d00000,0x000000cf79e00000) (1024K)]
  0x000001d16a2d89d0 JavaThread "Execution worker Thread 2"         [_thread_blocked, id=13956, stack(0x000000cf79e00000,0x000000cf79f00000) (1024K)]
  0x000001d16a2d7620 JavaThread "Execution worker Thread 3"         [_thread_blocked, id=12860, stack(0x000000cf79f00000,0x000000cf7a000000) (1024K)]
  0x000001d16a2d5550 JavaThread "Execution worker Thread 4"         [_thread_blocked, id=12592, stack(0x000000cf7a000000,0x000000cf7a100000) (1024K)]
  0x000001d16a2d7cb0 JavaThread "Execution worker Thread 5"         [_thread_blocked, id=32, stack(0x000000cf7a100000,0x000000cf7a200000) (1024K)]
  0x000001d16a2d5be0 JavaThread "Execution worker Thread 6"         [_thread_blocked, id=9264, stack(0x000000cf7a200000,0x000000cf7a300000) (1024K)]
  0x000001d16a2d9060 JavaThread "Execution worker Thread 7"         [_thread_blocked, id=13444, stack(0x000000cf7a300000,0x000000cf7a400000) (1024K)]
  0x000001d16a2d96f0 JavaThread "Cache worker for execution history cache (D:\VillageToCityReseilingApp1\.gradle\8.13\executionHistory)"        [_thread_blocked, id=6248, stack(0x000000cf7a400000,0x000000cf7a500000) (1024K)]
  0x000001d16a2d2760 JavaThread "Unconstrained build operations Thread 34"        [_thread_blocked, id=12668, stack(0x000000cf7a500000,0x000000cf7a600000) (1024K)]
  0x000001d16a2d9d80 JavaThread "Unconstrained build operations Thread 35"        [_thread_blocked, id=13456, stack(0x000000cf7a600000,0x000000cf7a700000) (1024K)]
  0x000001d16a313210 JavaThread "Unconstrained build operations Thread 36"        [_thread_blocked, id=12820, stack(0x000000cf7a700000,0x000000cf7a800000) (1024K)]
  0x000001d16a314c50 JavaThread "Unconstrained build operations Thread 37"        [_thread_blocked, id=432, stack(0x000000cf7a800000,0x000000cf7a900000) (1024K)]
  0x000001d16a312b80 JavaThread "Unconstrained build operations Thread 38"        [_thread_blocked, id=3160, stack(0x000000cf7a900000,0x000000cf7aa00000) (1024K)]
  0x000001d16a3138a0 JavaThread "Unconstrained build operations Thread 39"        [_thread_blocked, id=13308, stack(0x000000cf7aa00000,0x000000cf7ab00000) (1024K)]
  0x000001d16a3145c0 JavaThread "Unconstrained build operations Thread 40"        [_thread_blocked, id=1156, stack(0x000000cf7ab00000,0x000000cf7ac00000) (1024K)]
  0x000001d16a0f9800 JavaThread "WorkerExecutor Queue"              [_thread_blocked, id=9312, stack(0x000000cf7ac00000,0x000000cf7ad00000) (1024K)]
  0x000001d16a0f6380 JavaThread "Unconstrained build operations Thread 41"        [_thread_blocked, id=2148, stack(0x000000cf7ad00000,0x000000cf7ae00000) (1024K)]
  0x000001d16a0fa520 JavaThread "Unconstrained build operations Thread 42"        [_thread_blocked, id=14220, stack(0x000000cf7ae00000,0x000000cf7af00000) (1024K)]
  0x000001d16a0f70a0 JavaThread "Unconstrained build operations Thread 43"        [_thread_blocked, id=13012, stack(0x000000cf7af00000,0x000000cf7b000000) (1024K)]
  0x000001d16a0f8ae0 JavaThread "Unconstrained build operations Thread 44"        [_thread_blocked, id=12192, stack(0x000000cf7b000000,0x000000cf7b100000) (1024K)]
  0x000001d16a0fbf60 JavaThread "Unconstrained build operations Thread 45"        [_thread_blocked, id=13144, stack(0x000000cf7b100000,0x000000cf7b200000) (1024K)]
  0x000001d16a0f4fd0 JavaThread "Unconstrained build operations Thread 46"        [_thread_blocked, id=6356, stack(0x000000cf7b200000,0x000000cf7b300000) (1024K)]
  0x000001d16a0f7dc0 JavaThread "Unconstrained build operations Thread 47"        [_thread_blocked, id=7016, stack(0x000000cf7b300000,0x000000cf7b400000) (1024K)]
  0x000001d16a0f9e90 JavaThread "Unconstrained build operations Thread 48"        [_thread_blocked, id=13468, stack(0x000000cf7b400000,0x000000cf7b500000) (1024K)]
  0x000001d16a0f8450 JavaThread "WorkerExecutor Queue Thread 2"        [_thread_blocked, id=3944, stack(0x000000cf7b500000,0x000000cf7b600000) (1024K)]
  0x000001d16a0f5cf0 JavaThread "Unconstrained build operations Thread 49"        [_thread_blocked, id=13004, stack(0x000000cf7b600000,0x000000cf7b700000) (1024K)]
  0x000001d16a0fabb0 JavaThread "Unconstrained build operations Thread 50"        [_thread_blocked, id=12556, stack(0x000000cf7b700000,0x000000cf7b800000) (1024K)]
  0x000001d16a0f6a10 JavaThread "Unconstrained build operations Thread 51"        [_thread_blocked, id=14300, stack(0x000000cf7b800000,0x000000cf7b900000) (1024K)]
  0x000001d16a0f9170 JavaThread "Unconstrained build operations Thread 52"        [_thread_blocked, id=8036, stack(0x000000cf7b900000,0x000000cf7ba00000) (1024K)]
  0x000001d16a0fb240 JavaThread "Unconstrained build operations Thread 53"        [_thread_blocked, id=2828, stack(0x000000cf7ba00000,0x000000cf7bb00000) (1024K)]
  0x000001d16a0fc5f0 JavaThread "Unconstrained build operations Thread 54"        [_thread_blocked, id=11540, stack(0x000000cf7bb00000,0x000000cf7bc00000) (1024K)]
  0x000001d16a2d6270 JavaThread "Unconstrained build operations Thread 55"        [_thread_blocked, id=4624, stack(0x000000cf7bc00000,0x000000cf7bd00000) (1024K)]
  0x000001d16a2d2df0 JavaThread "WorkerExecutor Queue Thread 3"        [_thread_blocked, id=10820, stack(0x000000cf7bd00000,0x000000cf7be00000) (1024K)]
  0x000001d165ea0d50 JavaThread "WorkerExecutor Queue Thread 4"        [_thread_blocked, id=9744, stack(0x000000cf7be00000,0x000000cf7bf00000) (1024K)]
  0x000001d165ea5c10 JavaThread "WorkerExecutor Queue Thread 5"        [_thread_blocked, id=12716, stack(0x000000cf7bf00000,0x000000cf7c000000) (1024K)]
  0x000001d165ea4860 JavaThread "WorkerExecutor Queue Thread 6"        [_thread_blocked, id=13568, stack(0x000000cf7c000000,0x000000cf7c100000) (1024K)]
  0x000001d165ea1a70 JavaThread "WorkerExecutor Queue Thread 7"        [_thread_blocked, id=13696, stack(0x000000cf7c100000,0x000000cf7c200000) (1024K)]
  0x000001d165ea13e0 JavaThread "WorkerExecutor Queue Thread 8"        [_thread_blocked, id=5360, stack(0x000000cf7c200000,0x000000cf7c300000) (1024K)]
  0x000001d165ea2790 JavaThread "Unconstrained build operations Thread 56"        [_thread_blocked, id=11232, stack(0x000000cf7c300000,0x000000cf7c400000) (1024K)]
  0x000001d165ea6930 JavaThread "Unconstrained build operations Thread 57"        [_thread_blocked, id=5356, stack(0x000000cf7c400000,0x000000cf7c500000) (1024K)]
  0x000001d165ea3b40 JavaThread "Unconstrained build operations Thread 58"        [_thread_blocked, id=4700, stack(0x000000cf7c500000,0x000000cf7c600000) (1024K)]
  0x000001d1713d1a10 JavaThread "Unconstrained build operations Thread 59"        [_thread_blocked, id=7184, stack(0x000000cf7c600000,0x000000cf7c700000) (1024K)]
  0x000001d1713cbe30 JavaThread "Unconstrained build operations Thread 60"        [_thread_blocked, id=7944, stack(0x000000cf7c700000,0x000000cf7c800000) (1024K)]
  0x000001d1713d0cf0 JavaThread "Unconstrained build operations Thread 61"        [_thread_blocked, id=6848, stack(0x000000cf7c800000,0x000000cf7c900000) (1024K)]
  0x000001d1713ccb50 JavaThread "Unconstrained build operations Thread 62"        [_thread_blocked, id=8000, stack(0x000000cf7c900000,0x000000cf7ca00000) (1024K)]
  0x000001d1713cd870 JavaThread "Unconstrained build operations Thread 63"        [_thread_blocked, id=14208, stack(0x000000cf7ca00000,0x000000cf7cb00000) (1024K)]
  0x000001d1713d20a0 JavaThread "Unconstrained build operations Thread 64"        [_thread_blocked, id=12724, stack(0x000000cf79800000,0x000000cf79900000) (1024K)]
  0x000001d1713cb110 JavaThread "Unconstrained build operations Thread 65"        [_thread_blocked, id=11100, stack(0x000000cf7cb00000,0x000000cf7cc00000) (1024K)]
  0x000001d1713d2730 JavaThread "Unconstrained build operations Thread 66"        [_thread_blocked, id=1328, stack(0x000000cf7cc00000,0x000000cf7cd00000) (1024K)]
  0x000001d1713cc4c0 JavaThread "Unconstrained build operations Thread 67"        [_thread_blocked, id=13248, stack(0x000000cf7cd00000,0x000000cf7ce00000) (1024K)]
  0x000001d1713cd1e0 JavaThread "Unconstrained build operations Thread 68"        [_thread_blocked, id=7688, stack(0x000000cf7ce00000,0x000000cf7cf00000) (1024K)]
  0x000001d1713cdf00 JavaThread "Unconstrained build operations Thread 69"        [_thread_blocked, id=12416, stack(0x000000cf7cf00000,0x000000cf7d000000) (1024K)]
  0x000001d1713ce590 JavaThread "Unconstrained build operations Thread 70"        [_thread_blocked, id=14192, stack(0x000000cf7d000000,0x000000cf7d100000) (1024K)]
  0x000001d1713cf2b0 JavaThread "Unconstrained build operations Thread 71"        [_thread_blocked, id=5112, stack(0x000000cf7d100000,0x000000cf7d200000) (1024K)]
  0x000001d1713cf940 JavaThread "Unconstrained build operations Thread 72"        [_thread_blocked, id=1016, stack(0x000000cf7d200000,0x000000cf7d300000) (1024K)]
  0x000001d16a0fb8d0 JavaThread "Unconstrained build operations Thread 73"        [_thread_blocked, id=12040, stack(0x000000cf7d300000,0x000000cf7d400000) (1024K)]
  0x000001d16a0f7730 JavaThread "Unconstrained build operations Thread 74"        [_thread_blocked, id=6256, stack(0x000000cf7d400000,0x000000cf7d500000) (1024K)]
  0x000001d168fb1dc0 JavaThread "Unconstrained build operations Thread 75"        [_thread_blocked, id=8196, stack(0x000000cf7d500000,0x000000cf7d600000) (1024K)]
  0x000001d167bf9d90 JavaThread "Unconstrained build operations Thread 76"        [_thread_blocked, id=5380, stack(0x000000cf7d600000,0x000000cf7d700000) (1024K)]
  0x000001d165d55a30 JavaThread "Unconstrained build operations Thread 77"        [_thread_blocked, id=10900, stack(0x000000cf7d700000,0x000000cf7d800000) (1024K)]
  0x000001d165dfe4d0 JavaThread "Unconstrained build operations Thread 78"        [_thread_blocked, id=12136, stack(0x000000cf7d800000,0x000000cf7d900000) (1024K)]
  0x000001d165e005a0 JavaThread "Unconstrained build operations Thread 79"        [_thread_blocked, id=11840, stack(0x000000cf7d900000,0x000000cf7da00000) (1024K)]
  0x000001d165dfeb60 JavaThread "Unconstrained build operations Thread 80"        [_thread_blocked, id=10532, stack(0x000000cf7da00000,0x000000cf7db00000) (1024K)]
Total: 141

Other Threads:
=>0x000001d160908020 VMThread "VM Thread"                           [id=11344, stack(0x000000cf74600000,0x000000cf74700000) (1024K)]
  0x000001d160877260 WatcherThread "VM Periodic Task Thread"        [id=6208, stack(0x000000cf74500000,0x000000cf74600000) (1024K)]
  0x000001d149256920 WorkerThread "GC Thread#0"                     [id=2704, stack(0x000000cf74000000,0x000000cf74100000) (1024K)]
  0x000001d1651bb290 WorkerThread "GC Thread#1"                     [id=8352, stack(0x000000cf75100000,0x000000cf75200000) (1024K)]
  0x000001d1651bb630 WorkerThread "GC Thread#2"                     [id=2680, stack(0x000000cf75200000,0x000000cf75300000) (1024K)]
  0x000001d165b20720 WorkerThread "GC Thread#3"                     [id=3900, stack(0x000000cf75300000,0x000000cf75400000) (1024K)]
  0x000001d165b91730 WorkerThread "GC Thread#4"                     [id=13656, stack(0x000000cf75400000,0x000000cf75500000) (1024K)]
  0x000001d166667e80 WorkerThread "GC Thread#5"                     [id=10308, stack(0x000000cf75600000,0x000000cf75700000) (1024K)]
  0x000001d1663a6f30 WorkerThread "GC Thread#6"                     [id=13880, stack(0x000000cf75700000,0x000000cf75800000) (1024K)]
  0x000001d1663a72d0 WorkerThread "GC Thread#7"                     [id=6480, stack(0x000000cf75800000,0x000000cf75900000) (1024K)]
  0x000001d149268820 ConcurrentGCThread "G1 Main Marker"            [id=13692, stack(0x000000cf74100000,0x000000cf74200000) (1024K)]
  0x000001d149269230 WorkerThread "G1 Conc#0"                       [id=1556, stack(0x000000cf74200000,0x000000cf74300000) (1024K)]
  0x000001d166cfdc60 WorkerThread "G1 Conc#1"                       [id=14012, stack(0x000000cf76200000,0x000000cf76300000) (1024K)]
  0x000001d16074e140 ConcurrentGCThread "G1 Refine#0"               [id=11312, stack(0x000000cf74300000,0x000000cf74400000) (1024K)]
  0x000001d160750bd0 ConcurrentGCThread "G1 Service"                [id=12932, stack(0x000000cf74400000,0x000000cf74500000) (1024K)]
Total: 15

Threads with active compile tasks:
C2 CompilerThread0  72341 26220 %     4       com.android.tools.r8.internal.gt::a @ 3345 (4509 bytes)
Total: 1

VM state: at safepoint (normal execution)

VM Mutex/Monitor currently owned by a thread:  ([mutex/lock_event])
[0x00007ffda63f85b8] Threads_lock - owner thread: 0x000001d160908020
[0x00007ffda63f86b8] Heap_lock - owner thread: 0x000001d167bf8350

Heap address: 0x0000000080000000, size: 2048 MB, Compressed Oops mode: 32-bit

CDS archive(s) not mapped
Compressed class space mapped at: 0x0000000100000000-0x0000000140000000, reserved size: 1073741824
Narrow klass base: 0x0000000000000000, Narrow klass shift: 3, Narrow klass range: 0x140000000

GC Precious Log:
 CardTable entry size: 512
 Card Set container configuration: InlinePtr #cards 5 size 8 Array Of Cards #cards 12 size 40 Howl #buckets 4 coarsen threshold 1843 Howl Bitmap #cards 512 size 80 coarsen threshold 460 Card regions per heap region 1 cards per card region 2048
 CPUs: 8 total, 8 available
 Memory: 8050M
 Large Page Support: Disabled
 NUMA Support: Disabled
 Compressed Oops: Enabled (32-bit)
 Heap Region Size: 1M
 Heap Min Capacity: 8M
 Heap Initial Capacity: 126M
 Heap Max Capacity: 2G
 Pre-touch: Disabled
 Parallel Workers: 8
 Concurrent Workers: 2
 Concurrent Refinement Workers: 8
 Periodic GC: Disabled

Heap:
 garbage-first heap   total 459776K, used 216969K [0x0000000080000000, 0x0000000100000000)
  region size 1024K, 18 young (18432K), 18 survivors (18432K)
 Metaspace       used 149088K, committed 151424K, reserved 1179648K
  class space    used 20627K, committed 21760K, reserved 1048576K

Heap Regions: E=young(eden), S=young(survivor), O=old, HS=humongous(starts), HC=humongous(continues), CS=collection set, F=free, TAMS=top-at-mark-start, PB=parsable bottom
|   0|0x0000000080000000, 0x0000000080100000, 0x0000000080100000|100%|HS|  |TAMS 0x0000000080100000| PB 0x0000000080000000| Complete 
|   1|0x0000000080100000, 0x0000000080200000, 0x0000000080200000|100%|HC|  |TAMS 0x0000000080200000| PB 0x0000000080100000| Complete 
|   2|0x0000000080200000, 0x0000000080300000, 0x0000000080300000|100%|HC|  |TAMS 0x0000000080300000| PB 0x0000000080200000| Complete 
|   3|0x0000000080300000, 0x0000000080400000, 0x0000000080400000|100%| O|  |TAMS 0x0000000080400000| PB 0x0000000080300000| Untracked 
|   4|0x0000000080400000, 0x0000000080500000, 0x0000000080500000|100%| O|  |TAMS 0x0000000080500000| PB 0x0000000080400000| Untracked 
|   5|0x0000000080500000, 0x0000000080600000, 0x0000000080600000|100%| O|  |TAMS 0x0000000080600000| PB 0x0000000080500000| Untracked 
|   6|0x0000000080600000, 0x0000000080700000, 0x0000000080700000|100%|HS|  |TAMS 0x0000000080700000| PB 0x0000000080600000| Complete 
|   7|0x0000000080700000, 0x0000000080800000, 0x0000000080800000|100%| O|  |TAMS 0x0000000080800000| PB 0x0000000080700000| Untracked 
|   8|0x0000000080800000, 0x0000000080900000, 0x0000000080900000|100%| O|  |TAMS 0x0000000080900000| PB 0x0000000080800000| Untracked 
|   9|0x0000000080900000, 0x0000000080a00000, 0x0000000080a00000|100%| O|  |TAMS 0x0000000080a00000| PB 0x0000000080900000| Untracked 
|  10|0x0000000080a00000, 0x0000000080b00000, 0x0000000080b00000|100%| O|  |TAMS 0x0000000080b00000| PB 0x0000000080a00000| Untracked 
|  11|0x0000000080b00000, 0x0000000080c00000, 0x0000000080c00000|100%| O|  |TAMS 0x0000000080c00000| PB 0x0000000080b00000| Untracked 
|  12|0x0000000080c00000, 0x0000000080d00000, 0x0000000080d00000|100%| O|  |TAMS 0x0000000080d00000| PB 0x0000000080c00000| Untracked 
|  13|0x0000000080d00000, 0x0000000080e00000, 0x0000000080e00000|100%| O|  |TAMS 0x0000000080e00000| PB 0x0000000080d00000| Untracked 
|  14|0x0000000080e00000, 0x0000000080f00000, 0x0000000080f00000|100%| O|  |TAMS 0x0000000080f00000| PB 0x0000000080e00000| Untracked 
|  15|0x0000000080f00000, 0x0000000081000000, 0x0000000081000000|100%| O|  |TAMS 0x0000000081000000| PB 0x0000000080f00000| Untracked 
|  16|0x0000000081000000, 0x0000000081100000, 0x0000000081100000|100%| O|  |TAMS 0x0000000081100000| PB 0x0000000081000000| Untracked 
|  17|0x0000000081100000, 0x0000000081200000, 0x0000000081200000|100%| O|  |TAMS 0x0000000081200000| PB 0x0000000081100000| Untracked 
|  18|0x0000000081200000, 0x0000000081300000, 0x0000000081300000|100%| O|  |TAMS 0x0000000081300000| PB 0x0000000081200000| Untracked 
|  19|0x0000000081300000, 0x0000000081400000, 0x0000000081400000|100%| O|  |TAMS 0x0000000081400000| PB 0x0000000081300000| Untracked 
|  20|0x0000000081400000, 0x0000000081500000, 0x0000000081500000|100%| O|  |TAMS 0x0000000081500000| PB 0x0000000081400000| Untracked 
|  21|0x0000000081500000, 0x0000000081600000, 0x0000000081600000|100%| O|  |TAMS 0x0000000081600000| PB 0x0000000081500000| Untracked 
|  22|0x0000000081600000, 0x0000000081700000, 0x0000000081700000|100%| O|  |TAMS 0x0000000081700000| PB 0x0000000081600000| Untracked 
|  23|0x0000000081700000, 0x0000000081800000, 0x0000000081800000|100%| O|  |TAMS 0x0000000081800000| PB 0x0000000081700000| Untracked 
|  24|0x0000000081800000, 0x0000000081900000, 0x0000000081900000|100%| O|  |TAMS 0x0000000081900000| PB 0x0000000081800000| Untracked 
|  25|0x0000000081900000, 0x0000000081a00000, 0x0000000081a00000|100%| O|  |TAMS 0x0000000081a00000| PB 0x0000000081900000| Untracked 
|  26|0x0000000081a00000, 0x0000000081b00000, 0x0000000081b00000|100%| O|  |TAMS 0x0000000081b00000| PB 0x0000000081a00000| Untracked 
|  27|0x0000000081b00000, 0x0000000081c00000, 0x0000000081c00000|100%| O|  |TAMS 0x0000000081c00000| PB 0x0000000081b00000| Untracked 
|  28|0x0000000081c00000, 0x0000000081d00000, 0x0000000081d00000|100%| O|  |TAMS 0x0000000081d00000| PB 0x0000000081c00000| Untracked 
|  29|0x0000000081d00000, 0x0000000081e00000, 0x0000000081e00000|100%| O|  |TAMS 0x0000000081e00000| PB 0x0000000081d00000| Untracked 
|  30|0x0000000081e00000, 0x0000000081f00000, 0x0000000081f00000|100%| O|  |TAMS 0x0000000081f00000| PB 0x0000000081e00000| Untracked 
|  31|0x0000000081f00000, 0x0000000082000000, 0x0000000082000000|100%| O|  |TAMS 0x0000000082000000| PB 0x0000000081f00000| Untracked 
|  32|0x0000000082000000, 0x0000000082100000, 0x0000000082100000|100%| O|  |TAMS 0x0000000082100000| PB 0x0000000082000000| Untracked 
|  33|0x0000000082100000, 0x0000000082200000, 0x0000000082200000|100%| O|  |TAMS 0x0000000082200000| PB 0x0000000082100000| Untracked 
|  34|0x0000000082200000, 0x0000000082300000, 0x0000000082300000|100%| O|  |TAMS 0x0000000082300000| PB 0x0000000082200000| Untracked 
|  35|0x0000000082300000, 0x0000000082400000, 0x0000000082400000|100%| O|  |TAMS 0x0000000082400000| PB 0x0000000082300000| Untracked 
|  36|0x0000000082400000, 0x0000000082500000, 0x0000000082500000|100%| O|  |TAMS 0x0000000082500000| PB 0x0000000082400000| Untracked 
|  37|0x0000000082500000, 0x0000000082600000, 0x0000000082600000|100%| O|  |TAMS 0x0000000082600000| PB 0x0000000082500000| Untracked 
|  38|0x0000000082600000, 0x0000000082700000, 0x0000000082700000|100%| O|  |TAMS 0x0000000082700000| PB 0x0000000082600000| Untracked 
|  39|0x0000000082700000, 0x0000000082800000, 0x0000000082800000|100%|HS|  |TAMS 0x0000000082800000| PB 0x0000000082700000| Complete 
|  40|0x0000000082800000, 0x0000000082900000, 0x0000000082900000|100%| O|  |TAMS 0x0000000082900000| PB 0x0000000082800000| Untracked 
|  41|0x0000000082900000, 0x0000000082a00000, 0x0000000082a00000|100%| O|  |TAMS 0x0000000082a00000| PB 0x0000000082900000| Untracked 
|  42|0x0000000082a00000, 0x0000000082b00000, 0x0000000082b00000|100%| O|  |TAMS 0x0000000082b00000| PB 0x0000000082a00000| Untracked 
|  43|0x0000000082b00000, 0x0000000082c00000, 0x0000000082c00000|100%| O|  |TAMS 0x0000000082c00000| PB 0x0000000082b00000| Untracked 
|  44|0x0000000082c00000, 0x0000000082d00000, 0x0000000082d00000|100%| O|  |TAMS 0x0000000082d00000| PB 0x0000000082c00000| Untracked 
|  45|0x0000000082d00000, 0x0000000082e00000, 0x0000000082e00000|100%| O|  |TAMS 0x0000000082e00000| PB 0x0000000082d00000| Untracked 
|  46|0x0000000082e00000, 0x0000000082f00000, 0x0000000082f00000|100%| O|  |TAMS 0x0000000082f00000| PB 0x0000000082e00000| Untracked 
|  47|0x0000000082f00000, 0x0000000083000000, 0x0000000083000000|100%| O|  |TAMS 0x0000000083000000| PB 0x0000000082f00000| Untracked 
|  48|0x0000000083000000, 0x0000000083100000, 0x0000000083100000|100%|HS|  |TAMS 0x0000000083100000| PB 0x0000000083000000| Complete 
|  49|0x0000000083100000, 0x0000000083200000, 0x0000000083200000|100%| O|  |TAMS 0x0000000083200000| PB 0x0000000083100000| Untracked 
|  50|0x0000000083200000, 0x0000000083300000, 0x0000000083300000|100%| O|  |TAMS 0x0000000083300000| PB 0x0000000083200000| Untracked 
|  51|0x0000000083300000, 0x0000000083400000, 0x0000000083400000|100%|HS|  |TAMS 0x0000000083400000| PB 0x0000000083300000| Complete 
|  52|0x0000000083400000, 0x0000000083500000, 0x0000000083500000|100%|HS|  |TAMS 0x0000000083500000| PB 0x0000000083400000| Complete 
|  53|0x0000000083500000, 0x0000000083600000, 0x0000000083600000|100%|HS|  |TAMS 0x0000000083600000| PB 0x0000000083500000| Complete 
|  54|0x0000000083600000, 0x0000000083700000, 0x0000000083700000|100%| O|  |TAMS 0x0000000083700000| PB 0x0000000083600000| Untracked 
|  55|0x0000000083700000, 0x0000000083800000, 0x0000000083800000|100%|HS|  |TAMS 0x0000000083800000| PB 0x0000000083700000| Complete 
|  56|0x0000000083800000, 0x0000000083900000, 0x0000000083900000|100%| O|  |TAMS 0x0000000083900000| PB 0x0000000083800000| Untracked 
|  57|0x0000000083900000, 0x0000000083a00000, 0x0000000083a00000|100%| O|  |TAMS 0x0000000083a00000| PB 0x0000000083900000| Untracked 
|  58|0x0000000083a00000, 0x0000000083b00000, 0x0000000083b00000|100%| O|  |TAMS 0x0000000083b00000| PB 0x0000000083a00000| Untracked 
|  59|0x0000000083b00000, 0x0000000083c00000, 0x0000000083c00000|100%| O|  |TAMS 0x0000000083c00000| PB 0x0000000083b00000| Untracked 
|  60|0x0000000083c00000, 0x0000000083d00000, 0x0000000083d00000|100%| O|  |TAMS 0x0000000083d00000| PB 0x0000000083c00000| Untracked 
|  61|0x0000000083d00000, 0x0000000083e00000, 0x0000000083e00000|100%| O|  |TAMS 0x0000000083e00000| PB 0x0000000083d00000| Untracked 
|  62|0x0000000083e00000, 0x0000000083f00000, 0x0000000083f00000|100%| O|  |TAMS 0x0000000083f00000| PB 0x0000000083e00000| Untracked 
|  63|0x0000000083f00000, 0x0000000084000000, 0x0000000084000000|100%| O|  |TAMS 0x0000000084000000| PB 0x0000000083f00000| Untracked 
|  64|0x0000000084000000, 0x0000000084100000, 0x0000000084100000|100%| O|  |TAMS 0x0000000084100000| PB 0x0000000084000000| Untracked 
|  65|0x0000000084100000, 0x0000000084200000, 0x0000000084200000|100%|HS|  |TAMS 0x0000000084200000| PB 0x0000000084100000| Complete 
|  66|0x0000000084200000, 0x0000000084300000, 0x0000000084300000|100%| O|  |TAMS 0x0000000084300000| PB 0x0000000084200000| Untracked 
|  67|0x0000000084300000, 0x0000000084400000, 0x0000000084400000|100%| O|  |TAMS 0x0000000084400000| PB 0x0000000084300000| Untracked 
|  68|0x0000000084400000, 0x0000000084500000, 0x0000000084500000|100%| O|  |TAMS 0x0000000084500000| PB 0x0000000084400000| Untracked 
|  69|0x0000000084500000, 0x0000000084600000, 0x0000000084600000|100%| O|  |TAMS 0x0000000084600000| PB 0x0000000084500000| Untracked 
|  70|0x0000000084600000, 0x0000000084700000, 0x0000000084700000|100%| O|  |TAMS 0x0000000084700000| PB 0x0000000084600000| Untracked 
|  71|0x0000000084700000, 0x0000000084800000, 0x0000000084800000|100%| O|  |TAMS 0x0000000084800000| PB 0x0000000084700000| Untracked 
|  72|0x0000000084800000, 0x0000000084900000, 0x0000000084900000|100%| O|  |TAMS 0x0000000084900000| PB 0x0000000084800000| Untracked 
|  73|0x0000000084900000, 0x0000000084a00000, 0x0000000084a00000|100%| O|  |TAMS 0x0000000084a00000| PB 0x0000000084900000| Untracked 
|  74|0x0000000084a00000, 0x0000000084b00000, 0x0000000084b00000|100%| O|  |TAMS 0x0000000084b00000| PB 0x0000000084a00000| Untracked 
|  75|0x0000000084b00000, 0x0000000084c00000, 0x0000000084c00000|100%| O|  |TAMS 0x0000000084c00000| PB 0x0000000084b00000| Untracked 
|  76|0x0000000084c00000, 0x0000000084d00000, 0x0000000084d00000|100%| O|  |TAMS 0x0000000084d00000| PB 0x0000000084c00000| Untracked 
|  77|0x0000000084d00000, 0x0000000084e00000, 0x0000000084e00000|100%| O|  |TAMS 0x0000000084e00000| PB 0x0000000084d00000| Untracked 
|  78|0x0000000084e00000, 0x0000000084f00000, 0x0000000084f00000|100%| O|  |TAMS 0x0000000084f00000| PB 0x0000000084e00000| Untracked 
|  79|0x0000000084f00000, 0x0000000085000000, 0x0000000085000000|100%| O|  |TAMS 0x0000000085000000| PB 0x0000000084f00000| Untracked 
|  80|0x0000000085000000, 0x0000000085100000, 0x0000000085100000|100%| O|  |TAMS 0x0000000085100000| PB 0x0000000085000000| Untracked 
|  81|0x0000000085100000, 0x0000000085200000, 0x0000000085200000|100%| O|  |TAMS 0x0000000085200000| PB 0x0000000085100000| Untracked 
|  82|0x0000000085200000, 0x0000000085300000, 0x0000000085300000|100%| O|  |TAMS 0x0000000085300000| PB 0x0000000085200000| Untracked 
|  83|0x0000000085300000, 0x0000000085400000, 0x0000000085400000|100%| O|  |TAMS 0x0000000085400000| PB 0x0000000085300000| Untracked 
|  84|0x0000000085400000, 0x0000000085500000, 0x0000000085500000|100%| O|  |TAMS 0x0000000085500000| PB 0x0000000085400000| Untracked 
|  85|0x0000000085500000, 0x0000000085600000, 0x0000000085600000|100%| O|  |TAMS 0x0000000085600000| PB 0x0000000085500000| Untracked 
|  86|0x0000000085600000, 0x0000000085700000, 0x0000000085700000|100%| O|  |TAMS 0x0000000085700000| PB 0x0000000085600000| Untracked 
|  87|0x0000000085700000, 0x0000000085800000, 0x0000000085800000|100%| O|  |TAMS 0x0000000085800000| PB 0x0000000085700000| Untracked 
|  88|0x0000000085800000, 0x0000000085900000, 0x0000000085900000|100%| O|  |TAMS 0x0000000085900000| PB 0x0000000085800000| Untracked 
|  89|0x0000000085900000, 0x0000000085a00000, 0x0000000085a00000|100%| O|  |TAMS 0x0000000085a00000| PB 0x0000000085900000| Untracked 
|  90|0x0000000085a00000, 0x0000000085b00000, 0x0000000085b00000|100%| O|  |TAMS 0x0000000085b00000| PB 0x0000000085a00000| Untracked 
|  91|0x0000000085b00000, 0x0000000085c00000, 0x0000000085c00000|100%| O|  |TAMS 0x0000000085c00000| PB 0x0000000085b00000| Untracked 
|  92|0x0000000085c00000, 0x0000000085d00000, 0x0000000085d00000|100%| O|  |TAMS 0x0000000085d00000| PB 0x0000000085c00000| Untracked 
|  93|0x0000000085d00000, 0x0000000085e00000, 0x0000000085e00000|100%| O|  |TAMS 0x0000000085e00000| PB 0x0000000085d00000| Untracked 
|  94|0x0000000085e00000, 0x0000000085f00000, 0x0000000085f00000|100%| O|  |TAMS 0x0000000085f00000| PB 0x0000000085e00000| Untracked 
|  95|0x0000000085f00000, 0x0000000086000000, 0x0000000086000000|100%| O|  |TAMS 0x0000000086000000| PB 0x0000000085f00000| Untracked 
|  96|0x0000000086000000, 0x0000000086100000, 0x0000000086100000|100%| O|  |TAMS 0x0000000086100000| PB 0x0000000086000000| Untracked 
|  97|0x0000000086100000, 0x0000000086200000, 0x0000000086200000|100%| O|  |TAMS 0x0000000086200000| PB 0x0000000086100000| Untracked 
|  98|0x0000000086200000, 0x0000000086300000, 0x0000000086300000|100%| O|  |TAMS 0x0000000086300000| PB 0x0000000086200000| Untracked 
|  99|0x0000000086300000, 0x0000000086400000, 0x0000000086400000|100%| O|  |TAMS 0x0000000086400000| PB 0x0000000086300000| Untracked 
| 100|0x0000000086400000, 0x0000000086500000, 0x0000000086500000|100%| O|  |TAMS 0x0000000086500000| PB 0x0000000086400000| Untracked 
| 101|0x0000000086500000, 0x0000000086600000, 0x0000000086600000|100%| O|  |TAMS 0x0000000086600000| PB 0x0000000086500000| Untracked 
| 102|0x0000000086600000, 0x0000000086700000, 0x0000000086700000|100%| O|  |TAMS 0x0000000086700000| PB 0x0000000086600000| Untracked 
| 103|0x0000000086700000, 0x0000000086800000, 0x0000000086800000|100%| O|  |TAMS 0x0000000086700000| PB 0x0000000086700000| Untracked 
| 104|0x0000000086800000, 0x0000000086900000, 0x0000000086900000|100%| O|  |TAMS 0x0000000086800000| PB 0x0000000086800000| Untracked 
| 105|0x0000000086900000, 0x0000000086a00000, 0x0000000086a00000|100%| O|  |TAMS 0x0000000086a00000| PB 0x0000000086900000| Untracked 
| 106|0x0000000086a00000, 0x0000000086b00000, 0x0000000086b00000|100%| O|  |TAMS 0x0000000086b00000| PB 0x0000000086a00000| Untracked 
| 107|0x0000000086b00000, 0x0000000086c00000, 0x0000000086c00000|100%| O|  |TAMS 0x0000000086c00000| PB 0x0000000086b00000| Untracked 
| 108|0x0000000086c00000, 0x0000000086d00000, 0x0000000086d00000|100%| O|  |TAMS 0x0000000086d00000| PB 0x0000000086c00000| Untracked 
| 109|0x0000000086d00000, 0x0000000086e00000, 0x0000000086e00000|100%| O|  |TAMS 0x0000000086e00000| PB 0x0000000086d00000| Untracked 
| 110|0x0000000086e00000, 0x0000000086f00000, 0x0000000086f00000|100%| O|  |TAMS 0x0000000086f00000| PB 0x0000000086e00000| Untracked 
| 111|0x0000000086f00000, 0x0000000087000000, 0x0000000087000000|100%| O|  |TAMS 0x0000000087000000| PB 0x0000000086f00000| Untracked 
| 112|0x0000000087000000, 0x0000000087100000, 0x0000000087100000|100%| O|  |TAMS 0x0000000087100000| PB 0x0000000087000000| Untracked 
| 113|0x0000000087100000, 0x0000000087200000, 0x0000000087200000|100%| O|  |TAMS 0x0000000087200000| PB 0x0000000087100000| Untracked 
| 114|0x0000000087200000, 0x0000000087300000, 0x0000000087300000|100%| O|  |TAMS 0x0000000087300000| PB 0x0000000087200000| Untracked 
| 115|0x0000000087300000, 0x0000000087400000, 0x0000000087400000|100%| O|  |TAMS 0x0000000087400000| PB 0x0000000087300000| Untracked 
| 116|0x0000000087400000, 0x0000000087500000, 0x0000000087500000|100%| O|  |TAMS 0x0000000087500000| PB 0x0000000087400000| Untracked 
| 117|0x0000000087500000, 0x0000000087600000, 0x0000000087600000|100%| O|  |TAMS 0x0000000087600000| PB 0x0000000087500000| Untracked 
| 118|0x0000000087600000, 0x0000000087700000, 0x0000000087700000|100%| O|  |TAMS 0x0000000087700000| PB 0x0000000087600000| Untracked 
| 119|0x0000000087700000, 0x0000000087800000, 0x0000000087800000|100%| O|  |TAMS 0x0000000087800000| PB 0x0000000087700000| Untracked 
| 120|0x0000000087800000, 0x0000000087900000, 0x0000000087900000|100%| O|  |TAMS 0x0000000087900000| PB 0x0000000087800000| Untracked 
| 121|0x0000000087900000, 0x0000000087a00000, 0x0000000087a00000|100%| O|  |TAMS 0x0000000087a00000| PB 0x0000000087900000| Untracked 
| 122|0x0000000087a00000, 0x0000000087b00000, 0x0000000087b00000|100%| O|  |TAMS 0x0000000087b00000| PB 0x0000000087a00000| Untracked 
| 123|0x0000000087b00000, 0x0000000087c00000, 0x0000000087c00000|100%| O|  |TAMS 0x0000000087b00000| PB 0x0000000087b00000| Untracked 
| 124|0x0000000087c00000, 0x0000000087d00000, 0x0000000087d00000|100%| O|  |TAMS 0x0000000087d00000| PB 0x0000000087c00000| Untracked 
| 125|0x0000000087d00000, 0x0000000087e00000, 0x0000000087e00000|100%| O|  |TAMS 0x0000000087e00000| PB 0x0000000087d00000| Untracked 
| 126|0x0000000087e00000, 0x0000000087f00000, 0x0000000087f00000|100%| O|  |TAMS 0x0000000087f00000| PB 0x0000000087e00000| Untracked 
| 127|0x0000000087f00000, 0x0000000088000000, 0x0000000088000000|100%| O|  |TAMS 0x0000000088000000| PB 0x0000000087f00000| Untracked 
| 128|0x0000000088000000, 0x0000000088100000, 0x0000000088100000|100%| O|  |TAMS 0x0000000088000000| PB 0x0000000088000000| Untracked 
| 129|0x0000000088100000, 0x0000000088200000, 0x0000000088200000|100%| O|  |TAMS 0x00000000881fda00| PB 0x0000000088100000| Untracked 
| 130|0x0000000088200000, 0x0000000088300000, 0x0000000088300000|100%| O|  |TAMS 0x0000000088300000| PB 0x0000000088200000| Untracked 
| 131|0x0000000088300000, 0x0000000088400000, 0x0000000088400000|100%| O|  |TAMS 0x0000000088400000| PB 0x0000000088300000| Untracked 
| 132|0x0000000088400000, 0x0000000088500000, 0x0000000088500000|100%| O|  |TAMS 0x0000000088500000| PB 0x0000000088400000| Untracked 
| 133|0x0000000088500000, 0x0000000088600000, 0x0000000088600000|100%| O|  |TAMS 0x0000000088600000| PB 0x0000000088500000| Untracked 
| 134|0x0000000088600000, 0x0000000088700000, 0x0000000088700000|100%| O|  |TAMS 0x0000000088700000| PB 0x0000000088600000| Untracked 
| 135|0x0000000088700000, 0x0000000088800000, 0x0000000088800000|100%| O|  |TAMS 0x0000000088800000| PB 0x0000000088700000| Untracked 
| 136|0x0000000088800000, 0x0000000088900000, 0x0000000088900000|100%| O|  |TAMS 0x0000000088900000| PB 0x0000000088800000| Untracked 
| 137|0x0000000088900000, 0x0000000088a00000, 0x0000000088a00000|100%| O|  |TAMS 0x0000000088a00000| PB 0x0000000088900000| Untracked 
| 138|0x0000000088a00000, 0x0000000088b00000, 0x0000000088b00000|100%| O|  |TAMS 0x0000000088b00000| PB 0x0000000088a00000| Untracked 
| 139|0x0000000088b00000, 0x0000000088c00000, 0x0000000088c00000|100%| O|  |TAMS 0x0000000088c00000| PB 0x0000000088b00000| Untracked 
| 140|0x0000000088c00000, 0x0000000088d00000, 0x0000000088d00000|100%| O|  |TAMS 0x0000000088d00000| PB 0x0000000088c00000| Untracked 
| 141|0x0000000088d00000, 0x0000000088e00000, 0x0000000088e00000|100%| O|  |TAMS 0x0000000088e00000| PB 0x0000000088d00000| Untracked 
| 142|0x0000000088e00000, 0x0000000088f00000, 0x0000000088f00000|100%| O|  |TAMS 0x0000000088f00000| PB 0x0000000088e00000| Untracked 
| 143|0x0000000088f00000, 0x0000000089000000, 0x0000000089000000|100%| O|  |TAMS 0x0000000088f00000| PB 0x0000000088f00000| Untracked 
| 144|0x0000000089000000, 0x0000000089100000, 0x0000000089100000|100%| O|  |TAMS 0x0000000089000000| PB 0x0000000089000000| Untracked 
| 145|0x0000000089100000, 0x0000000089200000, 0x0000000089200000|100%| O|  |TAMS 0x0000000089200000| PB 0x0000000089100000| Untracked 
| 146|0x0000000089200000, 0x00000000892e2410, 0x0000000089300000| 88%| O|  |TAMS 0x0000000089200000| PB 0x0000000089200000| Untracked 
| 147|0x0000000089300000, 0x0000000089400000, 0x0000000089400000|100%| O|  |TAMS 0x0000000089400000| PB 0x0000000089300000| Untracked 
| 148|0x0000000089400000, 0x0000000089500000, 0x0000000089500000|100%| O|  |TAMS 0x0000000089500000| PB 0x0000000089400000| Untracked 
| 149|0x0000000089500000, 0x0000000089600000, 0x0000000089600000|100%| O|  |TAMS 0x0000000089600000| PB 0x0000000089500000| Untracked 
| 150|0x0000000089600000, 0x0000000089700000, 0x0000000089700000|100%| O|  |TAMS 0x0000000089700000| PB 0x0000000089600000| Untracked 
| 151|0x0000000089700000, 0x0000000089800000, 0x0000000089800000|100%| O|  |TAMS 0x0000000089800000| PB 0x0000000089700000| Untracked 
| 152|0x0000000089800000, 0x0000000089900000, 0x0000000089900000|100%| O|  |TAMS 0x0000000089900000| PB 0x0000000089800000| Untracked 
| 153|0x0000000089900000, 0x0000000089a00000, 0x0000000089a00000|100%| O|  |TAMS 0x0000000089a00000| PB 0x0000000089900000| Untracked 
| 154|0x0000000089a00000, 0x0000000089b00000, 0x0000000089b00000|100%| O|  |TAMS 0x0000000089b00000| PB 0x0000000089a00000| Untracked 
| 155|0x0000000089b00000, 0x0000000089c00000, 0x0000000089c00000|100%| O|  |TAMS 0x0000000089c00000| PB 0x0000000089b00000| Untracked 
| 156|0x0000000089c00000, 0x0000000089d00000, 0x0000000089d00000|100%| O|  |TAMS 0x0000000089d00000| PB 0x0000000089c00000| Untracked 
| 157|0x0000000089d00000, 0x0000000089e00000, 0x0000000089e00000|100%| O|  |TAMS 0x0000000089e00000| PB 0x0000000089d00000| Untracked 
| 158|0x0000000089e00000, 0x0000000089f00000, 0x0000000089f00000|100%| O|  |TAMS 0x0000000089f00000| PB 0x0000000089e00000| Untracked 
| 159|0x0000000089f00000, 0x0000000089f00000, 0x000000008a000000|  0%| F|  |TAMS 0x0000000089f00000| PB 0x0000000089f00000| Untracked 
| 160|0x000000008a000000, 0x000000008a000000, 0x000000008a100000|  0%| F|  |TAMS 0x000000008a000000| PB 0x000000008a000000| Untracked 
| 161|0x000000008a100000, 0x000000008a200000, 0x000000008a200000|100%| O|  |TAMS 0x000000008a200000| PB 0x000000008a100000| Untracked 
| 162|0x000000008a200000, 0x000000008a300000, 0x000000008a300000|100%| O|  |TAMS 0x000000008a300000| PB 0x000000008a200000| Untracked 
| 163|0x000000008a300000, 0x000000008a400000, 0x000000008a400000|100%| O|  |TAMS 0x000000008a400000| PB 0x000000008a300000| Untracked 
| 164|0x000000008a400000, 0x000000008a500000, 0x000000008a500000|100%| O|  |TAMS 0x000000008a500000| PB 0x000000008a400000| Untracked 
| 165|0x000000008a500000, 0x000000008a500000, 0x000000008a600000|  0%| F|  |TAMS 0x000000008a500000| PB 0x000000008a500000| Untracked 
| 166|0x000000008a600000, 0x000000008a700000, 0x000000008a700000|100%| O|  |TAMS 0x000000008a700000| PB 0x000000008a600000| Untracked 
| 167|0x000000008a700000, 0x000000008a800000, 0x000000008a800000|100%| O|  |TAMS 0x000000008a800000| PB 0x000000008a700000| Untracked 
| 168|0x000000008a800000, 0x000000008a900000, 0x000000008a900000|100%| O|  |TAMS 0x000000008a900000| PB 0x000000008a800000| Untracked 
| 169|0x000000008a900000, 0x000000008aa00000, 0x000000008aa00000|100%| O|  |TAMS 0x000000008aa00000| PB 0x000000008a900000| Untracked 
| 170|0x000000008aa00000, 0x000000008ab00000, 0x000000008ab00000|100%| O|  |TAMS 0x000000008ab00000| PB 0x000000008aa00000| Untracked 
| 171|0x000000008ab00000, 0x000000008ac00000, 0x000000008ac00000|100%| O|  |TAMS 0x000000008ac00000| PB 0x000000008ab00000| Untracked 
| 172|0x000000008ac00000, 0x000000008ad00000, 0x000000008ad00000|100%| O|  |TAMS 0x000000008ad00000| PB 0x000000008ac00000| Untracked 
| 173|0x000000008ad00000, 0x000000008ae00000, 0x000000008ae00000|100%| O|  |TAMS 0x000000008ae00000| PB 0x000000008ad00000| Untracked 
| 174|0x000000008ae00000, 0x000000008af00000, 0x000000008af00000|100%| O|  |TAMS 0x000000008af00000| PB 0x000000008ae00000| Untracked 
| 175|0x000000008af00000, 0x000000008b000000, 0x000000008b000000|100%| O|  |TAMS 0x000000008b000000| PB 0x000000008af00000| Untracked 
| 176|0x000000008b000000, 0x000000008b100000, 0x000000008b100000|100%| O|  |TAMS 0x000000008b100000| PB 0x000000008b000000| Untracked 
| 177|0x000000008b100000, 0x000000008b200000, 0x000000008b200000|100%| O|  |TAMS 0x000000008b200000| PB 0x000000008b100000| Untracked 
| 178|0x000000008b200000, 0x000000008b300000, 0x000000008b300000|100%| O|  |TAMS 0x000000008b300000| PB 0x000000008b200000| Untracked 
| 179|0x000000008b300000, 0x000000008b400000, 0x000000008b400000|100%| O|  |TAMS 0x000000008b400000| PB 0x000000008b300000| Untracked 
| 180|0x000000008b400000, 0x000000008b500000, 0x000000008b500000|100%| O|  |TAMS 0x000000008b500000| PB 0x000000008b400000| Untracked 
| 181|0x000000008b500000, 0x000000008b600000, 0x000000008b600000|100%| O|  |TAMS 0x000000008b600000| PB 0x000000008b500000| Untracked 
| 182|0x000000008b600000, 0x000000008b700000, 0x000000008b700000|100%| O|  |TAMS 0x000000008b700000| PB 0x000000008b600000| Untracked 
| 183|0x000000008b700000, 0x000000008b800000, 0x000000008b800000|100%| O|  |TAMS 0x000000008b800000| PB 0x000000008b700000| Untracked 
| 184|0x000000008b800000, 0x000000008b900000, 0x000000008b900000|100%| O|  |TAMS 0x000000008b900000| PB 0x000000008b800000| Untracked 
| 185|0x000000008b900000, 0x000000008ba00000, 0x000000008ba00000|100%| O|  |TAMS 0x000000008ba00000| PB 0x000000008b900000| Untracked 
| 186|0x000000008ba00000, 0x000000008bb00000, 0x000000008bb00000|100%| O|  |TAMS 0x000000008bb00000| PB 0x000000008ba00000| Untracked 
| 187|0x000000008bb00000, 0x000000008bc00000, 0x000000008bc00000|100%| O|  |TAMS 0x000000008bc00000| PB 0x000000008bb00000| Untracked 
| 188|0x000000008bc00000, 0x000000008bd00000, 0x000000008bd00000|100%| O|  |TAMS 0x000000008bd00000| PB 0x000000008bc00000| Untracked 
| 189|0x000000008bd00000, 0x000000008be00000, 0x000000008be00000|100%| O|  |TAMS 0x000000008be00000| PB 0x000000008bd00000| Untracked 
| 190|0x000000008be00000, 0x000000008bf00000, 0x000000008bf00000|100%| O|  |TAMS 0x000000008bf00000| PB 0x000000008be00000| Untracked 
| 191|0x000000008bf00000, 0x000000008c000000, 0x000000008c000000|100%| O|  |TAMS 0x000000008c000000| PB 0x000000008bf00000| Untracked 
| 192|0x000000008c000000, 0x000000008c100000, 0x000000008c100000|100%| O|  |TAMS 0x000000008c100000| PB 0x000000008c000000| Untracked 
| 193|0x000000008c100000, 0x000000008c100000, 0x000000008c200000|  0%| F|  |TAMS 0x000000008c100000| PB 0x000000008c100000| Untracked 
| 194|0x000000008c200000, 0x000000008c200000, 0x000000008c300000|  0%| F|  |TAMS 0x000000008c200000| PB 0x000000008c200000| Untracked 
| 195|0x000000008c300000, 0x000000008c300000, 0x000000008c400000|  0%| F|  |TAMS 0x000000008c300000| PB 0x000000008c300000| Untracked 
| 196|0x000000008c400000, 0x000000008c400000, 0x000000008c500000|  0%| F|  |TAMS 0x000000008c400000| PB 0x000000008c400000| Untracked 
| 197|0x000000008c500000, 0x000000008c500000, 0x000000008c600000|  0%| F|  |TAMS 0x000000008c500000| PB 0x000000008c500000| Untracked 
| 198|0x000000008c600000, 0x000000008c600000, 0x000000008c700000|  0%| F|  |TAMS 0x000000008c600000| PB 0x000000008c600000| Untracked 
| 199|0x000000008c700000, 0x000000008c700000, 0x000000008c800000|  0%| F|  |TAMS 0x000000008c700000| PB 0x000000008c700000| Untracked 
| 200|0x000000008c800000, 0x000000008c800000, 0x000000008c900000|  0%| F|  |TAMS 0x000000008c800000| PB 0x000000008c800000| Untracked 
| 201|0x000000008c900000, 0x000000008c900000, 0x000000008ca00000|  0%| F|  |TAMS 0x000000008c900000| PB 0x000000008c900000| Untracked 
| 202|0x000000008ca00000, 0x000000008ca00000, 0x000000008cb00000|  0%| F|  |TAMS 0x000000008ca00000| PB 0x000000008ca00000| Untracked 
| 203|0x000000008cb00000, 0x000000008cb00000, 0x000000008cc00000|  0%| F|  |TAMS 0x000000008cb00000| PB 0x000000008cb00000| Untracked 
| 204|0x000000008cc00000, 0x000000008cc00000, 0x000000008cd00000|  0%| F|  |TAMS 0x000000008cc00000| PB 0x000000008cc00000| Untracked 
| 205|0x000000008cd00000, 0x000000008cd00000, 0x000000008ce00000|  0%| F|  |TAMS 0x000000008cd00000| PB 0x000000008cd00000| Untracked 
| 206|0x000000008ce00000, 0x000000008ce00000, 0x000000008cf00000|  0%| F|  |TAMS 0x000000008ce00000| PB 0x000000008ce00000| Untracked 
| 207|0x000000008cf00000, 0x000000008cf00000, 0x000000008d000000|  0%| F|  |TAMS 0x000000008cf00000| PB 0x000000008cf00000| Untracked 
| 208|0x000000008d000000, 0x000000008d000000, 0x000000008d100000|  0%| F|  |TAMS 0x000000008d000000| PB 0x000000008d000000| Untracked 
| 209|0x000000008d100000, 0x000000008d100000, 0x000000008d200000|  0%| F|  |TAMS 0x000000008d100000| PB 0x000000008d100000| Untracked 
| 210|0x000000008d200000, 0x000000008d200000, 0x000000008d300000|  0%| F|  |TAMS 0x000000008d200000| PB 0x000000008d200000| Untracked 
| 211|0x000000008d300000, 0x000000008d300000, 0x000000008d400000|  0%| F|  |TAMS 0x000000008d300000| PB 0x000000008d300000| Untracked 
| 212|0x000000008d400000, 0x000000008d400000, 0x000000008d500000|  0%| F|  |TAMS 0x000000008d400000| PB 0x000000008d400000| Untracked 
| 213|0x000000008d500000, 0x000000008d500000, 0x000000008d600000|  0%| F|  |TAMS 0x000000008d500000| PB 0x000000008d500000| Untracked 
| 214|0x000000008d600000, 0x000000008d600000, 0x000000008d700000|  0%| F|  |TAMS 0x000000008d600000| PB 0x000000008d600000| Untracked 
| 215|0x000000008d700000, 0x000000008d700000, 0x000000008d800000|  0%| F|  |TAMS 0x000000008d700000| PB 0x000000008d700000| Untracked 
| 216|0x000000008d800000, 0x000000008d800000, 0x000000008d900000|  0%| F|  |TAMS 0x000000008d800000| PB 0x000000008d800000| Untracked 
| 217|0x000000008d900000, 0x000000008d900000, 0x000000008da00000|  0%| F|  |TAMS 0x000000008d900000| PB 0x000000008d900000| Untracked 
| 218|0x000000008da00000, 0x000000008da00000, 0x000000008db00000|  0%| F|  |TAMS 0x000000008da00000| PB 0x000000008da00000| Untracked 
| 219|0x000000008db00000, 0x000000008db00000, 0x000000008dc00000|  0%| F|  |TAMS 0x000000008db00000| PB 0x000000008db00000| Untracked 
| 220|0x000000008dc00000, 0x000000008dc00000, 0x000000008dd00000|  0%| F|  |TAMS 0x000000008dc00000| PB 0x000000008dc00000| Untracked 
| 221|0x000000008dd00000, 0x000000008dd00000, 0x000000008de00000|  0%| F|  |TAMS 0x000000008dd00000| PB 0x000000008dd00000| Untracked 
| 222|0x000000008de00000, 0x000000008de00000, 0x000000008df00000|  0%| F|  |TAMS 0x000000008de00000| PB 0x000000008de00000| Untracked 
| 223|0x000000008df00000, 0x000000008df00000, 0x000000008e000000|  0%| F|  |TAMS 0x000000008df00000| PB 0x000000008df00000| Untracked 
| 224|0x000000008e000000, 0x000000008e100000, 0x000000008e100000|100%| S|CS|TAMS 0x000000008e000000| PB 0x000000008e000000| Complete 
| 225|0x000000008e100000, 0x000000008e200000, 0x000000008e200000|100%| S|CS|TAMS 0x000000008e100000| PB 0x000000008e100000| Complete 
| 226|0x000000008e200000, 0x000000008e300000, 0x000000008e300000|100%| S|CS|TAMS 0x000000008e200000| PB 0x000000008e200000| Complete 
| 227|0x000000008e300000, 0x000000008e400000, 0x000000008e400000|100%| S|CS|TAMS 0x000000008e300000| PB 0x000000008e300000| Complete 
| 228|0x000000008e400000, 0x000000008e400000, 0x000000008e500000|  0%| F|  |TAMS 0x000000008e400000| PB 0x000000008e400000| Untracked 
| 229|0x000000008e500000, 0x000000008e500000, 0x000000008e600000|  0%| F|  |TAMS 0x000000008e500000| PB 0x000000008e500000| Untracked 
| 230|0x000000008e600000, 0x000000008e600000, 0x000000008e700000|  0%| F|  |TAMS 0x000000008e600000| PB 0x000000008e600000| Untracked 
| 231|0x000000008e700000, 0x000000008e700000, 0x000000008e800000|  0%| F|  |TAMS 0x000000008e700000| PB 0x000000008e700000| Untracked 
| 232|0x000000008e800000, 0x000000008e800000, 0x000000008e900000|  0%| F|  |TAMS 0x000000008e800000| PB 0x000000008e800000| Untracked 
| 233|0x000000008e900000, 0x000000008e900000, 0x000000008ea00000|  0%| F|  |TAMS 0x000000008e900000| PB 0x000000008e900000| Untracked 
| 234|0x000000008ea00000, 0x000000008eb00000, 0x000000008eb00000|100%| S|CS|TAMS 0x000000008ea00000| PB 0x000000008ea00000| Complete 
| 235|0x000000008eb00000, 0x000000008ec00000, 0x000000008ec00000|100%| S|CS|TAMS 0x000000008eb00000| PB 0x000000008eb00000| Complete 
| 236|0x000000008ec00000, 0x000000008ed00000, 0x000000008ed00000|100%| S|CS|TAMS 0x000000008ec00000| PB 0x000000008ec00000| Complete 
| 237|0x000000008ed00000, 0x000000008ee00000, 0x000000008ee00000|100%| S|CS|TAMS 0x000000008ed00000| PB 0x000000008ed00000| Complete 
| 238|0x000000008ee00000, 0x000000008ef00000, 0x000000008ef00000|100%| S|CS|TAMS 0x000000008ee00000| PB 0x000000008ee00000| Complete 
| 239|0x000000008ef00000, 0x000000008f000000, 0x000000008f000000|100%| S|CS|TAMS 0x000000008ef00000| PB 0x000000008ef00000| Complete 
| 240|0x000000008f000000, 0x000000008f100000, 0x000000008f100000|100%| S|CS|TAMS 0x000000008f000000| PB 0x000000008f000000| Complete 
| 241|0x000000008f100000, 0x000000008f200000, 0x000000008f200000|100%| S|CS|TAMS 0x000000008f100000| PB 0x000000008f100000| Complete 
| 242|0x000000008f200000, 0x000000008f300000, 0x000000008f300000|100%| S|CS|TAMS 0x000000008f200000| PB 0x000000008f200000| Complete 
| 243|0x000000008f300000, 0x000000008f400000, 0x000000008f400000|100%| S|CS|TAMS 0x000000008f300000| PB 0x000000008f300000| Complete 
| 244|0x000000008f400000, 0x000000008f500000, 0x000000008f500000|100%| S|CS|TAMS 0x000000008f400000| PB 0x000000008f400000| Complete 
| 245|0x000000008f500000, 0x000000008f600000, 0x000000008f600000|100%| S|CS|TAMS 0x000000008f500000| PB 0x000000008f500000| Complete 
| 246|0x000000008f600000, 0x000000008f700000, 0x000000008f700000|100%| S|CS|TAMS 0x000000008f600000| PB 0x000000008f600000| Complete 
| 247|0x000000008f700000, 0x000000008f800000, 0x000000008f800000|100%| S|CS|TAMS 0x000000008f700000| PB 0x000000008f700000| Complete 
| 248|0x000000008f800000, 0x000000008f800000, 0x000000008f900000|  0%| F|  |TAMS 0x000000008f800000| PB 0x000000008f800000| Untracked 
| 249|0x000000008f900000, 0x000000008f900000, 0x000000008fa00000|  0%| F|  |TAMS 0x000000008f900000| PB 0x000000008f900000| Untracked 
| 250|0x000000008fa00000, 0x000000008fa00000, 0x000000008fb00000|  0%| F|  |TAMS 0x000000008fa00000| PB 0x000000008fa00000| Untracked 
| 251|0x000000008fb00000, 0x000000008fb00000, 0x000000008fc00000|  0%| F|  |TAMS 0x000000008fb00000| PB 0x000000008fb00000| Untracked 
| 252|0x000000008fc00000, 0x000000008fc00000, 0x000000008fd00000|  0%| F|  |TAMS 0x000000008fc00000| PB 0x000000008fc00000| Untracked 
| 253|0x000000008fd00000, 0x000000008fd00000, 0x000000008fe00000|  0%| F|  |TAMS 0x000000008fd00000| PB 0x000000008fd00000| Untracked 
| 254|0x000000008fe00000, 0x000000008fe00000, 0x000000008ff00000|  0%| F|  |TAMS 0x000000008fe00000| PB 0x000000008fe00000| Untracked 
| 255|0x000000008ff00000, 0x000000008ff00000, 0x0000000090000000|  0%| F|  |TAMS 0x000000008ff00000| PB 0x000000008ff00000| Untracked 
| 256|0x0000000090000000, 0x0000000090000000, 0x0000000090100000|  0%| F|  |TAMS 0x0000000090000000| PB 0x0000000090000000| Untracked 
| 257|0x0000000090100000, 0x0000000090100000, 0x0000000090200000|  0%| F|  |TAMS 0x0000000090100000| PB 0x0000000090100000| Untracked 
| 258|0x0000000090200000, 0x0000000090200000, 0x0000000090300000|  0%| F|  |TAMS 0x0000000090200000| PB 0x0000000090200000| Untracked 
| 259|0x0000000090300000, 0x0000000090300000, 0x0000000090400000|  0%| F|  |TAMS 0x0000000090300000| PB 0x0000000090300000| Untracked 
| 260|0x0000000090400000, 0x0000000090400000, 0x0000000090500000|  0%| F|  |TAMS 0x0000000090400000| PB 0x0000000090400000| Untracked 
| 261|0x0000000090500000, 0x0000000090500000, 0x0000000090600000|  0%| F|  |TAMS 0x0000000090500000| PB 0x0000000090500000| Untracked 
| 262|0x0000000090600000, 0x0000000090600000, 0x0000000090700000|  0%| F|  |TAMS 0x0000000090600000| PB 0x0000000090600000| Untracked 
| 263|0x0000000090700000, 0x0000000090700000, 0x0000000090800000|  0%| F|  |TAMS 0x0000000090700000| PB 0x0000000090700000| Untracked 
| 264|0x0000000090800000, 0x0000000090800000, 0x0000000090900000|  0%| F|  |TAMS 0x0000000090800000| PB 0x0000000090800000| Untracked 
| 265|0x0000000090900000, 0x0000000090900000, 0x0000000090a00000|  0%| F|  |TAMS 0x0000000090900000| PB 0x0000000090900000| Untracked 
| 266|0x0000000090a00000, 0x0000000090a00000, 0x0000000090b00000|  0%| F|  |TAMS 0x0000000090a00000| PB 0x0000000090a00000| Untracked 
| 267|0x0000000090b00000, 0x0000000090b00000, 0x0000000090c00000|  0%| F|  |TAMS 0x0000000090b00000| PB 0x0000000090b00000| Untracked 
| 268|0x0000000090c00000, 0x0000000090c00000, 0x0000000090d00000|  0%| F|  |TAMS 0x0000000090c00000| PB 0x0000000090c00000| Untracked 
| 269|0x0000000090d00000, 0x0000000090d00000, 0x0000000090e00000|  0%| F|  |TAMS 0x0000000090d00000| PB 0x0000000090d00000| Untracked 
| 270|0x0000000090e00000, 0x0000000090e00000, 0x0000000090f00000|  0%| F|  |TAMS 0x0000000090e00000| PB 0x0000000090e00000| Untracked 
| 271|0x0000000090f00000, 0x0000000090f00000, 0x0000000091000000|  0%| F|  |TAMS 0x0000000090f00000| PB 0x0000000090f00000| Untracked 
| 272|0x0000000091000000, 0x0000000091000000, 0x0000000091100000|  0%| F|  |TAMS 0x0000000091000000| PB 0x0000000091000000| Untracked 
| 273|0x0000000091100000, 0x0000000091100000, 0x0000000091200000|  0%| F|  |TAMS 0x0000000091100000| PB 0x0000000091100000| Untracked 
| 274|0x0000000091200000, 0x0000000091200000, 0x0000000091300000|  0%| F|  |TAMS 0x0000000091200000| PB 0x0000000091200000| Untracked 
| 275|0x0000000091300000, 0x0000000091300000, 0x0000000091400000|  0%| F|  |TAMS 0x0000000091300000| PB 0x0000000091300000| Untracked 
| 276|0x0000000091400000, 0x0000000091400000, 0x0000000091500000|  0%| F|  |TAMS 0x0000000091400000| PB 0x0000000091400000| Untracked 
| 277|0x0000000091500000, 0x0000000091500000, 0x0000000091600000|  0%| F|  |TAMS 0x0000000091500000| PB 0x0000000091500000| Untracked 
| 278|0x0000000091600000, 0x0000000091600000, 0x0000000091700000|  0%| F|  |TAMS 0x0000000091600000| PB 0x0000000091600000| Untracked 
| 279|0x0000000091700000, 0x0000000091700000, 0x0000000091800000|  0%| F|  |TAMS 0x0000000091700000| PB 0x0000000091700000| Untracked 
| 280|0x0000000091800000, 0x0000000091800000, 0x0000000091900000|  0%| F|  |TAMS 0x0000000091800000| PB 0x0000000091800000| Untracked 
| 281|0x0000000091900000, 0x0000000091900000, 0x0000000091a00000|  0%| F|  |TAMS 0x0000000091900000| PB 0x0000000091900000| Untracked 
| 282|0x0000000091a00000, 0x0000000091a00000, 0x0000000091b00000|  0%| F|  |TAMS 0x0000000091a00000| PB 0x0000000091a00000| Untracked 
| 283|0x0000000091b00000, 0x0000000091b00000, 0x0000000091c00000|  0%| F|  |TAMS 0x0000000091b00000| PB 0x0000000091b00000| Untracked 
| 284|0x0000000091c00000, 0x0000000091c00000, 0x0000000091d00000|  0%| F|  |TAMS 0x0000000091c00000| PB 0x0000000091c00000| Untracked 
| 285|0x0000000091d00000, 0x0000000091d00000, 0x0000000091e00000|  0%| F|  |TAMS 0x0000000091d00000| PB 0x0000000091d00000| Untracked 
| 286|0x0000000091e00000, 0x0000000091e00000, 0x0000000091f00000|  0%| F|  |TAMS 0x0000000091e00000| PB 0x0000000091e00000| Untracked 
| 287|0x0000000091f00000, 0x0000000091f00000, 0x0000000092000000|  0%| F|  |TAMS 0x0000000091f00000| PB 0x0000000091f00000| Untracked 
| 288|0x0000000092000000, 0x0000000092000000, 0x0000000092100000|  0%| F|  |TAMS 0x0000000092000000| PB 0x0000000092000000| Untracked 
| 289|0x0000000092100000, 0x0000000092100000, 0x0000000092200000|  0%| F|  |TAMS 0x0000000092100000| PB 0x0000000092100000| Untracked 
| 290|0x0000000092200000, 0x0000000092200000, 0x0000000092300000|  0%| F|  |TAMS 0x0000000092200000| PB 0x0000000092200000| Untracked 
| 291|0x0000000092300000, 0x0000000092300000, 0x0000000092400000|  0%| F|  |TAMS 0x0000000092300000| PB 0x0000000092300000| Untracked 
| 292|0x0000000092400000, 0x0000000092400000, 0x0000000092500000|  0%| F|  |TAMS 0x0000000092400000| PB 0x0000000092400000| Untracked 
| 293|0x0000000092500000, 0x0000000092500000, 0x0000000092600000|  0%| F|  |TAMS 0x0000000092500000| PB 0x0000000092500000| Untracked 
| 294|0x0000000092600000, 0x0000000092600000, 0x0000000092700000|  0%| F|  |TAMS 0x0000000092600000| PB 0x0000000092600000| Untracked 
| 295|0x0000000092700000, 0x0000000092700000, 0x0000000092800000|  0%| F|  |TAMS 0x0000000092700000| PB 0x0000000092700000| Untracked 
| 296|0x0000000092800000, 0x0000000092800000, 0x0000000092900000|  0%| F|  |TAMS 0x0000000092800000| PB 0x0000000092800000| Untracked 
| 297|0x0000000092900000, 0x0000000092900000, 0x0000000092a00000|  0%| F|  |TAMS 0x0000000092900000| PB 0x0000000092900000| Untracked 
| 298|0x0000000092a00000, 0x0000000092a00000, 0x0000000092b00000|  0%| F|  |TAMS 0x0000000092a00000| PB 0x0000000092a00000| Untracked 
| 299|0x0000000092b00000, 0x0000000092b00000, 0x0000000092c00000|  0%| F|  |TAMS 0x0000000092b00000| PB 0x0000000092b00000| Untracked 
| 300|0x0000000092c00000, 0x0000000092c00000, 0x0000000092d00000|  0%| F|  |TAMS 0x0000000092c00000| PB 0x0000000092c00000| Untracked 
| 301|0x0000000092d00000, 0x0000000092d00000, 0x0000000092e00000|  0%| F|  |TAMS 0x0000000092d00000| PB 0x0000000092d00000| Untracked 
| 302|0x0000000092e00000, 0x0000000092e00000, 0x0000000092f00000|  0%| F|  |TAMS 0x0000000092e00000| PB 0x0000000092e00000| Untracked 
| 303|0x0000000092f00000, 0x0000000092f00000, 0x0000000093000000|  0%| F|  |TAMS 0x0000000092f00000| PB 0x0000000092f00000| Untracked 
| 304|0x0000000093000000, 0x0000000093000000, 0x0000000093100000|  0%| F|  |TAMS 0x0000000093000000| PB 0x0000000093000000| Untracked 
| 305|0x0000000093100000, 0x0000000093100000, 0x0000000093200000|  0%| F|  |TAMS 0x0000000093100000| PB 0x0000000093100000| Untracked 
| 306|0x0000000093200000, 0x0000000093200000, 0x0000000093300000|  0%| F|  |TAMS 0x0000000093200000| PB 0x0000000093200000| Untracked 
| 307|0x0000000093300000, 0x0000000093300000, 0x0000000093400000|  0%| F|  |TAMS 0x0000000093300000| PB 0x0000000093300000| Untracked 
| 308|0x0000000093400000, 0x0000000093400000, 0x0000000093500000|  0%| F|  |TAMS 0x0000000093400000| PB 0x0000000093400000| Untracked 
| 309|0x0000000093500000, 0x0000000093500000, 0x0000000093600000|  0%| F|  |TAMS 0x0000000093500000| PB 0x0000000093500000| Untracked 
| 310|0x0000000093600000, 0x0000000093600000, 0x0000000093700000|  0%| F|  |TAMS 0x0000000093600000| PB 0x0000000093600000| Untracked 
| 311|0x0000000093700000, 0x0000000093700000, 0x0000000093800000|  0%| F|  |TAMS 0x0000000093700000| PB 0x0000000093700000| Untracked 
| 312|0x0000000093800000, 0x0000000093800000, 0x0000000093900000|  0%| F|  |TAMS 0x0000000093800000| PB 0x0000000093800000| Untracked 
| 313|0x0000000093900000, 0x0000000093900000, 0x0000000093a00000|  0%| F|  |TAMS 0x0000000093900000| PB 0x0000000093900000| Untracked 
| 314|0x0000000093a00000, 0x0000000093a00000, 0x0000000093b00000|  0%| F|  |TAMS 0x0000000093a00000| PB 0x0000000093a00000| Untracked 
| 315|0x0000000093b00000, 0x0000000093b00000, 0x0000000093c00000|  0%| F|  |TAMS 0x0000000093b00000| PB 0x0000000093b00000| Untracked 
| 316|0x0000000093c00000, 0x0000000093c00000, 0x0000000093d00000|  0%| F|  |TAMS 0x0000000093c00000| PB 0x0000000093c00000| Untracked 
| 317|0x0000000093d00000, 0x0000000093d00000, 0x0000000093e00000|  0%| F|  |TAMS 0x0000000093d00000| PB 0x0000000093d00000| Untracked 
| 318|0x0000000093e00000, 0x0000000093e00000, 0x0000000093f00000|  0%| F|  |TAMS 0x0000000093e00000| PB 0x0000000093e00000| Untracked 
| 319|0x0000000093f00000, 0x0000000093f00000, 0x0000000094000000|  0%| F|  |TAMS 0x0000000093f00000| PB 0x0000000093f00000| Untracked 
| 320|0x0000000094000000, 0x0000000094000000, 0x0000000094100000|  0%| F|  |TAMS 0x0000000094000000| PB 0x0000000094000000| Untracked 
| 321|0x0000000094100000, 0x0000000094100000, 0x0000000094200000|  0%| F|  |TAMS 0x0000000094100000| PB 0x0000000094100000| Untracked 
| 322|0x0000000094200000, 0x0000000094200000, 0x0000000094300000|  0%| F|  |TAMS 0x0000000094200000| PB 0x0000000094200000| Untracked 
| 323|0x0000000094300000, 0x0000000094300000, 0x0000000094400000|  0%| F|  |TAMS 0x0000000094300000| PB 0x0000000094300000| Untracked 
| 324|0x0000000094400000, 0x0000000094400000, 0x0000000094500000|  0%| F|  |TAMS 0x0000000094400000| PB 0x0000000094400000| Untracked 
| 325|0x0000000094500000, 0x0000000094500000, 0x0000000094600000|  0%| F|  |TAMS 0x0000000094500000| PB 0x0000000094500000| Untracked 
| 326|0x0000000094600000, 0x0000000094600000, 0x0000000094700000|  0%| F|  |TAMS 0x0000000094600000| PB 0x0000000094600000| Untracked 
| 327|0x0000000094700000, 0x0000000094700000, 0x0000000094800000|  0%| F|  |TAMS 0x0000000094700000| PB 0x0000000094700000| Untracked 
| 328|0x0000000094800000, 0x0000000094800000, 0x0000000094900000|  0%| F|  |TAMS 0x0000000094800000| PB 0x0000000094800000| Untracked 
| 329|0x0000000094900000, 0x0000000094900000, 0x0000000094a00000|  0%| F|  |TAMS 0x0000000094900000| PB 0x0000000094900000| Untracked 
| 330|0x0000000094a00000, 0x0000000094a00000, 0x0000000094b00000|  0%| F|  |TAMS 0x0000000094a00000| PB 0x0000000094a00000| Untracked 
| 331|0x0000000094b00000, 0x0000000094b00000, 0x0000000094c00000|  0%| F|  |TAMS 0x0000000094b00000| PB 0x0000000094b00000| Untracked 
| 332|0x0000000094c00000, 0x0000000094c00000, 0x0000000094d00000|  0%| F|  |TAMS 0x0000000094c00000| PB 0x0000000094c00000| Untracked 
| 333|0x0000000094d00000, 0x0000000094d00000, 0x0000000094e00000|  0%| F|  |TAMS 0x0000000094d00000| PB 0x0000000094d00000| Untracked 
| 334|0x0000000094e00000, 0x0000000094e00000, 0x0000000094f00000|  0%| F|  |TAMS 0x0000000094e00000| PB 0x0000000094e00000| Untracked 
| 335|0x0000000094f00000, 0x0000000094f00000, 0x0000000095000000|  0%| F|  |TAMS 0x0000000094f00000| PB 0x0000000094f00000| Untracked 
| 336|0x0000000095000000, 0x0000000095000000, 0x0000000095100000|  0%| F|  |TAMS 0x0000000095000000| PB 0x0000000095000000| Untracked 
| 337|0x0000000095100000, 0x0000000095100000, 0x0000000095200000|  0%| F|  |TAMS 0x0000000095100000| PB 0x0000000095100000| Untracked 
| 338|0x0000000095200000, 0x0000000095200000, 0x0000000095300000|  0%| F|  |TAMS 0x0000000095200000| PB 0x0000000095200000| Untracked 
| 339|0x0000000095300000, 0x0000000095300000, 0x0000000095400000|  0%| F|  |TAMS 0x0000000095300000| PB 0x0000000095300000| Untracked 
| 340|0x0000000095400000, 0x0000000095400000, 0x0000000095500000|  0%| F|  |TAMS 0x0000000095400000| PB 0x0000000095400000| Untracked 
| 341|0x0000000095500000, 0x0000000095500000, 0x0000000095600000|  0%| F|  |TAMS 0x0000000095500000| PB 0x0000000095500000| Untracked 
| 342|0x0000000095600000, 0x0000000095600000, 0x0000000095700000|  0%| F|  |TAMS 0x0000000095600000| PB 0x0000000095600000| Untracked 
| 343|0x0000000095700000, 0x0000000095700000, 0x0000000095800000|  0%| F|  |TAMS 0x0000000095700000| PB 0x0000000095700000| Untracked 
| 344|0x0000000095800000, 0x0000000095800000, 0x0000000095900000|  0%| F|  |TAMS 0x0000000095800000| PB 0x0000000095800000| Untracked 
| 345|0x0000000095900000, 0x0000000095900000, 0x0000000095a00000|  0%| F|  |TAMS 0x0000000095900000| PB 0x0000000095900000| Untracked 
| 346|0x0000000095a00000, 0x0000000095a00000, 0x0000000095b00000|  0%| F|  |TAMS 0x0000000095a00000| PB 0x0000000095a00000| Untracked 
| 347|0x0000000095b00000, 0x0000000095b00000, 0x0000000095c00000|  0%| F|  |TAMS 0x0000000095b00000| PB 0x0000000095b00000| Untracked 
| 348|0x0000000095c00000, 0x0000000095c00000, 0x0000000095d00000|  0%| F|  |TAMS 0x0000000095c00000| PB 0x0000000095c00000| Untracked 
| 349|0x0000000095d00000, 0x0000000095d00000, 0x0000000095e00000|  0%| F|  |TAMS 0x0000000095d00000| PB 0x0000000095d00000| Untracked 
| 350|0x0000000095e00000, 0x0000000095e00000, 0x0000000095f00000|  0%| F|  |TAMS 0x0000000095e00000| PB 0x0000000095e00000| Untracked 
| 351|0x0000000095f00000, 0x0000000095f00000, 0x0000000096000000|  0%| F|  |TAMS 0x0000000095f00000| PB 0x0000000095f00000| Untracked 
| 352|0x0000000096000000, 0x0000000096000000, 0x0000000096100000|  0%| F|  |TAMS 0x0000000096000000| PB 0x0000000096000000| Untracked 
| 353|0x0000000096100000, 0x0000000096100000, 0x0000000096200000|  0%| F|  |TAMS 0x0000000096100000| PB 0x0000000096100000| Untracked 
| 354|0x0000000096200000, 0x0000000096200000, 0x0000000096300000|  0%| F|  |TAMS 0x0000000096200000| PB 0x0000000096200000| Untracked 
| 355|0x0000000096300000, 0x0000000096300000, 0x0000000096400000|  0%| F|  |TAMS 0x0000000096300000| PB 0x0000000096300000| Untracked 
| 356|0x0000000096400000, 0x0000000096400000, 0x0000000096500000|  0%| F|  |TAMS 0x0000000096400000| PB 0x0000000096400000| Untracked 
| 357|0x0000000096500000, 0x0000000096500000, 0x0000000096600000|  0%| F|  |TAMS 0x0000000096500000| PB 0x0000000096500000| Untracked 
| 358|0x0000000096600000, 0x0000000096600000, 0x0000000096700000|  0%| F|  |TAMS 0x0000000096600000| PB 0x0000000096600000| Untracked 
| 359|0x0000000096700000, 0x0000000096700000, 0x0000000096800000|  0%| F|  |TAMS 0x0000000096700000| PB 0x0000000096700000| Untracked 
| 360|0x0000000096800000, 0x0000000096800000, 0x0000000096900000|  0%| F|  |TAMS 0x0000000096800000| PB 0x0000000096800000| Untracked 
| 361|0x0000000096900000, 0x0000000096900000, 0x0000000096a00000|  0%| F|  |TAMS 0x0000000096900000| PB 0x0000000096900000| Untracked 
| 362|0x0000000096a00000, 0x0000000096a00000, 0x0000000096b00000|  0%| F|  |TAMS 0x0000000096a00000| PB 0x0000000096a00000| Untracked 
| 363|0x0000000096b00000, 0x0000000096b00000, 0x0000000096c00000|  0%| F|  |TAMS 0x0000000096b00000| PB 0x0000000096b00000| Untracked 
| 364|0x0000000096c00000, 0x0000000096c00000, 0x0000000096d00000|  0%| F|  |TAMS 0x0000000096c00000| PB 0x0000000096c00000| Untracked 
| 365|0x0000000096d00000, 0x0000000096d00000, 0x0000000096e00000|  0%| F|  |TAMS 0x0000000096d00000| PB 0x0000000096d00000| Untracked 
| 366|0x0000000096e00000, 0x0000000096e00000, 0x0000000096f00000|  0%| F|  |TAMS 0x0000000096e00000| PB 0x0000000096e00000| Untracked 
| 367|0x0000000096f00000, 0x0000000096f00000, 0x0000000097000000|  0%| F|  |TAMS 0x0000000096f00000| PB 0x0000000096f00000| Untracked 
| 368|0x0000000097000000, 0x0000000097000000, 0x0000000097100000|  0%| F|  |TAMS 0x0000000097000000| PB 0x0000000097000000| Untracked 
| 369|0x0000000097100000, 0x0000000097100000, 0x0000000097200000|  0%| F|  |TAMS 0x0000000097100000| PB 0x0000000097100000| Untracked 
| 370|0x0000000097200000, 0x0000000097200000, 0x0000000097300000|  0%| F|  |TAMS 0x0000000097200000| PB 0x0000000097200000| Untracked 
| 371|0x0000000097300000, 0x0000000097300000, 0x0000000097400000|  0%| F|  |TAMS 0x0000000097300000| PB 0x0000000097300000| Untracked 
| 372|0x0000000097400000, 0x0000000097400000, 0x0000000097500000|  0%| F|  |TAMS 0x0000000097400000| PB 0x0000000097400000| Untracked 
| 373|0x0000000097500000, 0x0000000097500000, 0x0000000097600000|  0%| F|  |TAMS 0x0000000097500000| PB 0x0000000097500000| Untracked 
| 374|0x0000000097600000, 0x0000000097600000, 0x0000000097700000|  0%| F|  |TAMS 0x0000000097600000| PB 0x0000000097600000| Untracked 
| 375|0x0000000097700000, 0x0000000097700000, 0x0000000097800000|  0%| F|  |TAMS 0x0000000097700000| PB 0x0000000097700000| Untracked 
| 376|0x0000000097800000, 0x0000000097800000, 0x0000000097900000|  0%| F|  |TAMS 0x0000000097800000| PB 0x0000000097800000| Untracked 
| 377|0x0000000097900000, 0x0000000097900000, 0x0000000097a00000|  0%| F|  |TAMS 0x0000000097900000| PB 0x0000000097900000| Untracked 
| 378|0x0000000097a00000, 0x0000000097a00000, 0x0000000097b00000|  0%| F|  |TAMS 0x0000000097a00000| PB 0x0000000097a00000| Untracked 
| 379|0x0000000097b00000, 0x0000000097b00000, 0x0000000097c00000|  0%| F|  |TAMS 0x0000000097b00000| PB 0x0000000097b00000| Untracked 
| 380|0x0000000097c00000, 0x0000000097c00000, 0x0000000097d00000|  0%| F|  |TAMS 0x0000000097c00000| PB 0x0000000097c00000| Untracked 
| 381|0x0000000097d00000, 0x0000000097d00000, 0x0000000097e00000|  0%| F|  |TAMS 0x0000000097d00000| PB 0x0000000097d00000| Untracked 
| 382|0x0000000097e00000, 0x0000000097e00000, 0x0000000097f00000|  0%| F|  |TAMS 0x0000000097e00000| PB 0x0000000097e00000| Untracked 
| 383|0x0000000097f00000, 0x0000000097f00000, 0x0000000098000000|  0%| F|  |TAMS 0x0000000097f00000| PB 0x0000000097f00000| Untracked 
| 384|0x0000000098000000, 0x0000000098000000, 0x0000000098100000|  0%| F|  |TAMS 0x0000000098000000| PB 0x0000000098000000| Untracked 
| 385|0x0000000098100000, 0x0000000098100000, 0x0000000098200000|  0%| F|  |TAMS 0x0000000098100000| PB 0x0000000098100000| Untracked 
| 386|0x0000000098200000, 0x0000000098200000, 0x0000000098300000|  0%| F|  |TAMS 0x0000000098200000| PB 0x0000000098200000| Untracked 
| 387|0x0000000098300000, 0x0000000098300000, 0x0000000098400000|  0%| F|  |TAMS 0x0000000098300000| PB 0x0000000098300000| Untracked 
| 388|0x0000000098400000, 0x0000000098400000, 0x0000000098500000|  0%| F|  |TAMS 0x0000000098400000| PB 0x0000000098400000| Untracked 
| 389|0x0000000098500000, 0x0000000098500000, 0x0000000098600000|  0%| F|  |TAMS 0x0000000098500000| PB 0x0000000098500000| Untracked 
| 390|0x0000000098600000, 0x0000000098600000, 0x0000000098700000|  0%| F|  |TAMS 0x0000000098600000| PB 0x0000000098600000| Untracked 
| 391|0x0000000098700000, 0x0000000098700000, 0x0000000098800000|  0%| F|  |TAMS 0x0000000098700000| PB 0x0000000098700000| Untracked 
| 392|0x0000000098800000, 0x0000000098800000, 0x0000000098900000|  0%| F|  |TAMS 0x0000000098800000| PB 0x0000000098800000| Untracked 
| 393|0x0000000098900000, 0x0000000098900000, 0x0000000098a00000|  0%| F|  |TAMS 0x0000000098900000| PB 0x0000000098900000| Untracked 
| 394|0x0000000098a00000, 0x0000000098a00000, 0x0000000098b00000|  0%| F|  |TAMS 0x0000000098a00000| PB 0x0000000098a00000| Untracked 
| 395|0x0000000098b00000, 0x0000000098b00000, 0x0000000098c00000|  0%| F|  |TAMS 0x0000000098b00000| PB 0x0000000098b00000| Untracked 
| 396|0x0000000098c00000, 0x0000000098c00000, 0x0000000098d00000|  0%| F|  |TAMS 0x0000000098c00000| PB 0x0000000098c00000| Untracked 
| 397|0x0000000098d00000, 0x0000000098d00000, 0x0000000098e00000|  0%| F|  |TAMS 0x0000000098d00000| PB 0x0000000098d00000| Untracked 
| 398|0x0000000098e00000, 0x0000000098e00000, 0x0000000098f00000|  0%| F|  |TAMS 0x0000000098e00000| PB 0x0000000098e00000| Untracked 
| 399|0x0000000098f00000, 0x0000000098f00000, 0x0000000099000000|  0%| F|  |TAMS 0x0000000098f00000| PB 0x0000000098f00000| Untracked 
| 400|0x0000000099000000, 0x0000000099000000, 0x0000000099100000|  0%| F|  |TAMS 0x0000000099000000| PB 0x0000000099000000| Untracked 
| 401|0x0000000099100000, 0x0000000099100000, 0x0000000099200000|  0%| F|  |TAMS 0x0000000099100000| PB 0x0000000099100000| Untracked 
| 402|0x0000000099200000, 0x0000000099200000, 0x0000000099300000|  0%| F|  |TAMS 0x0000000099200000| PB 0x0000000099200000| Untracked 
| 403|0x0000000099300000, 0x0000000099300000, 0x0000000099400000|  0%| F|  |TAMS 0x0000000099300000| PB 0x0000000099300000| Untracked 
| 404|0x0000000099400000, 0x0000000099400000, 0x0000000099500000|  0%| F|  |TAMS 0x0000000099400000| PB 0x0000000099400000| Untracked 
| 405|0x0000000099500000, 0x0000000099500000, 0x0000000099600000|  0%| F|  |TAMS 0x0000000099500000| PB 0x0000000099500000| Untracked 
| 406|0x0000000099600000, 0x0000000099600000, 0x0000000099700000|  0%| F|  |TAMS 0x0000000099600000| PB 0x0000000099600000| Untracked 
| 407|0x0000000099700000, 0x0000000099700000, 0x0000000099800000|  0%| F|  |TAMS 0x0000000099700000| PB 0x0000000099700000| Untracked 
| 408|0x0000000099800000, 0x0000000099800000, 0x0000000099900000|  0%| F|  |TAMS 0x0000000099800000| PB 0x0000000099800000| Untracked 
| 409|0x0000000099900000, 0x0000000099900000, 0x0000000099a00000|  0%| F|  |TAMS 0x0000000099900000| PB 0x0000000099900000| Untracked 
| 410|0x0000000099a00000, 0x0000000099a00000, 0x0000000099b00000|  0%| F|  |TAMS 0x0000000099a00000| PB 0x0000000099a00000| Untracked 
| 411|0x0000000099b00000, 0x0000000099b00000, 0x0000000099c00000|  0%| F|  |TAMS 0x0000000099b00000| PB 0x0000000099b00000| Untracked 
| 412|0x0000000099c00000, 0x0000000099c00000, 0x0000000099d00000|  0%| F|  |TAMS 0x0000000099c00000| PB 0x0000000099c00000| Untracked 
| 413|0x0000000099d00000, 0x0000000099d00000, 0x0000000099e00000|  0%| F|  |TAMS 0x0000000099d00000| PB 0x0000000099d00000| Untracked 
| 414|0x0000000099e00000, 0x0000000099e00000, 0x0000000099f00000|  0%| F|  |TAMS 0x0000000099e00000| PB 0x0000000099e00000| Untracked 
| 415|0x0000000099f00000, 0x0000000099f00000, 0x000000009a000000|  0%| F|  |TAMS 0x0000000099f00000| PB 0x0000000099f00000| Untracked 
| 416|0x000000009a000000, 0x000000009a000000, 0x000000009a100000|  0%| F|  |TAMS 0x000000009a000000| PB 0x000000009a000000| Untracked 
| 417|0x000000009a100000, 0x000000009a100000, 0x000000009a200000|  0%| F|  |TAMS 0x000000009a100000| PB 0x000000009a100000| Untracked 
| 418|0x000000009a200000, 0x000000009a200000, 0x000000009a300000|  0%| F|  |TAMS 0x000000009a200000| PB 0x000000009a200000| Untracked 
|2018|0x00000000fe200000, 0x00000000fe300000, 0x00000000fe300000|100%| O|  |TAMS 0x00000000fe300000| PB 0x00000000fe200000| Untracked 
|2019|0x00000000fe300000, 0x00000000fe300000, 0x00000000fe400000|  0%| F|  |TAMS 0x00000000fe300000| PB 0x00000000fe300000| Untracked 
|2020|0x00000000fe400000, 0x00000000fe400000, 0x00000000fe500000|  0%| F|  |TAMS 0x00000000fe400000| PB 0x00000000fe400000| Untracked 
|2021|0x00000000fe500000, 0x00000000fe500000, 0x00000000fe600000|  0%| F|  |TAMS 0x00000000fe500000| PB 0x00000000fe500000| Untracked 
|2022|0x00000000fe600000, 0x00000000fe600000, 0x00000000fe700000|  0%| F|  |TAMS 0x00000000fe600000| PB 0x00000000fe600000| Untracked 
|2023|0x00000000fe700000, 0x00000000fe700000, 0x00000000fe800000|  0%| F|  |TAMS 0x00000000fe700000| PB 0x00000000fe700000| Untracked 
|2024|0x00000000fe800000, 0x00000000fe800000, 0x00000000fe900000|  0%| F|  |TAMS 0x00000000fe800000| PB 0x00000000fe800000| Untracked 
|2025|0x00000000fe900000, 0x00000000fe900000, 0x00000000fea00000|  0%| F|  |TAMS 0x00000000fe900000| PB 0x00000000fe900000| Untracked 
|2026|0x00000000fea00000, 0x00000000fea00000, 0x00000000feb00000|  0%| F|  |TAMS 0x00000000fea00000| PB 0x00000000fea00000| Untracked 
|2027|0x00000000feb00000, 0x00000000feb00000, 0x00000000fec00000|  0%| F|  |TAMS 0x00000000feb00000| PB 0x00000000feb00000| Untracked 
|2028|0x00000000fec00000, 0x00000000fec00000, 0x00000000fed00000|  0%| F|  |TAMS 0x00000000fec00000| PB 0x00000000fec00000| Untracked 
|2029|0x00000000fed00000, 0x00000000fed00000, 0x00000000fee00000|  0%| F|  |TAMS 0x00000000fed00000| PB 0x00000000fed00000| Untracked 
|2030|0x00000000fee00000, 0x00000000fee00000, 0x00000000fef00000|  0%| F|  |TAMS 0x00000000fee00000| PB 0x00000000fee00000| Untracked 
|2031|0x00000000fef00000, 0x00000000fef00000, 0x00000000ff000000|  0%| F|  |TAMS 0x00000000fef00000| PB 0x00000000fef00000| Untracked 
|2032|0x00000000ff000000, 0x00000000ff000000, 0x00000000ff100000|  0%| F|  |TAMS 0x00000000ff000000| PB 0x00000000ff000000| Untracked 
|2033|0x00000000ff100000, 0x00000000ff100000, 0x00000000ff200000|  0%| F|  |TAMS 0x00000000ff100000| PB 0x00000000ff100000| Untracked 
|2034|0x00000000ff200000, 0x00000000ff200000, 0x00000000ff300000|  0%| F|  |TAMS 0x00000000ff200000| PB 0x00000000ff200000| Untracked 
|2035|0x00000000ff300000, 0x00000000ff300000, 0x00000000ff400000|  0%| F|  |TAMS 0x00000000ff300000| PB 0x00000000ff300000| Untracked 
|2036|0x00000000ff400000, 0x00000000ff400000, 0x00000000ff500000|  0%| F|  |TAMS 0x00000000ff400000| PB 0x00000000ff400000| Untracked 
|2037|0x00000000ff500000, 0x00000000ff600000, 0x00000000ff600000|100%| O|  |TAMS 0x00000000ff600000| PB 0x00000000ff500000| Untracked 
|2038|0x00000000ff600000, 0x00000000ff600000, 0x00000000ff700000|  0%| F|  |TAMS 0x00000000ff600000| PB 0x00000000ff600000| Untracked 
|2039|0x00000000ff700000, 0x00000000ff700000, 0x00000000ff800000|  0%| F|  |TAMS 0x00000000ff700000| PB 0x00000000ff700000| Untracked 
|2040|0x00000000ff800000, 0x00000000ff900000, 0x00000000ff900000|100%| O|  |TAMS 0x00000000ff900000| PB 0x00000000ff800000| Untracked 
|2041|0x00000000ff900000, 0x00000000ff900000, 0x00000000ffa00000|  0%| F|  |TAMS 0x00000000ff900000| PB 0x00000000ff900000| Untracked 
|2042|0x00000000ffa00000, 0x00000000ffa00000, 0x00000000ffb00000|  0%| F|  |TAMS 0x00000000ffa00000| PB 0x00000000ffa00000| Untracked 
|2043|0x00000000ffb00000, 0x00000000ffb00000, 0x00000000ffc00000|  0%| F|  |TAMS 0x00000000ffb00000| PB 0x00000000ffb00000| Untracked 
|2044|0x00000000ffc00000, 0x00000000ffc00000, 0x00000000ffd00000|  0%| F|  |TAMS 0x00000000ffc00000| PB 0x00000000ffc00000| Untracked 
|2045|0x00000000ffd00000, 0x00000000ffe00000, 0x00000000ffe00000|100%| O|  |TAMS 0x00000000ffe00000| PB 0x00000000ffd00000| Untracked 
|2046|0x00000000ffe00000, 0x00000000ffe00000, 0x00000000fff00000|  0%| F|  |TAMS 0x00000000ffe00000| PB 0x00000000ffe00000| Untracked 
|2047|0x00000000fff00000, 0x00000000fff00000, 0x0000000100000000|  0%| F|  |TAMS 0x00000000fff00000| PB 0x00000000fff00000| Untracked 

Card table byte_map: [0x000001d15ba90000,0x000001d15be90000] _byte_map_base: 0x000001d15b690000

Marking Bits: (CMBitMap*) 0x000001d149257f40
 Bits: [0x000001d15be90000, 0x000001d15de90000)

Polling page: 0x000001d147060000

Metaspace:

Usage:
  Non-class:    125.45 MB used.
      Class:     20.14 MB used.
       Both:    145.59 MB used.

Virtual space:
  Non-class space:      128.00 MB reserved,     126.62 MB ( 99%) committed,  2 nodes.
      Class space:        1.00 GB reserved,      21.25 MB (  2%) committed,  1 nodes.
             Both:        1.12 GB reserved,     147.88 MB ( 13%) committed. 

Chunk freelists:
   Non-Class:  1.11 MB
       Class:  10.73 MB
        Both:  11.84 MB

MaxMetaspaceSize: unlimited
CompressedClassSpaceSize: 1.00 GB
Initial GC threshold: 21.00 MB
Current GC threshold: 234.62 MB
CDS: off
 - commit_granule_bytes: 65536.
 - commit_granule_words: 8192.
 - virtual_space_node_default_size: 8388608.
 - enlarge_chunks_in_place: 1.
 - use_allocation_guard: 0.


Internal statistics:

num_allocs_failed_limit: 6.
num_arena_births: 4536.
num_arena_deaths: 0.
num_vsnodes_births: 3.
num_vsnodes_deaths: 0.
num_space_committed: 2361.
num_space_uncommitted: 0.
num_chunks_returned_to_freelist: 6.
num_chunks_taken_from_freelist: 10821.
num_chunk_merges: 6.
num_chunk_splits: 7168.
num_chunks_enlarged: 4665.
num_inconsistent_stats: 0.

CodeHeap 'non-profiled nmethods': size=120000Kb used=11458Kb max_used=11634Kb free=108541Kb
 bounds [0x000001d153e30000, 0x000001d1549b0000, 0x000001d15b360000]
CodeHeap 'profiled nmethods': size=120000Kb used=46682Kb max_used=46682Kb free=73317Kb
 bounds [0x000001d14c360000, 0x000001d14f100000, 0x000001d153890000]
CodeHeap 'non-nmethods': size=5760Kb used=2958Kb max_used=3036Kb free=2801Kb
 bounds [0x000001d153890000, 0x000001d153bb0000, 0x000001d153e30000]
CodeCache: size=245760Kb, used=61098Kb, max_used=61352Kb, free=184659Kb
 total_blobs=22566, nmethods=21514, adapters=953, full_count=0
Compilation: enabled, stopped_count=0, restarted_count=0

Compilation events (20 events):
Event: 72.132 Thread 0x000001d160ab6d00 26674       3       com.android.tools.r8.internal.fg$$Lambda/0x000000010145ea98::test (8 bytes)
Event: 72.133 Thread 0x000001d160ab6d00 nmethod 26674 0x000001d14f0f2010 code [0x000001d14f0f21e0, 0x000001d14f0f2670]
Event: 72.133 Thread 0x000001d160ab6d00 26672       3       com.android.tools.r8.internal.ia1::<init> (66 bytes)
Event: 72.134 Thread 0x000001d160ab6d00 nmethod 26672 0x000001d14f0f2810 code [0x000001d14f0f2a20, 0x000001d14f0f3310]
Event: 72.134 Thread 0x000001d160ab6d00 26677       2       com.android.tools.r8.internal.xf0$$Lambda/0x00000001014bcca0::applyAsInt (8 bytes)
Event: 72.134 Thread 0x000001d160ab6d00 nmethod 26677 0x000001d14f0f3610 code [0x000001d14f0f37a0, 0x000001d14f0f38e8]
Event: 72.135 Thread 0x000001d160ab6d00 26678       2       com.android.tools.r8.internal.xf0$$Lambda/0x00000001014bcef0::applyAsInt (8 bytes)
Event: 72.135 Thread 0x000001d160ab6d00 nmethod 26678 0x000001d14f0f3a10 code [0x000001d14f0f3ba0, 0x000001d14f0f3ce8]
Event: 72.135 Thread 0x000001d160ab6d00 26675       2       com.android.tools.r8.internal.rc::a (223 bytes)
Event: 72.138 Thread 0x000001d160ab6d00 nmethod 26675 0x000001d14f0f3e10 code [0x000001d14f0f4080, 0x000001d14f0f4bf8]
Event: 72.143 Thread 0x000001d160ab6d00 26679       3       com.android.tools.r8.ir.optimize.z$$Lambda/0x0000000101451cc0::test (8 bytes)
Event: 72.143 Thread 0x000001d160ab6d00 nmethod 26679 0x000001d14f0f5410 code [0x000001d14f0f55c0, 0x000001d14f0f5870]
Event: 72.145 Thread 0x000001d160ab6d00 26680       3       com.android.tools.r8.internal.a00::y2 (25 bytes)
Event: 72.145 Thread 0x000001d160ab6d00 nmethod 26680 0x000001d14f0f5990 code [0x000001d14f0f5b40, 0x000001d14f0f5cf8]
Event: 72.149 Thread 0x000001d160ab6d00 26681       2       com.android.tools.r8.internal.hf2::b (5 bytes)
Event: 72.149 Thread 0x000001d160ab6d00 nmethod 26681 0x000001d14f0f5d90 code [0x000001d14f0f5f40, 0x000001d14f0f6078]
Event: 72.152 Thread 0x000001d160ab6d00 26682       1       com.android.tools.r8.internal.xk0::v (3 bytes)
Event: 72.152 Thread 0x000001d160ab6d00 nmethod 26682 0x000001d15468c490 code [0x000001d15468c620, 0x000001d15468c6e8]
Event: 72.163 Thread 0x000001d160ab6d00 26684       3       com.android.tools.r8.internal.qb3::add (122 bytes)
Event: 72.164 Thread 0x000001d160ab6d00 nmethod 26684 0x000001d14f0f6110 code [0x000001d14f0f6320, 0x000001d14f0f69b0]

GC Heap History (20 events):
Event: 55.344 GC heap after
{Heap after GC invocations=70 (full 0):
 garbage-first heap   total 334848K, used 166153K [0x0000000080000000, 0x0000000100000000)
  region size 1024K, 20 young (20480K), 20 survivors (20480K)
 Metaspace       used 127448K, committed 129728K, reserved 1179648K
  class space    used 17303K, committed 18432K, reserved 1048576K
}
Event: 57.653 GC heap before
{Heap before GC invocations=70 (full 0):
 garbage-first heap   total 334848K, used 295177K [0x0000000080000000, 0x0000000100000000)
  region size 1024K, 147 young (150528K), 20 survivors (20480K)
 Metaspace       used 132829K, committed 135104K, reserved 1179648K
  class space    used 18125K, committed 19264K, reserved 1048576K
}
Event: 57.705 GC heap after
{Heap after GC invocations=71 (full 0):
 garbage-first heap   total 336896K, used 165018K [0x0000000080000000, 0x0000000100000000)
  region size 1024K, 18 young (18432K), 18 survivors (18432K)
 Metaspace       used 132829K, committed 135104K, reserved 1179648K
  class space    used 18125K, committed 19264K, reserved 1048576K
}
Event: 58.730 GC heap before
{Heap before GC invocations=71 (full 0):
 garbage-first heap   total 336896K, used 299162K [0x0000000080000000, 0x0000000100000000)
  region size 1024K, 150 young (153600K), 18 survivors (18432K)
 Metaspace       used 137554K, committed 139840K, reserved 1179648K
  class space    used 18891K, committed 20032K, reserved 1048576K
}
Event: 58.832 GC heap after
{Heap after GC invocations=72 (full 0):
 garbage-first heap   total 336896K, used 183023K [0x0000000080000000, 0x0000000100000000)
  region size 1024K, 19 young (19456K), 19 survivors (19456K)
 Metaspace       used 137554K, committed 139840K, reserved 1179648K
  class space    used 18891K, committed 20032K, reserved 1048576K
}
Event: 59.631 GC heap before
{Heap before GC invocations=72 (full 0):
 garbage-first heap   total 336896K, used 298735K [0x0000000080000000, 0x0000000100000000)
  region size 1024K, 133 young (136192K), 19 survivors (19456K)
 Metaspace       used 138582K, committed 140864K, reserved 1179648K
  class space    used 19080K, committed 20224K, reserved 1048576K
}
Event: 59.688 GC heap after
{Heap after GC invocations=73 (full 0):
 garbage-first heap   total 459776K, used 196448K [0x0000000080000000, 0x0000000100000000)
  region size 1024K, 14 young (14336K), 14 survivors (14336K)
 Metaspace       used 138582K, committed 140864K, reserved 1179648K
  class space    used 19080K, committed 20224K, reserved 1048576K
}
Event: 62.611 GC heap before
{Heap before GC invocations=73 (full 0):
 garbage-first heap   total 459776K, used 411488K [0x0000000080000000, 0x0000000100000000)
  region size 1024K, 225 young (230400K), 14 survivors (14336K)
 Metaspace       used 143249K, committed 145536K, reserved 1179648K
  class space    used 19850K, committed 20992K, reserved 1048576K
}
Event: 62.778 GC heap after
{Heap after GC invocations=74 (full 0):
 garbage-first heap   total 459776K, used 203264K [0x0000000080000000, 0x0000000100000000)
  region size 1024K, 21 young (21504K), 21 survivors (21504K)
 Metaspace       used 143249K, committed 145536K, reserved 1179648K
  class space    used 19850K, committed 20992K, reserved 1048576K
}
Event: 65.317 GC heap before
{Heap before GC invocations=75 (full 0):
 garbage-first heap   total 459776K, used 407040K [0x0000000080000000, 0x0000000100000000)
  region size 1024K, 219 young (224256K), 21 survivors (21504K)
 Metaspace       used 144968K, committed 147200K, reserved 1179648K
  class space    used 20030K, committed 21120K, reserved 1048576K
}
Event: 65.420 GC heap after
{Heap after GC invocations=76 (full 0):
 garbage-first heap   total 459776K, used 205350K [0x0000000080000000, 0x0000000100000000)
  region size 1024K, 10 young (10240K), 10 survivors (10240K)
 Metaspace       used 144968K, committed 147200K, reserved 1179648K
  class space    used 20030K, committed 21120K, reserved 1048576K
}
Event: 66.933 GC heap before
{Heap before GC invocations=76 (full 0):
 garbage-first heap   total 459776K, used 416294K [0x0000000080000000, 0x0000000100000000)
  region size 1024K, 216 young (221184K), 10 survivors (10240K)
 Metaspace       used 146521K, committed 148800K, reserved 1179648K
  class space    used 20264K, committed 21376K, reserved 1048576K
}
Event: 67.029 GC heap after
{Heap after GC invocations=77 (full 0):
 garbage-first heap   total 459776K, used 201512K [0x0000000080000000, 0x0000000100000000)
  region size 1024K, 10 young (10240K), 10 survivors (10240K)
 Metaspace       used 146521K, committed 148800K, reserved 1179648K
  class space    used 20264K, committed 21376K, reserved 1048576K
}
Event: 69.356 GC heap before
{Heap before GC invocations=77 (full 0):
 garbage-first heap   total 459776K, used 424744K [0x0000000080000000, 0x0000000100000000)
  region size 1024K, 229 young (234496K), 10 survivors (10240K)
 Metaspace       used 148590K, committed 150912K, reserved 1179648K
  class space    used 20587K, committed 21696K, reserved 1048576K
}
Event: 69.392 GC heap after
{Heap after GC invocations=78 (full 0):
 garbage-first heap   total 459776K, used 202190K [0x0000000080000000, 0x0000000100000000)
  region size 1024K, 11 young (11264K), 11 survivors (11264K)
 Metaspace       used 148590K, committed 150912K, reserved 1179648K
  class space    used 20587K, committed 21696K, reserved 1048576K
}
Event: 70.445 GC heap before
{Heap before GC invocations=78 (full 0):
 garbage-first heap   total 459776K, used 423374K [0x0000000080000000, 0x0000000100000000)
  region size 1024K, 228 young (233472K), 11 survivors (11264K)
 Metaspace       used 148777K, committed 151104K, reserved 1179648K
  class space    used 20602K, committed 21760K, reserved 1048576K
}
Event: 70.462 GC heap after
{Heap after GC invocations=79 (full 0):
 garbage-first heap   total 459776K, used 205264K [0x0000000080000000, 0x0000000100000000)
  region size 1024K, 14 young (14336K), 14 survivors (14336K)
 Metaspace       used 148777K, committed 151104K, reserved 1179648K
  class space    used 20602K, committed 21760K, reserved 1048576K
}
Event: 71.084 GC heap before
{Heap before GC invocations=79 (full 0):
 garbage-first heap   total 459776K, used 420304K [0x0000000080000000, 0x0000000100000000)
  region size 1024K, 225 young (230400K), 14 survivors (14336K)
 Metaspace       used 148899K, committed 151232K, reserved 1179648K
  class space    used 20606K, committed 21760K, reserved 1048576K
}
Event: 71.150 GC heap after
{Heap after GC invocations=80 (full 0):
 garbage-first heap   total 459776K, used 212982K [0x0000000080000000, 0x0000000100000000)
  region size 1024K, 21 young (21504K), 21 survivors (21504K)
 Metaspace       used 148899K, committed 151232K, reserved 1179648K
  class space    used 20606K, committed 21760K, reserved 1048576K
}
Event: 72.197 GC heap before
{Heap before GC invocations=80 (full 0):
 garbage-first heap   total 459776K, used 413686K [0x0000000080000000, 0x0000000100000000)
  region size 1024K, 218 young (223232K), 21 survivors (21504K)
 Metaspace       used 149088K, committed 151424K, reserved 1179648K
  class space    used 20627K, committed 21760K, reserved 1048576K
}

Dll operation events (3 events):
Event: 0.012 Loaded shared library C:\Program Files\Common Files\Android\Android Studio\jbr\bin\java.dll
Event: 0.020 Loaded shared library C:\Program Files\Common Files\Android\Android Studio\jbr\bin\zip.dll
Event: 0.862 Loaded shared library C:\Program Files\Common Files\Android\Android Studio\jbr\bin\verify.dll

Deoptimization events (20 events):
Event: 71.835 Thread 0x000001d167bfaab0 DEOPT PACKING pc=0x000001d14ed280ff sp=0x000000cf78afa740
Event: 71.835 Thread 0x000001d167bfaab0 DEOPT UNPACKING pc=0x000001d1538e4e42 sp=0x000000cf78af9c28 mode 0
Event: 71.943 Thread 0x000001d167bf8350 Uncommon trap: trap_request=0xffffffde fr.pc=0x000001d15453e3e4 relative=0x0000000000005304
Event: 71.943 Thread 0x000001d167bf8350 Uncommon trap: reason=class_check action=maybe_recompile pc=0x000001d15453e3e4 method=com.android.tools.r8.ir.optimize.f0.a(Ljava/util/Queue;Lcom/android/tools/r8/internal/w31;Lcom/android/tools/r8/internal/rc;Lcom/android/tools/r8/ir/optimize/a;Lcom/andr
Event: 71.943 Thread 0x000001d167bf8350 DEOPT PACKING pc=0x000001d15453e3e4 sp=0x000000cf78ef9cc0
Event: 71.945 Thread 0x000001d167bf8350 DEOPT UNPACKING pc=0x000001d1538e46a2 sp=0x000000cf78ef9cf8 mode 2
Event: 71.946 Thread 0x000001d167bf8350 Uncommon trap: trap_request=0xffffffde fr.pc=0x000001d15453e3e4 relative=0x0000000000005304
Event: 71.946 Thread 0x000001d167bf8350 Uncommon trap: reason=class_check action=maybe_recompile pc=0x000001d15453e3e4 method=com.android.tools.r8.ir.optimize.f0.a(Ljava/util/Queue;Lcom/android/tools/r8/internal/w31;Lcom/android/tools/r8/internal/rc;Lcom/android/tools/r8/ir/optimize/a;Lcom/andr
Event: 71.946 Thread 0x000001d167bf8350 DEOPT PACKING pc=0x000001d15453e3e4 sp=0x000000cf78ef9cc0
Event: 71.946 Thread 0x000001d167bf8350 DEOPT UNPACKING pc=0x000001d1538e46a2 sp=0x000000cf78ef9cf8 mode 2
Event: 72.024 Thread 0x000001d167bf8350 DEOPT PACKING pc=0x000001d14ed31144 sp=0x000000cf78ef98b0
Event: 72.025 Thread 0x000001d167bf8350 DEOPT UNPACKING pc=0x000001d1538e4e42 sp=0x000000cf78ef8fa8 mode 0
Event: 72.029 Thread 0x000001d167bf8350 Uncommon trap: trap_request=0xffffffde fr.pc=0x000001d15453e3e4 relative=0x0000000000005304
Event: 72.036 Thread 0x000001d167bf6280 Uncommon trap: trap_request=0xffffffde fr.pc=0x000001d15453e3e4 relative=0x0000000000005304
Event: 72.036 Thread 0x000001d167bf6280 Uncommon trap: reason=class_check action=maybe_recompile pc=0x000001d15453e3e4 method=com.android.tools.r8.ir.optimize.f0.a(Ljava/util/Queue;Lcom/android/tools/r8/internal/w31;Lcom/android/tools/r8/internal/rc;Lcom/android/tools/r8/ir/optimize/a;Lcom/andr
Event: 72.036 Thread 0x000001d167bf6280 DEOPT PACKING pc=0x000001d15453e3e4 sp=0x000000cf786f9e00
Event: 72.036 Thread 0x000001d167bf6280 DEOPT UNPACKING pc=0x000001d1538e46a2 sp=0x000000cf786f9e38 mode 2
Event: 72.040 Thread 0x000001d167bf8350 Uncommon trap: reason=class_check action=maybe_recompile pc=0x000001d15453e3e4 method=com.android.tools.r8.ir.optimize.f0.a(Ljava/util/Queue;Lcom/android/tools/r8/internal/w31;Lcom/android/tools/r8/internal/rc;Lcom/android/tools/r8/ir/optimize/a;Lcom/andr
Event: 72.040 Thread 0x000001d167bf8350 DEOPT PACKING pc=0x000001d15453e3e4 sp=0x000000cf78ef9cc0
Event: 72.040 Thread 0x000001d167bf8350 DEOPT UNPACKING pc=0x000001d1538e46a2 sp=0x000000cf78ef9cf8 mode 2

Classes loaded (20 events):
Event: 60.790 Loading class java/util/IdentityHashMap$IdentityHashMapSpliterator done
Event: 60.790 Loading class java/util/IdentityHashMap$EntrySpliterator done
Event: 61.204 Loading class java/util/SortedSet$1
Event: 61.213 Loading class java/util/SortedSet$1 done
Event: 61.233 Loading class java/util/stream/SliceOps
Event: 61.236 Loading class java/util/stream/SliceOps done
Event: 61.237 Loading class java/util/stream/SliceOps$1
Event: 61.239 Loading class java/util/stream/SliceOps$1 done
Event: 61.254 Loading class java/util/stream/SliceOps$1$1
Event: 61.255 Loading class java/util/stream/SliceOps$1$1 done
Event: 61.284 Loading class java/util/PriorityQueue
Event: 61.289 Loading class java/util/PriorityQueue done
Event: 61.348 Loading class java/util/IdentityHashMap$ValueIterator
Event: 61.350 Loading class java/util/IdentityHashMap$ValueIterator done
Event: 68.684 Loading class java/nio/ShortBuffer
Event: 68.728 Loading class java/nio/ShortBuffer done
Event: 68.941 Loading class java/nio/ByteBufferAsShortBufferL
Event: 68.947 Loading class java/nio/ByteBufferAsShortBufferL done
Event: 69.117 Loading class java/util/zip/Adler32
Event: 69.129 Loading class java/util/zip/Adler32 done

Classes unloaded (0 events):
No events

Classes redefined (0 events):
No events

Internal exceptions (20 events):
Event: 62.285 Thread 0x000001d167bfb7d0 Exception <a 'java/lang/NoSuchMethodError'{0x000000008fae5250}: 'java.lang.Object java.lang.invoke.DirectMethodHandle$Holder.invokeInterface(java.lang.Object, java.lang.Object, int)'> (0x000000008fae5250) 
thrown [s\src\hotspot\share\interpreter\linkResolver.cpp, line 784]
Event: 65.695 Thread 0x000001d167bf8350 Exception <a 'java/lang/NoSuchMethodError'{0x00000000fe9bc890}: 'void java.lang.invoke.DirectMethodHandle$Holder.invokeSpecial(java.lang.Object, java.lang.Object, java.lang.Object, int, java.lang.Object, java.lang.Object, java.lang.Object, java.lang.Object)'> (0x00000000fe9bc890) 
thrown [s\src\hotspot\share\interpreter\linkResolver.cpp, line 784]
Event: 66.298 Thread 0x000001d167bfaab0 Implicit null exception at 0x000001d1546efa00 to 0x000001d1546efb44
Event: 66.310 Thread 0x000001d167bfaab0 Exception <a 'java/lang/NoSuchMethodError'{0x000000009693bee8}: 'void java.lang.invoke.DirectMethodHandle$Holder.invokeStatic(java.lang.Object, java.lang.Object, java.lang.Object, java.lang.Object, java.lang.Object, java.lang.Object, java.lang.Object, java.lang.Object)'> (0x000000009693bee8) 
thrown [s\src\hotspot\share\interpreter\linkResolver.cpp, line 784]
Event: 66.314 Thread 0x000001d167bf8350 Exception <a 'java/lang/NoSuchMethodError'{0x0000000096c3cf10}: 'void java.lang.invoke.DirectMethodHandle$Holder.invokeStatic(java.lang.Object, java.lang.Object, java.lang.Object, java.lang.Object, java.lang.Object, java.lang.Object, java.lang.Object, java.lang.Object)'> (0x0000000096c3cf10) 
thrown [s\src\hotspot\share\interpreter\linkResolver.cpp, line 784]
Event: 68.404 Thread 0x000001d167bf6280 Exception <a 'java/lang/IncompatibleClassChangeError'{0x00000000934d8ac8}: Found class java.lang.Object, but interface was expected> (0x00000000934d8ac8) 
thrown [s\src\hotspot\share\interpreter\linkResolver.cpp, line 851]
Event: 69.199 Thread 0x000001d167bf8350 Exception <a 'sun/nio/fs/WindowsException'{0x000000008f9a5158}> (0x000000008f9a5158) 
thrown [s\src\hotspot\share\prims\jni.cpp, line 537]
Event: 69.200 Thread 0x000001d167bfaab0 Exception <a 'sun/nio/fs/WindowsException'{0x000000008f120458}> (0x000000008f120458) 
thrown [s\src\hotspot\share\prims\jni.cpp, line 537]
Event: 69.200 Thread 0x000001d167bf6280 Exception <a 'sun/nio/fs/WindowsException'{0x000000008ff4f498}> (0x000000008ff4f498) 
thrown [s\src\hotspot\share\prims\jni.cpp, line 537]
Event: 69.200 Thread 0x000001d167bf41b0 Exception <a 'sun/nio/fs/WindowsException'{0x00000000903754c0}> (0x00000000903754c0) 
thrown [s\src\hotspot\share\prims\jni.cpp, line 537]
Event: 69.201 Thread 0x000001d167bf4ed0 Exception <a 'sun/nio/fs/WindowsException'{0x000000008f100f10}> (0x000000008f100f10) 
thrown [s\src\hotspot\share\prims\jni.cpp, line 537]
Event: 69.815 Thread 0x000001d167bf41b0 Exception <a 'sun/nio/fs/WindowsException'{0x0000000098472068}> (0x0000000098472068) 
thrown [s\src\hotspot\share\prims\jni.cpp, line 537]
Event: 69.940 Thread 0x000001d167bf8350 Exception <a 'sun/nio/fs/WindowsException'{0x0000000096327f90}> (0x0000000096327f90) 
thrown [s\src\hotspot\share\prims\jni.cpp, line 537]
Event: 70.123 Thread 0x000001d167bfaab0 Exception <a 'sun/nio/fs/WindowsException'{0x0000000093b1cee8}> (0x0000000093b1cee8) 
thrown [s\src\hotspot\share\prims\jni.cpp, line 537]
Event: 70.188 Thread 0x000001d167bfaab0 Exception <a 'sun/nio/fs/WindowsException'{0x00000000933b5510}> (0x00000000933b5510) 
thrown [s\src\hotspot\share\prims\jni.cpp, line 537]
Event: 70.369 Thread 0x000001d167bfaab0 Exception <a 'java/lang/NoSuchMethodError'{0x0000000090809de0}: 'void java.lang.invoke.DirectMethodHandle$Holder.invokeSpecialIFC(java.lang.Object, java.lang.Object, java.lang.Object, java.lang.Object)'> (0x0000000090809de0) 
thrown [s\src\hotspot\share\interpreter\linkResolver.cpp, line 784]
Event: 70.672 Thread 0x000001d167bf41b0 Exception <a 'sun/nio/fs/WindowsException'{0x000000009773f988}> (0x000000009773f988) 
thrown [s\src\hotspot\share\prims\jni.cpp, line 537]
Event: 71.355 Thread 0x000001d167bf8350 Exception <a 'sun/nio/fs/WindowsException'{0x0000000098df4070}> (0x0000000098df4070) 
thrown [s\src\hotspot\share\prims\jni.cpp, line 537]
Event: 71.691 Thread 0x000001d167bfaab0 Implicit null exception at 0x000001d154949e80 to 0x000001d154949fec
Event: 72.016 Thread 0x000001d167bfaab0 Exception <a 'sun/nio/fs/WindowsException'{0x000000009183b450}> (0x000000009183b450) 
thrown [s\src\hotspot\share\prims\jni.cpp, line 537]

ZGC Phase Switch (0 events):
No events

VM Operations (20 events):
Event: 68.830 Executing VM operation: HandshakeAllThreads (Deoptimize) done
Event: 68.997 Executing VM operation: ICBufferFull
Event: 68.997 Executing VM operation: ICBufferFull done
Event: 68.998 Executing VM operation: ICBufferFull
Event: 68.998 Executing VM operation: ICBufferFull done
Event: 69.138 Executing VM operation: HandshakeAllThreads (Deoptimize)
Event: 69.138 Executing VM operation: HandshakeAllThreads (Deoptimize) done
Event: 69.356 Executing VM operation: G1CollectForAllocation (G1 Evacuation Pause)
Event: 69.392 Executing VM operation: G1CollectForAllocation (G1 Evacuation Pause) done
Event: 69.938 Executing VM operation: ICBufferFull
Event: 69.938 Executing VM operation: ICBufferFull done
Event: 70.385 Executing VM operation: HandshakeAllThreads (Deoptimize)
Event: 70.386 Executing VM operation: HandshakeAllThreads (Deoptimize) done
Event: 70.444 Executing VM operation: G1CollectForAllocation (G1 Evacuation Pause)
Event: 70.462 Executing VM operation: G1CollectForAllocation (G1 Evacuation Pause) done
Event: 71.084 Executing VM operation: G1CollectForAllocation (G1 Evacuation Pause)
Event: 71.150 Executing VM operation: G1CollectForAllocation (G1 Evacuation Pause) done
Event: 71.939 Executing VM operation: ICBufferFull
Event: 71.988 Executing VM operation: ICBufferFull done
Event: 72.192 Executing VM operation: G1CollectForAllocation (G1 Evacuation Pause)

Memory protections (0 events):
No events

Nmethod flushes (20 events):
Event: 61.877 Thread 0x000001d160908020 flushing  nmethod 0x000001d14dedab90
Event: 61.877 Thread 0x000001d160908020 flushing  nmethod 0x000001d14dedb210
Event: 61.877 Thread 0x000001d160908020 flushing  nmethod 0x000001d14dedb810
Event: 61.877 Thread 0x000001d160908020 flushing  nmethod 0x000001d14deec410
Event: 61.877 Thread 0x000001d160908020 flushing  nmethod 0x000001d14df94690
Event: 61.877 Thread 0x000001d160908020 flushing  nmethod 0x000001d14df94a10
Event: 61.877 Thread 0x000001d160908020 flushing  nmethod 0x000001d14df95290
Event: 61.877 Thread 0x000001d160908020 flushing  nmethod 0x000001d14df95a90
Event: 61.877 Thread 0x000001d160908020 flushing  nmethod 0x000001d14df96190
Event: 61.877 Thread 0x000001d160908020 flushing  nmethod 0x000001d14df96890
Event: 61.877 Thread 0x000001d160908020 flushing  nmethod 0x000001d14df97590
Event: 61.877 Thread 0x000001d160908020 flushing  nmethod 0x000001d14df98890
Event: 61.877 Thread 0x000001d160908020 flushing  nmethod 0x000001d14df98f90
Event: 61.877 Thread 0x000001d160908020 flushing  nmethod 0x000001d14df99690
Event: 61.877 Thread 0x000001d160908020 flushing  nmethod 0x000001d14df9a290
Event: 61.877 Thread 0x000001d160908020 flushing  nmethod 0x000001d14dfdae10
Event: 61.877 Thread 0x000001d160908020 flushing  nmethod 0x000001d14dffc290
Event: 61.877 Thread 0x000001d160908020 flushing  nmethod 0x000001d14e000910
Event: 61.877 Thread 0x000001d160908020 flushing  nmethod 0x000001d14e230810
Event: 61.877 Thread 0x000001d160908020 flushing  nmethod 0x000001d14e244110

Events (20 events):
Event: 41.918 Thread 0x000001d16a2d5be0 Thread added: 0x000001d1713ccb50
Event: 41.918 Thread 0x000001d16a2d5be0 Thread added: 0x000001d1713cd870
Event: 44.014 Thread 0x000001d16a562a20 Thread exited: 0x000001d16a562a20
Event: 44.594 Thread 0x000001d16a2d5be0 Thread added: 0x000001d1713d20a0
Event: 44.597 Thread 0x000001d16a2d5be0 Thread added: 0x000001d1713cb110
Event: 44.597 Thread 0x000001d16a2d5be0 Thread added: 0x000001d1713d2730
Event: 44.598 Thread 0x000001d16a2d5be0 Thread added: 0x000001d1713cc4c0
Event: 44.598 Thread 0x000001d16a2d5be0 Thread added: 0x000001d1713cd1e0
Event: 44.599 Thread 0x000001d16a2d5be0 Thread added: 0x000001d1713cdf00
Event: 44.599 Thread 0x000001d16a2d5be0 Thread added: 0x000001d1713ce590
Event: 46.330 Thread 0x000001d16a2d6900 Thread added: 0x000001d1713cf2b0
Event: 46.331 Thread 0x000001d16a2d6900 Thread added: 0x000001d1713cf940
Event: 46.331 Thread 0x000001d16a2d6900 Thread added: 0x000001d16a0fb8d0
Event: 46.331 Thread 0x000001d16a2d6900 Thread added: 0x000001d16a0f7730
Event: 46.332 Thread 0x000001d16a2d6900 Thread added: 0x000001d168fb1dc0
Event: 46.332 Thread 0x000001d16a2d6900 Thread added: 0x000001d167bf9d90
Event: 46.333 Thread 0x000001d16a2d6900 Thread added: 0x000001d165d55a30
Event: 49.757 Thread 0x000001d16a2d7cb0 Thread added: 0x000001d165dfe4d0
Event: 49.757 Thread 0x000001d16a2d7cb0 Thread added: 0x000001d165e005a0
Event: 49.758 Thread 0x000001d16a2d7cb0 Thread added: 0x000001d165dfeb60


Dynamic libraries:
0x00007ff7b1eb0000 - 0x00007ff7b1eba000 	C:\Program Files\Common Files\Android\Android Studio\jbr\bin\java.exe
0x00007ffdd5d30000 - 0x00007ffdd5f28000 	C:\Windows\SYSTEM32\ntdll.dll
0x00007ffdd5950000 - 0x00007ffdd5a12000 	C:\Windows\System32\KERNEL32.DLL
0x00007ffdd3680000 - 0x00007ffdd3976000 	C:\Windows\System32\KERNELBASE.dll
0x00007ffdd3be0000 - 0x00007ffdd3ce0000 	C:\Windows\System32\ucrtbase.dll
0x00007ffdc6d30000 - 0x00007ffdc6d4b000 	C:\Program Files\Common Files\Android\Android Studio\jbr\bin\VCRUNTIME140.dll
0x00007ffdb7fc0000 - 0x00007ffdb7fd8000 	C:\Program Files\Common Files\Android\Android Studio\jbr\bin\jli.dll
0x00007ffdd42b0000 - 0x00007ffdd444d000 	C:\Windows\System32\USER32.dll
0x00007ffdbe710000 - 0x00007ffdbe9aa000 	C:\Windows\WinSxS\amd64_microsoft.windows.common-controls_6595b64144ccf1df_6.0.19041.5794_none_60bcd33171f2783c\COMCTL32.dll
0x00007ffdd3650000 - 0x00007ffdd3672000 	C:\Windows\System32\win32u.dll
0x00007ffdd3e10000 - 0x00007ffdd3eae000 	C:\Windows\System32\msvcrt.dll
0x00007ffdd45c0000 - 0x00007ffdd45eb000 	C:\Windows\System32\GDI32.dll
0x00007ffdd33d0000 - 0x00007ffdd34ea000 	C:\Windows\System32\gdi32full.dll
0x00007ffdd3980000 - 0x00007ffdd3a1d000 	C:\Windows\System32\msvcp_win.dll
0x00007ffdd3eb0000 - 0x00007ffdd3edf000 	C:\Windows\System32\IMM32.DLL
0x00007ffdbb270000 - 0x00007ffdbb27c000 	C:\Program Files\Common Files\Android\Android Studio\jbr\bin\vcruntime140_1.dll
0x00007ffda19b0000 - 0x00007ffda1a3d000 	C:\Program Files\Common Files\Android\Android Studio\jbr\bin\msvcp140.dll
0x00007ffda5840000 - 0x00007ffda64d6000 	C:\Program Files\Common Files\Android\Android Studio\jbr\bin\server\jvm.dll
0x00007ffdd5390000 - 0x00007ffdd543f000 	C:\Windows\System32\ADVAPI32.dll
0x00007ffdd5440000 - 0x00007ffdd54df000 	C:\Windows\System32\sechost.dll
0x00007ffdd5ae0000 - 0x00007ffdd5c03000 	C:\Windows\System32\RPCRT4.dll
0x00007ffdd3ce0000 - 0x00007ffdd3d07000 	C:\Windows\System32\bcrypt.dll
0x00007ffdd4240000 - 0x00007ffdd42ab000 	C:\Windows\System32\WS2_32.dll
0x00007ffdd2910000 - 0x00007ffdd295b000 	C:\Windows\SYSTEM32\POWRPROF.dll
0x00007ffdcbcb0000 - 0x00007ffdcbcba000 	C:\Windows\SYSTEM32\VERSION.dll
0x00007ffdbd910000 - 0x00007ffdbd937000 	C:\Windows\SYSTEM32\WINMM.dll
0x00007ffdd27d0000 - 0x00007ffdd27e2000 	C:\Windows\SYSTEM32\UMPDC.dll
0x00007ffdd1c40000 - 0x00007ffdd1c52000 	C:\Windows\SYSTEM32\kernel.appcore.dll
0x00007ffdbaa00000 - 0x00007ffdbaa0a000 	C:\Program Files\Common Files\Android\Android Studio\jbr\bin\jimage.dll
0x00007ffdcdf90000 - 0x00007ffdce191000 	C:\Windows\SYSTEM32\DBGHELP.DLL
0x00007ffdae2f0000 - 0x00007ffdae324000 	C:\Windows\SYSTEM32\dbgcore.DLL
0x00007ffdd3aa0000 - 0x00007ffdd3b22000 	C:\Windows\System32\bcryptPrimitives.dll
0x00007ffdbaf30000 - 0x00007ffdbaf3e000 	C:\Program Files\Common Files\Android\Android Studio\jbr\bin\instrument.dll
0x00007ffda6e80000 - 0x00007ffda6ea0000 	C:\Program Files\Common Files\Android\Android Studio\jbr\bin\java.dll
0x00007ffda6e60000 - 0x00007ffda6e78000 	C:\Program Files\Common Files\Android\Android Studio\jbr\bin\zip.dll
0x00007ffdd4c10000 - 0x00007ffdd537e000 	C:\Windows\System32\SHELL32.dll
0x00007ffdce2f0000 - 0x00007ffdcea93000 	C:\Windows\SYSTEM32\windows.storage.dll
0x00007ffdd3ee0000 - 0x00007ffdd4233000 	C:\Windows\System32\combase.dll
0x00007ffdd2e00000 - 0x00007ffdd2e2b000 	C:\Windows\SYSTEM32\Wldp.dll
0x00007ffdd44f0000 - 0x00007ffdd45bd000 	C:\Windows\System32\OLEAUT32.dll
0x00007ffdd4650000 - 0x00007ffdd46fd000 	C:\Windows\System32\SHCORE.dll
0x00007ffdd49d0000 - 0x00007ffdd4a25000 	C:\Windows\System32\shlwapi.dll
0x00007ffdd3300000 - 0x00007ffdd3325000 	C:\Windows\SYSTEM32\profapi.dll
0x00007ffdb1ed0000 - 0x00007ffdb1ee0000 	C:\Program Files\Common Files\Android\Android Studio\jbr\bin\net.dll
0x00007ffdcb8b0000 - 0x00007ffdcb9ba000 	C:\Windows\SYSTEM32\WINHTTP.dll
0x00007ffdd2b60000 - 0x00007ffdd2bcc000 	C:\Windows\system32\mswsock.dll
0x00007ffda5820000 - 0x00007ffda5836000 	C:\Program Files\Common Files\Android\Android Studio\jbr\bin\nio.dll
0x00007ffda6980000 - 0x00007ffda6990000 	C:\Program Files\Common Files\Android\Android Studio\jbr\bin\verify.dll
0x00007ffdb1f30000 - 0x00007ffdb1f57000 	C:\Users\Laptop_Store\.gradle\native\1def1411415f61bf3af743bc5b6707747c0891f09f0c88961ee8f79bc544acac\windows-amd64\native-platform.dll
0x00007ffd9eb50000 - 0x00007ffd9ebc8000 	C:\Users\Laptop_Store\.gradle\native\0.2.7\x86_64-windows-gnu\gradle-fileevents.dll
0x00007ffda6e50000 - 0x00007ffda6e59000 	C:\Program Files\Common Files\Android\Android Studio\jbr\bin\management.dll
0x00007ffda69a0000 - 0x00007ffda69ab000 	C:\Program Files\Common Files\Android\Android Studio\jbr\bin\management_ext.dll
0x00007ffdd5380000 - 0x00007ffdd5388000 	C:\Windows\System32\PSAPI.DLL
0x00007ffdd27f0000 - 0x00007ffdd282b000 	C:\Windows\SYSTEM32\IPHLPAPI.DLL
0x00007ffdd4ac0000 - 0x00007ffdd4ac8000 	C:\Windows\System32\NSI.dll
0x00007ffdcc380000 - 0x00007ffdcc389000 	C:\Program Files\Common Files\Android\Android Studio\jbr\bin\extnet.dll
0x00007ffdd2d60000 - 0x00007ffdd2d78000 	C:\Windows\SYSTEM32\CRYPTSP.dll
0x00007ffdd2410000 - 0x00007ffdd2448000 	C:\Windows\system32\rsaenh.dll
0x00007ffdd32c0000 - 0x00007ffdd32ee000 	C:\Windows\SYSTEM32\USERENV.dll
0x00007ffdd2d50000 - 0x00007ffdd2d5c000 	C:\Windows\SYSTEM32\CRYPTBASE.dll
0x00007ffdc9b10000 - 0x00007ffdc9b17000 	C:\Windows\system32\wshunix.dll
0x00007ffdd2660000 - 0x00007ffdd2693000 	C:\Windows\SYSTEM32\ntmarta.dll

JVMTI agents:
C:\Users\Laptop_Store\.gradle\wrapper\dists\gradle-8.13-bin\5xuhj0ry160q40clulazy9h7d\gradle-8.13\lib\agents\gradle-instrumentation-agent-8.13.jar path:C:\Program Files\Common Files\Android\Android Studio\jbr\bin\instrument.dll, loaded, initialized, instrumentlib options:none

dbghelp: loaded successfully - version: 4.0.5 - missing functions: none
symbol engine: initialized successfully - sym options: 0x614 - pdb path: .;C:\Program Files\Common Files\Android\Android Studio\jbr\bin;C:\Windows\SYSTEM32;C:\Windows\WinSxS\amd64_microsoft.windows.common-controls_6595b64144ccf1df_6.0.19041.5794_none_60bcd33171f2783c;C:\Program Files\Common Files\Android\Android Studio\jbr\bin\server;C:\Users\Laptop_Store\.gradle\native\1def1411415f61bf3af743bc5b6707747c0891f09f0c88961ee8f79bc544acac\windows-amd64;C:\Users\Laptop_Store\.gradle\native\0.2.7\x86_64-windows-gnu

VM Arguments:
jvm_args: --add-opens=java.base/java.lang=ALL-UNNAMED --add-opens=java.base/java.lang.invoke=ALL-UNNAMED --add-opens=java.base/java.util=ALL-UNNAMED --add-opens=java.prefs/java.util.prefs=ALL-UNNAMED --add-exports=jdk.compiler/com.sun.tools.javac.api=ALL-UNNAMED --add-exports=jdk.compiler/com.sun.tools.javac.util=ALL-UNNAMED --add-opens=java.base/java.util=ALL-UNNAMED --add-opens=java.prefs/java.util.prefs=ALL-UNNAMED --add-opens=java.base/java.nio.charset=ALL-UNNAMED --add-opens=java.base/java.net=ALL-UNNAMED --add-opens=java.base/java.util.concurrent.atomic=ALL-UNNAMED --add-opens=java.xml/javax.xml.namespace=ALL-UNNAMED -Xmx2048m -Dfile.encoding=UTF-8 -Duser.country=US -Duser.language=en -Duser.variant -javaagent:C:\Users\Laptop_Store\.gradle\wrapper\dists\gradle-8.13-bin\5xuhj0ry160q40clulazy9h7d\gradle-8.13\lib\agents\gradle-instrumentation-agent-8.13.jar 
java_command: org.gradle.launcher.daemon.bootstrap.GradleDaemon 8.13
java_class_path (initial): C:\Users\Laptop_Store\.gradle\wrapper\dists\gradle-8.13-bin\5xuhj0ry160q40clulazy9h7d\gradle-8.13\lib\gradle-daemon-main-8.13.jar
Launcher Type: SUN_STANDARD

[Global flags]
     intx CICompilerCount                          = 4                                         {product} {ergonomic}
     uint ConcGCThreads                            = 2                                         {product} {ergonomic}
     uint G1ConcRefinementThreads                  = 8                                         {product} {ergonomic}
   size_t G1HeapRegionSize                         = 1048576                                   {product} {ergonomic}
    uintx GCDrainStackTargetSize                   = 64                                        {product} {ergonomic}
   size_t InitialHeapSize                          = 132120576                                 {product} {ergonomic}
   size_t MarkStackSize                            = 4194304                                   {product} {ergonomic}
   size_t MaxHeapSize                              = 2147483648                                {product} {command line}
   size_t MaxNewSize                               = 1287651328                                {product} {ergonomic}
   size_t MinHeapDeltaBytes                        = 1048576                                   {product} {ergonomic}
   size_t MinHeapSize                              = 8388608                                   {product} {ergonomic}
    uintx NonNMethodCodeHeapSize                   = 5839372                                {pd product} {ergonomic}
    uintx NonProfiledCodeHeapSize                  = 122909434                              {pd product} {ergonomic}
    uintx ProfiledCodeHeapSize                     = 122909434                              {pd product} {ergonomic}
    uintx ReservedCodeCacheSize                    = 251658240                              {pd product} {ergonomic}
     bool SegmentedCodeCache                       = true                                      {product} {ergonomic}
   size_t SoftMaxHeapSize                          = 2147483648                             {manageable} {ergonomic}
     bool UseCompressedOops                        = true                           {product lp64_product} {ergonomic}
     bool UseG1GC                                  = true                                      {product} {ergonomic}
     bool UseLargePagesIndividualAllocation        = false                                  {pd product} {ergonomic}

Logging:
Log output configuration:
 #0: stdout all=warning uptime,level,tags foldmultilines=false
 #1: stderr all=off uptime,level,tags foldmultilines=false

Environment Variables:
PATH=C:\Program Files (x86)\Common Files\Oracle\Java\java8path;C:\Program Files (x86)\Common Files\Oracle\Java\javapath;C:\Windows\system32;C:\Windows;C:\Windows\System32\Wbem;C:\Windows\System32\WindowsPowerShell\v1.0\;C:\Windows\System32\OpenSSH\;C:\Program Files\Git\cmd;C:\Users\Laptop_Store\AppData\Local\Microsoft\WindowsApps
USERNAME=Laptop_Store
OS=Windows_NT
PROCESSOR_IDENTIFIER=Intel64 Family 6 Model 142 Stepping 10, GenuineIntel
TMP=C:\Users\LAPTOP~1\AppData\Local\Temp
TEMP=C:\Users\LAPTOP~1\AppData\Local\Temp




Periodic native trim disabled

JNI global refs:
JNI global refs: 28, weak refs: 254

JNI global refs memory usage: 835, weak refs: 3361

Process memory usage:
Resident Set Size: 624416K (7% of 8243648K total physical memory with 252280K free physical memory)

OOME stack traces (most recent first):
Classloader memory used:
Loader org.gradle.internal.classloader.VisitableURLClassLoader$InstrumentingVisitableURLClassLoader: 59106K
Loader org.gradle.internal.classloader.VisitableURLClassLoader                         : 44843K
Loader bootstrap                                                                       : 30537K
Loader org.gradle.initialization.MixInLegacyTypesClassLoader                           : 13078K
Loader jdk.internal.loader.ClassLoaders$PlatformClassLoader                            : 521K
Loader jdk.internal.reflect.DelegatingClassLoader                                      : 440K
Loader jdk.internal.loader.ClassLoaders$AppClassLoader                                 : 235K
Loader org.gradle.internal.classloader.VisitableURLClassLoader                         : 161K
Loader org.gradle.groovy.scripts.internal.DefaultScriptCompilationHandler$ScriptClassLoader: 137K
Loader org.codehaus.groovy.runtime.callsite.CallSiteClassLoader                        : 27480B

Classes loaded by more than one classloader:
Class Program                                                                         : loaded 5 times (x 72B)
Class Build_gradle                                                                    : loaded 3 times (x 130B)
Class Build_gradle$1                                                                  : loaded 3 times (x 74B)
Class com.google.common.collect.RegularImmutableMap$KeySet                            : loaded 2 times (x 152B)
Class org.gradle.internal.classloader.FilteringClassLoader                            : loaded 2 times (x 105B)
Class [Lcom.google.common.collect.MapMakerInternalMap$Segment;                        : loaded 2 times (x 69B)
Class com.google.common.io.FileWriteMode                                              : loaded 2 times (x 79B)
Class [Lcom.google.common.base.AbstractIterator$State;                                : loaded 2 times (x 69B)
Class com.google.common.base.CharMatcher$IsEither                                     : loaded 2 times (x 111B)
Class org.gradle.internal.classloader.ClassLoaderHierarchy                            : loaded 2 times (x 70B)
Class com.google.common.collect.AbstractMapBasedMultimap$WrappedCollection            : loaded 2 times (x 124B)
Class com.google.common.collect.ImmutableEnumSet                                      : loaded 2 times (x 146B)
Class com.google.common.util.concurrent.ExecutionError                                : loaded 2 times (x 82B)
Class com.google.common.collect.ImmutableList$1                                       : loaded 2 times (x 97B)
Class org.gradle.api.internal.classpath.ManifestUtil                                  : loaded 2 times (x 71B)
Class com.google.common.io.ByteArrayDataOutput                                        : loaded 2 times (x 70B)
Class com.google.common.collect.RegularImmutableMap                                   : loaded 2 times (x 121B)
Class com.google.common.collect.ImmutableMap$MapViewOfValuesAsSingletonSets           : loaded 2 times (x 126B)
Class com.google.common.collect.TransformedListIterator                               : loaded 2 times (x 93B)
Class [Lorg.objectweb.asm.Symbol;                                                     : loaded 2 times (x 69B)
Class org.objectweb.asm.ClassVisitor                                                  : loaded 2 times (x 88B)
Class com.google.common.collect.UnmodifiableListIterator                              : loaded 2 times (x 95B)
Class com.google.common.collect.MapMakerInternalMap$StrongKeyDummyValueEntry$LinkedStrongKeyDummyValueEntry: loaded 2 times (x 82B)
Class com.google.common.collect.MapMakerInternalMap$Strength                          : loaded 2 times (x 80B)
Class com.google.common.base.Platform$JdkPatternCompiler                              : loaded 2 times (x 75B)
Class org.objectweb.asm.MethodTooLargeException                                       : loaded 2 times (x 83B)
Class [Lcom.google.common.cache.CacheBuilder$OneWeigher;                              : loaded 2 times (x 69B)
Class com.google.common.base.Suppliers                                                : loaded 2 times (x 71B)
Class org.gradle.internal.classloader.DefaultClassLoaderFactory                       : loaded 2 times (x 82B)
Class com.google.common.io.ByteSource$ConcatenatedByteSource                          : loaded 2 times (x 85B)
Class [Lcom.google.common.collect.AbstractIterator$State;                             : loaded 2 times (x 69B)
Class com.google.common.base.CharMatcher$None                                         : loaded 2 times (x 112B)
Class org.gradle.internal.classloader.ClassLoaderVisitor                              : loaded 2 times (x 76B)
Class [Lcom.google.common.collect.ImmutableMapEntry;                                  : loaded 2 times (x 69B)
Class org.gradle.api.internal.classpath.EffectiveClassPath                            : loaded 2 times (x 90B)
Class com.google.common.collect.CollectSpliterators$1WithCharacteristics              : loaded 2 times (x 90B)
Class com.google.common.collect.ImmutableRangeSet                                     : loaded 2 times (x 115B)
Class com.google.common.collect.ListMultimap                                          : loaded 2 times (x 70B)
Class com.google.common.collect.ImmutableEnumMap                                      : loaded 2 times (x 126B)
Class com.google.common.collect.Iterators$EmptyModifiableIterator                     : loaded 2 times (x 86B)
Class com.google.common.base.Splitter                                                 : loaded 2 times (x 72B)
Class com.google.common.collect.Sets$1                                                : loaded 2 times (x 139B)
Class org.objectweb.asm.AnnotationVisitor                                             : loaded 2 times (x 78B)
Class org.gradle.api.internal.DefaultClassPathProvider                                : loaded 2 times (x 76B)
Class com.google.common.collect.MapMakerInternalMap$Strength$1                        : loaded 2 times (x 80B)
Class com.google.common.collect.Maps$ViewCachingAbstractMap                           : loaded 2 times (x 125B)
Class com.google.common.collect.Sets$2                                                : loaded 2 times (x 139B)
Class [Lorg.gradle.api.internal.ClassPathProvider;                                    : loaded 2 times (x 69B)
Class org.gradle.api.internal.ClassPathProvider                                       : loaded 2 times (x 70B)
Class com.google.common.collect.MapMakerInternalMap$Strength$2                        : loaded 2 times (x 80B)
Class com.google.common.base.AbstractIterator$State                                   : loaded 2 times (x 79B)
Class [Lorg.objectweb.asm.AnnotationVisitor;                                          : loaded 2 times (x 69B)
Class com.google.common.collect.Sets$3                                                : loaded 2 times (x 139B)
Class com.google.common.util.concurrent.AbstractFuture$SafeAtomicHelper               : loaded 2 times (x 79B)
Class com.google.common.cache.LocalCache$LocalLoadingCache                            : loaded 2 times (x 134B)
Class org.gradle.internal.service.UnknownServiceException                             : loaded 2 times (x 83B)
Class com.google.common.io.ByteArrayDataInput                                         : loaded 2 times (x 70B)
Class com.google.common.collect.MapMakerInternalMap$StrongValueEntry                  : loaded 2 times (x 70B)
Class com.google.common.collect.Sets$4                                                : loaded 2 times (x 139B)
Class org.objectweb.asm.ModuleVisitor                                                 : loaded 2 times (x 81B)
Class com.google.common.cache.LocalCache$Strength$1                                   : loaded 2 times (x 81B)
Class com.google.common.util.concurrent.SettableFuture                                : loaded 2 times (x 114B)
Class com.google.common.cache.LocalCache$Strength$2                                   : loaded 2 times (x 81B)
Class com.google.common.io.ByteStreams                                                : loaded 2 times (x 71B)
Class com.google.common.collect.Interners$InternerImpl                                : loaded 2 times (x 75B)
Class com.google.common.collect.Interner                                              : loaded 2 times (x 70B)
Class com.google.common.collect.TransformedIterator                                   : loaded 2 times (x 80B)
Class com.google.common.base.Splitter$1                                               : loaded 2 times (x 77B)
Class com.google.common.cache.LocalCache$Strength$3                                   : loaded 2 times (x 81B)
Class com.google.common.collect.MapDifference                                         : loaded 2 times (x 70B)
Class com.google.common.collect.MapMaker$Dummy                                        : loaded 2 times (x 79B)
Class org.objectweb.asm.FieldWriter                                                   : loaded 2 times (x 78B)
Class com.google.common.cache.CacheBuilder$NullListener                               : loaded 2 times (x 82B)
Class org.gradle.internal.classpath.TransformedClassPath                              : loaded 2 times (x 96B)
Class org.gradle.internal.classloader.InstrumentingClassLoader                        : loaded 2 times (x 70B)
Class com.google.common.collect.ImmutableListMultimap                                 : loaded 2 times (x 176B)
Class com.google.common.collect.ImmutableRangeSet$AsSet                               : loaded 2 times (x 300B)
Class com.google.common.cache.CacheLoader$FunctionToCacheLoader                       : loaded 2 times (x 75B)
Class com.google.common.collect.Iterators$ArrayItr                                    : loaded 2 times (x 97B)
Class com.google.common.collect.ImmutableCollection$Builder                           : loaded 2 times (x 76B)
Class ijJvmDebugger1_1xmetagh0zzfu3fni9z64hmfq                                        : loaded 2 times (x 179B)
Class com.google.common.collect.EmptyImmutableListMultimap                            : loaded 2 times (x 176B)
Class com.google.common.collect.BaseImmutableMultimap                                 : loaded 2 times (x 123B)
Class com.google.common.base.Joiner                                                   : loaded 2 times (x 79B)
Class com.google.common.base.MoreObjects                                              : loaded 2 times (x 71B)
Class com.google.common.collect.Platform                                              : loaded 2 times (x 71B)
Class [Lorg.objectweb.asm.Type;                                                       : loaded 2 times (x 69B)
Class com.google.common.collect.UnmodifiableIterator                                  : loaded 2 times (x 80B)
Class org.gradle.internal.service.ServiceLocator                                      : loaded 2 times (x 70B)
Class com.google.common.base.Ascii                                                    : loaded 2 times (x 71B)
Class com.google.common.collect.SingletonImmutableBiMap                               : loaded 2 times (x 143B)
Class com.google.common.cache.LocalCache$1                                            : loaded 2 times (x 89B)
Class com.google.common.collect.AbstractMapEntry                                      : loaded 2 times (x 81B)
Class com.google.common.io.ByteSource$ByteArrayByteSource                             : loaded 2 times (x 85B)
Class com.google.common.collect.MapMakerInternalMap$AbstractStrongKeyEntry            : loaded 2 times (x 80B)
Class com.google.common.collect.Sets$ImprovedAbstractSet                              : loaded 2 times (x 135B)
Class com.google.common.collect.ImmutableList$Builder                                 : loaded 2 times (x 77B)
Class com.google.common.collect.AbstractMultimap                                      : loaded 2 times (x 123B)
Class com.google.common.cache.LocalCache$2                                            : loaded 2 times (x 142B)
Class com.google.common.collect.ImmutableRangeSet$1                                   : loaded 2 times (x 210B)
Class com.google.common.util.concurrent.AbstractFuture$UnsafeAtomicHelper$1           : loaded 2 times (x 76B)
Class com.google.common.collect.RegularImmutableAsList                                : loaded 2 times (x 217B)
Class com.google.common.base.Optional                                                 : loaded 2 times (x 80B)
Class com.google.common.collect.Range                                                 : loaded 2 times (x 87B)
Class com.google.common.util.concurrent.AbstractFuture$Trusted                        : loaded 2 times (x 70B)
Class com.google.common.collect.Iterators                                             : loaded 2 times (x 71B)
Class com.google.common.io.ByteSink$AsCharSink                                        : loaded 2 times (x 80B)
Class com.google.common.collect.Lists$StringAsImmutableList                           : loaded 2 times (x 207B)
Class com.google.common.util.concurrent.UncheckedExecutionException                   : loaded 2 times (x 82B)
Class org.gradle.kotlin.dsl.VersionCatalogAccessorsKt                                 : loaded 2 times (x 71B)
Class org.gradle.internal.InternalTransformer                                         : loaded 2 times (x 70B)
Class com.google.common.collect.AbstractMapBasedMultimap$KeySet$1                     : loaded 2 times (x 82B)
Class org.objectweb.asm.ClassWriter                                                   : loaded 2 times (x 106B)
Class com.google.common.base.CharMatcher$And                                          : loaded 2 times (x 112B)
Class com.google.common.cache.CacheLoader$UnsupportedLoadingOperationException        : loaded 2 times (x 82B)
Class org.gradle.internal.classloader.ClasspathUtil$1                                 : loaded 2 times (x 76B)
Class com.google.common.base.Objects                                                  : loaded 2 times (x 71B)
Class org.objectweb.asm.FieldVisitor                                                  : loaded 2 times (x 77B)
Class com.google.common.collect.IndexedImmutableSet                                   : loaded 2 times (x 152B)
Class com.google.common.collect.ImmutableMap$1                                        : loaded 2 times (x 81B)
Class com.google.common.collect.BiMap                                                 : loaded 2 times (x 70B)
Class org.gradle.api.internal.classpath.DefaultModuleRegistry$DefaultModule           : loaded 2 times (x 86B)
Class com.google.common.base.Equivalence$Identity                                     : loaded 2 times (x 82B)
Class com.google.common.primitives.Ints                                               : loaded 2 times (x 71B)
Class com.google.common.collect.AbstractIterator                                      : loaded 2 times (x 82B)
Class com.google.common.collect.ObjectArrays                                          : loaded 2 times (x 71B)
Class com.google.common.collect.Multiset                                              : loaded 2 times (x 70B)
Class com.google.common.collect.ArrayListMultimapGwtSerializationDependencies         : loaded 2 times (x 172B)
Class com.google.common.collect.AbstractIndexedListIterator                           : loaded 2 times (x 96B)
Class com.google.common.math.MathPreconditions                                        : loaded 2 times (x 71B)
Class com.google.common.collect.ImmutableMapEntrySet                                  : loaded 2 times (x 152B)
Class org.gradle.api.internal.classpath.Module                                        : loaded 2 times (x 70B)
Class com.google.common.cache.Weigher                                                 : loaded 2 times (x 70B)
Class org.gradle.api.internal.classpath.UnknownModuleException                        : loaded 2 times (x 82B)
Class com.google.common.base.Stopwatch                                                : loaded 2 times (x 72B)
Class com.google.common.cache.LocalCache$Strength                                     : loaded 2 times (x 81B)
Class com.google.common.cache.Cache                                                   : loaded 2 times (x 70B)
Class com.google.common.io.AppendableWriter                                           : loaded 2 times (x 100B)
Class com.google.common.base.NullnessCasts                                            : loaded 2 times (x 71B)
Class com.google.common.io.Files$2                                                    : loaded 2 times (x 76B)
Class com.google.common.util.concurrent.AbstractFuture$Cancellation                   : loaded 2 times (x 72B)
Class com.google.common.collect.ImmutableMap$Builder                                  : loaded 2 times (x 82B)
Class com.google.common.base.Present                                                  : loaded 2 times (x 81B)
Class com.google.common.collect.AbstractMapBasedMultimap$WrappedCollection$WrappedIterator: loaded 2 times (x 84B)
Class com.google.common.cache.RemovalListener                                         : loaded 2 times (x 70B)
Class org.gradle.api.internal.DefaultClassPathRegistry                                : loaded 2 times (x 76B)
Class com.google.common.collect.ImmutableMultimap$Keys                                : loaded 2 times (x 166B)
Class com.google.common.primitives.IntsMethodsForWeb                                  : loaded 2 times (x 71B)
Class com.google.common.collect.Multimap                                              : loaded 2 times (x 70B)
Class org.gradle.api.internal.ClassPathRegistry                                       : loaded 2 times (x 70B)
Class org.gradle.internal.classpath.DefaultClassPath$ImmutableUniqueList              : loaded 2 times (x 199B)
Class com.google.common.collect.NullnessCasts                                         : loaded 2 times (x 71B)
Class com.google.common.collect.MapMakerInternalMap$Segment                           : loaded 2 times (x 142B)
Class com.google.common.base.ExtraObjectsMethodsForWeb                                : loaded 2 times (x 71B)
Class com.google.common.base.PairwiseEquivalence                                      : loaded 2 times (x 83B)
Class com.google.common.io.ByteSink                                                   : loaded 2 times (x 76B)
Class com.google.common.cache.CacheBuilder                                            : loaded 2 times (x 72B)
Class com.google.common.collect.SingletonImmutableList                                : loaded 2 times (x 207B)
Class Settings_gradle$1                                                               : loaded 2 times (x 74B)
Class org.gradle.internal.classpath.ClassPath                                         : loaded 2 times (x 70B)
Class org.gradle.api.UncheckedIOException                                             : loaded 2 times (x 82B)
Class com.google.common.collect.Interners$InternerBuilder                             : loaded 2 times (x 76B)
Class com.google.common.io.Files$FileByteSource                                       : loaded 2 times (x 85B)
Class com.google.common.base.JdkPattern                                               : loaded 2 times (x 75B)
Class com.google.common.collect.ImmutableList$ReverseImmutableList                    : loaded 2 times (x 209B)
Class ijKotlinCoroutineJvmDebugInit1_f2xb91z8bjt99qyrcjg9y4vw3$_run_closure1$_closure2: loaded 2 times (x 139B)
Class com.google.common.io.CharStreams$NullWriter                                     : loaded 2 times (x 99B)
Class org.objectweb.asm.SymbolTable$Entry                                             : loaded 2 times (x 74B)
Class com.google.common.util.concurrent.AbstractFuture$AtomicHelper                   : loaded 2 times (x 78B)
Class org.objectweb.asm.Edge                                                          : loaded 2 times (x 72B)
Class com.google.common.base.Suppliers$SupplierOfInstance                             : loaded 2 times (x 79B)
Class com.google.common.collect.Iterators$1                                           : loaded 2 times (x 81B)
Class com.google.common.cache.LocalCache$ComputingValueReference                      : loaded 2 times (x 96B)
Class com.google.common.collect.SingletonImmutableSet                                 : loaded 2 times (x 146B)
Class com.google.common.collect.ImmutableMap$IteratorBasedImmutableMap                : loaded 2 times (x 126B)
Class com.google.common.cache.LocalCache$Segment                                      : loaded 2 times (x 154B)
Class [Lcom.google.common.base.Supplier;                                              : loaded 2 times (x 69B)
Class com.google.common.collect.SortedIterable                                        : loaded 2 times (x 70B)
Class com.google.common.collect.AbstractListMultimap                                  : loaded 2 times (x 172B)
Class [Lorg.objectweb.asm.SymbolTable$Entry;                                          : loaded 2 times (x 69B)
Class com.google.common.cache.CacheLoader                                             : loaded 2 times (x 74B)
Class com.google.common.collect.Iterators$4                                           : loaded 2 times (x 82B)
Class com.google.common.collect.ImmutableBiMap                                        : loaded 2 times (x 143B)
Class org.gradle.internal.installation.GradleInstallation$1                           : loaded 2 times (x 75B)
Class org.gradle.api.internal.classpath.ModuleRegistry                                : loaded 2 times (x 70B)
Class com.google.common.base.Splitter$SplittingIterator                               : loaded 2 times (x 84B)
Class com.google.common.util.concurrent.internal.InternalFutureFailureAccess          : loaded 2 times (x 72B)
Class com.google.common.collect.Iterators$5                                           : loaded 2 times (x 82B)
Class com.google.common.collect.ImmutableSet$JdkBackedSetBuilderImpl                  : loaded 2 times (x 76B)
Class com.google.common.collect.ImmutableMultimap$Values                              : loaded 2 times (x 126B)
Class com.google.common.util.concurrent.AbstractFuture$UnsafeAtomicHelper             : loaded 2 times (x 78B)
Class com.google.common.base.CharMatcher$ForPredicate                                 : loaded 2 times (x 112B)
Class com.google.common.cache.LocalCache$LocalManualCache$1                           : loaded 2 times (x 75B)
Class com.google.common.base.CharMatcher$AnyOf                                        : loaded 2 times (x 112B)
Class com.google.common.collect.ImmutableCollection                                   : loaded 2 times (x 125B)
Class org.gradle.api.internal.classpath.DefaultModuleRegistry                         : loaded 2 times (x 86B)
Class com.google.common.collect.Lists                                                 : loaded 2 times (x 71B)
Class com.google.common.util.concurrent.ListenableFuture                              : loaded 2 times (x 70B)
Class com.google.common.cache.ReferenceEntry                                          : loaded 2 times (x 70B)
Class com.google.common.base.Converter                                                : loaded 2 times (x 90B)
Class com.google.common.collect.ImmutableSet$CachingAsList                            : loaded 2 times (x 148B)
Class com.google.common.collect.AbstractMapBasedMultimap                              : loaded 2 times (x 139B)
Class com.google.common.util.concurrent.AbstractFuture                                : loaded 2 times (x 106B)
Class com.google.common.base.FunctionalEquivalence                                    : loaded 2 times (x 83B)
Class com.google.common.collect.Iterators$9                                           : loaded 2 times (x 81B)
Class com.google.common.collect.ImmutableAsList                                       : loaded 2 times (x 209B)
Class com.google.common.io.CharStreams                                                : loaded 2 times (x 71B)
Class com.google.common.collect.ImmutableMultiset                                     : loaded 2 times (x 163B)
Class org.objectweb.asm.RecordComponentVisitor                                        : loaded 2 times (x 77B)
Class com.google.common.cache.CacheLoader$SupplierToCacheLoader                       : loaded 2 times (x 75B)
Class com.google.common.collect.Maps$EntryTransformer                                 : loaded 2 times (x 70B)
Class org.gradle.internal.service.ServiceLookupException                              : loaded 2 times (x 82B)
Class com.google.common.base.CharMatcher$JavaLetter                                   : loaded 2 times (x 111B)
Class com.google.common.collect.ImmutableSortedSet                                    : loaded 2 times (x 300B)
Class [Lcom.google.common.cache.LocalCache$EntryFactory;                              : loaded 2 times (x 69B)
Class org.gradle.internal.classloader.ClassLoaderFactory                              : loaded 2 times (x 70B)
Class com.google.common.collect.ImmutableMap$SerializedForm                           : loaded 2 times (x 73B)
Class com.google.common.base.CommonPattern                                            : loaded 2 times (x 74B)
Class com.google.common.base.CharMatcher$IsNot                                        : loaded 2 times (x 111B)
Class com.google.common.cache.LocalCache$LocalManualCache                             : loaded 2 times (x 99B)
Class org.gradle.internal.service.CachingServiceLocator                               : loaded 2 times (x 82B)
Class com.google.common.collect.RegularImmutableSortedSet                             : loaded 2 times (x 300B)
Class com.google.common.collect.AbstractMapBasedMultimap$KeySet                       : loaded 2 times (x 137B)
Class com.google.common.math.IntMath                                                  : loaded 2 times (x 71B)
Class com.google.common.collect.MapMakerInternalMap$InternalEntry                     : loaded 2 times (x 70B)
Class com.google.common.collect.ImmutableMapEntry                                     : loaded 2 times (x 85B)
Class com.google.common.collect.ImmutableMultimap                                     : loaded 2 times (x 147B)
Class com.google.common.base.Equivalence                                              : loaded 2 times (x 82B)
Class com.google.common.base.Function                                                 : loaded 2 times (x 70B)
Class com.google.common.collect.ImmutableMapEntry$NonTerminalImmutableMapEntry        : loaded 2 times (x 85B)
Class ijKotlinCoroutineJvmDebugInit1_f2xb91z8bjt99qyrcjg9y4vw3                        : loaded 2 times (x 179B)
Class com.google.common.collect.IndexedImmutableSet$1                                 : loaded 2 times (x 213B)
Class com.google.common.cache.CacheBuilder$OneWeigher                                 : loaded 2 times (x 82B)
Class com.google.common.collect.RegularImmutableList                                  : loaded 2 times (x 213B)
Class org.gradle.internal.classloader.ClasspathUtil                                   : loaded 2 times (x 71B)
Class com.google.common.base.Charsets                                                 : loaded 2 times (x 71B)
Class com.google.common.util.concurrent.Uninterruptibles                              : loaded 2 times (x 71B)
Class com.google.common.io.CharSource                                                 : loaded 2 times (x 85B)
Class com.google.common.collect.Maps                                                  : loaded 2 times (x 71B)
Class org.gradle.api.specs.Spec                                                       : loaded 2 times (x 70B)
Class com.google.common.collect.MapMaker                                              : loaded 2 times (x 72B)
Class [Lcom.google.common.collect.ImmutableEntry;                                     : loaded 2 times (x 69B)
Class com.google.common.cache.LocalCache$LoadingValueReference                        : loaded 2 times (x 96B)
Class com.google.common.base.Absent                                                   : loaded 2 times (x 80B)
Class com.google.common.io.LineReader$1                                               : loaded 2 times (x 75B)
Class com.google.common.collect.CollectSpliterators                                   : loaded 2 times (x 71B)
Class com.google.common.collect.AbstractMapBasedMultimap$AsMap                        : loaded 2 times (x 128B)
Class com.google.common.collect.MapMakerInternalMap$StrongKeyDummyValueEntry          : loaded 2 times (x 82B)
Class com.google.common.base.Platform                                                 : loaded 2 times (x 71B)
Class ijJvmDebugger1_1xmetagh0zzfu3fni9z64hmfq$_run_closure1                          : loaded 2 times (x 139B)
Class com.google.common.collect.AbstractMapBasedMultimap$WrappedList                  : loaded 2 times (x 205B)
Class [Lorg.objectweb.asm.AnnotationWriter;                                           : loaded 2 times (x 69B)
Class com.google.common.collect.Maps$8                                                : loaded 2 times (x 82B)
Class [Lcom.google.common.collect.Iterators$EmptyModifiableIterator;                  : loaded 2 times (x 69B)
Class com.google.common.collect.ImmutableRangeSet$Builder                             : loaded 2 times (x 77B)
Class com.google.common.collect.Sets$SetView                                          : loaded 2 times (x 138B)
Class com.google.common.cache.LocalCache$StrongValueReference                         : loaded 2 times (x 90B)
Class com.google.common.util.concurrent.AbstractFuture$SynchronizedHelper             : loaded 2 times (x 78B)
Class com.google.common.graph.SuccessorsFunction                                      : loaded 2 times (x 70B)
Class org.objectweb.asm.Type                                                          : loaded 2 times (x 72B)
Class org.gradle.internal.classloader.VisitableURLClassLoader$InstrumentingVisitableURLClassLoader: loaded 2 times (x 123B)
Class com.google.common.collect.MapMakerInternalMap$StrongKeyDummyValueEntry$Helper   : loaded 2 times (x 79B)
Class com.google.common.io.Files$FileByteSink                                         : loaded 2 times (x 77B)
Class org.objectweb.asm.ByteVector                                                    : loaded 2 times (x 79B)
Class [Lcom.google.common.cache.CacheBuilder$NullListener;                            : loaded 2 times (x 69B)
Class com.google.common.math.IntMath$1                                                : loaded 2 times (x 71B)
Class org.gradle.internal.classloader.VisitableURLClassLoader$Spec                    : loaded 2 times (x 74B)
Class org.gradle.internal.classpath.DefaultClassPath                                  : loaded 2 times (x 90B)
Class com.google.common.base.AbstractIterator                                         : loaded 2 times (x 80B)
Class org.objectweb.asm.Symbol                                                        : loaded 2 times (x 73B)
Class com.google.common.io.Java8Compatibility                                         : loaded 2 times (x 71B)
Class com.google.common.io.Closer                                                     : loaded 2 times (x 78B)
Class com.google.common.base.CharMatcher$Ascii                                        : loaded 2 times (x 112B)
Class com.google.common.base.CharMatcher$BitSetMatcher                                : loaded 2 times (x 112B)
Class com.google.common.collect.RegularImmutableMap$Values                            : loaded 2 times (x 207B)
Class com.google.common.collect.ImmutableSet                                          : loaded 2 times (x 145B)
Class org.gradle.internal.classloader.ClassLoaderSpec                                 : loaded 2 times (x 71B)
Class com.google.common.io.ByteSource$EmptyByteSource                                 : loaded 2 times (x 85B)
Class org.objectweb.asm.AnnotationWriter                                              : loaded 2 times (x 79B)
Class com.google.common.cache.CacheStats                                              : loaded 2 times (x 71B)
Class com.google.common.collect.ImmutableMultisetGwtSerializationDependencies         : loaded 2 times (x 125B)
Class com.google.common.collect.Interners                                             : loaded 2 times (x 71B)
Class com.google.common.io.Closer$Suppressor                                          : loaded 2 times (x 70B)
Class com.google.common.io.LineProcessor                                              : loaded 2 times (x 70B)
Class org.objectweb.asm.RecordComponentWriter                                         : loaded 2 times (x 78B)
Class com.google.common.util.concurrent.AbstractFuture$Listener                       : loaded 2 times (x 72B)
Class com.google.common.base.CharMatcher$Or                                           : loaded 2 times (x 112B)
Class Settings_gradle$1$1                                                             : loaded 2 times (x 74B)
Class org.objectweb.asm.Attribute                                                     : loaded 2 times (x 77B)
Class com.google.common.base.Supplier                                                 : loaded 2 times (x 70B)
Class org.gradle.internal.classloader.VisitableURLClassLoader                         : loaded 2 times (x 117B)
Class com.google.common.collect.ImmutableList$SerializedForm                          : loaded 2 times (x 73B)
Class com.google.common.util.concurrent.AbstractFuture$Waiter                         : loaded 2 times (x 72B)
Class Settings_gradle                                                                 : loaded 2 times (x 128B)
Class org.gradle.internal.Cast                                                        : loaded 2 times (x 71B)
Class org.gradle.api.Action                                                           : loaded 2 times (x 70B)
Class com.google.common.collect.MapMakerInternalMap                                   : loaded 2 times (x 161B)
Class com.google.common.base.Strings                                                  : loaded 2 times (x 71B)
Class com.google.common.collect.Sets                                                  : loaded 2 times (x 71B)
Class org.objectweb.asm.Handler                                                       : loaded 2 times (x 72B)
Class com.google.common.base.CharMatcher$FastMatcher                                  : loaded 2 times (x 111B)
Class com.google.common.base.Ticker                                                   : loaded 2 times (x 72B)
Class [Lcom.google.common.cache.LocalCache$Segment;                                   : loaded 2 times (x 69B)
Class com.google.common.base.Predicate                                                : loaded 2 times (x 70B)
Class [Lcom.google.common.cache.LocalCache$Strength;                                  : loaded 2 times (x 69B)
Class com.google.common.cache.CacheBuilder$1                                          : loaded 2 times (x 85B)
Class com.google.common.collect.ImmutableMap                                          : loaded 2 times (x 120B)
Class org.gradle.internal.classpath.DefaultClassPath$ImmutableUniqueList$Builder      : loaded 2 times (x 75B)
Class com.google.common.collect.MapMakerInternalMap$WeakValueReference                : loaded 2 times (x 70B)
Class com.google.common.collect.AbstractRangeSet                                      : loaded 2 times (x 114B)
Class com.google.common.base.CharMatcher$NegatedFastMatcher                           : loaded 2 times (x 113B)
Class com.google.common.cache.LocalCache                                              : loaded 2 times (x 187B)
Class com.google.common.cache.CacheBuilder$2                                          : loaded 2 times (x 79B)
Class com.google.common.collect.ArrayListMultimap                                     : loaded 2 times (x 172B)
Class com.google.common.cache.CacheBuilder$3                                          : loaded 2 times (x 72B)
Class [Lcom.google.common.collect.AbstractMapEntry;                                   : loaded 2 times (x 69B)
Class com.google.common.collect.ImmutableEntry                                        : loaded 2 times (x 82B)
Class org.gradle.api.GradleException                                                  : loaded 2 times (x 82B)
Class com.google.common.base.Suppliers$MemoizingSupplier                              : loaded 2 times (x 79B)
Class com.google.common.collect.CollectPreconditions                                  : loaded 2 times (x 71B)
Class [Lcom.google.common.collect.MapMakerInternalMap$Strength;                       : loaded 2 times (x 69B)
Class [Lcom.google.common.io.FileWriteMode;                                           : loaded 2 times (x 69B)
Class com.google.common.collect.SortedMapDifference                                   : loaded 2 times (x 70B)
Class com.google.common.collect.MapMakerInternalMap$StrongKeyDummyValueSegment        : loaded 2 times (x 142B)
Class com.google.common.io.Files                                                      : loaded 2 times (x 71B)
Class com.google.common.cache.LocalCache$EntryFactory                                 : loaded 2 times (x 83B)
Class [Lcom.google.common.collect.MapMaker$Dummy;                                     : loaded 2 times (x 69B)
Class com.google.common.base.CharMatcher$Whitespace                                   : loaded 2 times (x 112B)
Class com.google.common.base.Splitter$1$1                                             : loaded 2 times (x 86B)
Class com.google.common.cache.LocalCache$AbstractReferenceEntry                       : loaded 2 times (x 107B)
Class org.gradle.internal.IoActions                                                   : loaded 2 times (x 71B)
Class com.google.common.collect.ImmutableMapKeySet                                    : loaded 2 times (x 152B)
Class com.google.common.collect.ImmutableRangeSet$ComplementRanges                    : loaded 2 times (x 207B)
Class org.objectweb.asm.SymbolTable                                                   : loaded 2 times (x 72B)
Class com.google.common.cache.CacheLoader$InvalidCacheLoadException                   : loaded 2 times (x 82B)
Class com.google.common.collect.ImmutableSet$RegularSetBuilderImpl                    : loaded 2 times (x 77B)
Class org.gradle.internal.classloader.SystemClassLoaderSpec                           : loaded 2 times (x 71B)
Class com.google.common.cache.LocalCache$StrongEntry                                  : loaded 2 times (x 108B)
Class com.google.common.util.concurrent.AbstractFuture$TrustedFuture                  : loaded 2 times (x 114B)
Class com.google.common.cache.LoadingCache                                            : loaded 2 times (x 70B)
Class com.google.common.io.ByteStreams$LimitedInputStream                             : loaded 2 times (x 92B)
Class com.google.common.base.Suppliers$NonSerializableMemoizingSupplier               : loaded 2 times (x 79B)
Class org.objectweb.asm.MethodWriter                                                  : loaded 2 times (x 106B)
Class [Lcom.google.common.cache.Weigher;                                              : loaded 2 times (x 69B)
Class com.google.common.collect.RegularImmutableMap$BucketOverflowException           : loaded 2 times (x 82B)
Class com.google.common.collect.ImmutableMultimap$1                                   : loaded 2 times (x 82B)
Class com.google.common.collect.AbstractMapBasedMultimap$RandomAccessWrappedList      : loaded 2 times (x 205B)
Class com.google.common.collect.ImmutableMultimap$2                                   : loaded 2 times (x 81B)
Class com.google.common.collect.AbstractIterator$State                                : loaded 2 times (x 79B)
Class com.google.common.collect.RegularImmutableBiMap                                 : loaded 2 times (x 149B)
Class com.google.common.base.CharMatcher$Negated                                      : loaded 2 times (x 113B)
Class com.google.common.base.CharMatcher$Is                                           : loaded 2 times (x 111B)
Class com.google.common.cache.LocalCache$ValueReference                               : loaded 2 times (x 70B)
Class com.google.common.hash.PrimitiveSink                                            : loaded 2 times (x 70B)
Class com.google.common.base.PatternCompiler                                          : loaded 2 times (x 70B)
Class com.google.common.util.concurrent.AbstractFuture$Failure                        : loaded 2 times (x 72B)
Class com.google.common.base.Equivalence$Equals                                       : loaded 2 times (x 82B)
Class com.google.common.collect.Hashing                                               : loaded 2 times (x 71B)
Class com.google.common.base.Preconditions                                            : loaded 2 times (x 71B)
Class com.google.common.collect.ImmutableSetMultimap                                  : loaded 2 times (x 180B)
Class com.google.common.io.CharSink                                                   : loaded 2 times (x 79B)
Class com.google.common.base.Joiner$1                                                 : loaded 2 times (x 80B)
Class org.objectweb.asm.Label                                                         : loaded 2 times (x 73B)
Class org.objectweb.asm.CurrentFrame                                                  : loaded 2 times (x 73B)
Class org.objectweb.asm.ClassTooLargeException                                        : loaded 2 times (x 83B)
Class com.google.common.base.CharMatcher                                              : loaded 2 times (x 111B)
Class com.google.common.collect.PeekingIterator                                       : loaded 2 times (x 70B)
Class com.google.common.io.ByteSource$AsCharSource                                    : loaded 2 times (x 86B)
Class com.google.common.collect.MapMakerInternalMap$InternalEntryHelper               : loaded 2 times (x 70B)
Class com.google.common.collect.Table                                                 : loaded 2 times (x 70B)
Class com.google.common.collect.RangeGwtSerializationDependencies                     : loaded 2 times (x 71B)
Class com.google.common.collect.Maps$IteratorBasedAbstractMap                         : loaded 2 times (x 125B)
Class com.google.common.base.Joiner$2                                                 : loaded 2 times (x 79B)
Class org.objectweb.asm.Frame                                                         : loaded 2 times (x 73B)
Class org.objectweb.asm.MethodVisitor                                                 : loaded 2 times (x 105B)
Class com.google.common.base.CharMatcher$NamedFastMatcher                             : loaded 2 times (x 112B)
Class com.google.common.base.CharMatcher$1                                            : loaded 2 times (x 113B)
Class com.google.common.cache.LocalCache$EntryFactory$1                               : loaded 2 times (x 83B)
Class [Lcom.google.common.cache.RemovalListener;                                      : loaded 2 times (x 69B)
Class ijKotlinCoroutineJvmDebugInit1_f2xb91z8bjt99qyrcjg9y4vw3$_run_closure1          : loaded 2 times (x 139B)
Class com.google.common.collect.RangeSet                                              : loaded 2 times (x 70B)
Class com.google.common.cache.LocalCache$EntryFactory$2                               : loaded 2 times (x 83B)
Class org.gradle.api.internal.classpath.GlobalCacheRootsProvider                      : loaded 2 times (x 70B)
Class com.google.common.collect.CollectCollectors                                     : loaded 2 times (x 71B)
Class org.objectweb.asm.ModuleWriter                                                  : loaded 2 times (x 82B)
Class com.google.common.cache.LocalCache$EntryFactory$3                               : loaded 2 times (x 83B)
Class com.google.common.base.Ticker$1                                                 : loaded 2 times (x 72B)
Class com.google.common.collect.Maps$BiMapConverter                                   : loaded 2 times (x 90B)
Class com.google.common.collect.ImmutableMapEntrySet$RegularEntrySet                  : loaded 2 times (x 152B)
Class com.google.common.collect.CollectSpliterators$1                                 : loaded 2 times (x 90B)
Class com.google.common.collect.SetMultimap                                           : loaded 2 times (x 70B)
Class com.google.common.base.CharMatcher$InRange                                      : loaded 2 times (x 111B)
Class com.google.common.cache.LocalCache$EntryFactory$4                               : loaded 2 times (x 83B)
Class com.google.common.collect.ImmutableSet$Builder                                  : loaded 2 times (x 85B)
Class com.google.common.io.ByteStreams$1                                              : loaded 2 times (x 85B)
Class com.google.common.cache.LocalCache$EntryFactory$5                               : loaded 2 times (x 83B)
Class ijJvmDebugger1_1xmetagh0zzfu3fni9z64hmfq$_run_closure1$_closure2                : loaded 2 times (x 140B)
Class com.google.common.io.LineReader                                                 : loaded 2 times (x 72B)
Class com.google.common.cache.LocalCache$EntryFactory$6                               : loaded 2 times (x 83B)
Class org.gradle.internal.installation.CurrentGradleInstallationLocator               : loaded 2 times (x 71B)
Class com.google.common.io.ByteSource$SlicedByteSource                                : loaded 2 times (x 85B)
Class com.google.common.collect.ImmutableMultimap$Builder                             : loaded 2 times (x 86B)
Class com.google.common.collect.Maps$KeySet                                           : loaded 2 times (x 137B)
Class com.google.common.cache.LocalCache$EntryFactory$7                               : loaded 2 times (x 83B)
Class com.google.common.collect.ImmutableSet$EmptySetBuilderImpl                      : loaded 2 times (x 76B)
Class com.google.common.collect.ImmutableList                                         : loaded 2 times (x 206B)
Class org.gradle.internal.service.DefaultServiceLocator                               : loaded 2 times (x 83B)
Class com.google.common.collect.ImmutableMultimap$EntryCollection                     : loaded 2 times (x 128B)
Class com.google.common.collect.Maps$EntrySet                                         : loaded 2 times (x 136B)
Class com.google.common.cache.LocalCache$EntryFactory$8                               : loaded 2 times (x 83B)
Class com.google.common.collect.ImmutableSet$SetBuilderImpl                           : loaded 2 times (x 76B)
Class org.gradle.internal.installation.CurrentGradleInstallation                      : loaded 2 times (x 73B)
Class com.google.common.cache.CacheLoader$1                                           : loaded 2 times (x 75B)
Class com.google.common.collect.ForwardingObject                                      : loaded 2 times (x 72B)
Class com.google.common.collect.ImmutableList$SubList                                 : loaded 2 times (x 209B)
Class org.gradle.util.internal.GUtil                                                  : loaded 2 times (x 71B)
Class com.google.common.io.ByteSource                                                 : loaded 2 times (x 84B)
Class com.google.common.util.concurrent.AbstractFuture$SetFuture                      : loaded 2 times (x 75B)
Class com.google.common.cache.AbstractCache$StatsCounter                              : loaded 2 times (x 70B)
Class com.google.common.io.LineBuffer                                                 : loaded 2 times (x 75B)
Class com.google.common.collect.MapMakerInternalMap$1                                 : loaded 2 times (x 83B)
Class com.google.common.collect.Iterators$MergingIterator                             : loaded 2 times (x 81B)
Class com.google.common.collect.RegularImmutableSet                                   : loaded 2 times (x 149B)
Class org.gradle.internal.installation.GradleInstallation                             : loaded 2 times (x 75B)
Class com.google.common.base.Splitter$Strategy                                        : loaded 2 times (x 70B)
Class com.google.common.collect.Iterables                                             : loaded 2 times (x 71B)

---------------  S Y S T E M  ---------------

OS:
 Windows 10 , 64 bit Build 19041 (10.0.19041.5794)
OS uptime: 0 days 1:38 hours

CPU: total 8 (initial active 8) (4 cores per cpu, 2 threads per core) family 6 model 142 stepping 10 microcode 0xf6, cx8, cmov, fxsr, ht, mmx, 3dnowpref, sse, sse2, sse3, ssse3, sse4.1, sse4.2, popcnt, lzcnt, tsc, tscinvbit, avx, avx2, aes, erms, clmul, bmi1, bmi2, rtm, adx, fma, vzeroupper, clflush, clflushopt, rdtscp, f16c
Processor Information for processor 0
  Max Mhz: 1896, Current Mhz: 1696, Mhz Limit: 1687
Processor Information for processor 1
  Max Mhz: 1896, Current Mhz: 1696, Mhz Limit: 1687
Processor Information for processor 2
  Max Mhz: 1896, Current Mhz: 1696, Mhz Limit: 1687
Processor Information for processor 3
  Max Mhz: 1896, Current Mhz: 1496, Mhz Limit: 1687
Processor Information for processor 4
  Max Mhz: 1896, Current Mhz: 1496, Mhz Limit: 1687
Processor Information for processor 5
  Max Mhz: 1896, Current Mhz: 1496, Mhz Limit: 1687
Processor Information for processor 6
  Max Mhz: 1896, Current Mhz: 1496, Mhz Limit: 1687
Processor Information for processor 7
  Max Mhz: 1896, Current Mhz: 1696, Mhz Limit: 1687

Memory: 4k page, system-wide physical 8050M (300M free)
TotalPageFile size 13077M (AvailPageFile size 203M)
current process WorkingSet (physical memory assigned to process): 609M, peak: 612M
current process commit charge ("private bytes"): 887M, peak: 1105M

vm_info: OpenJDK 64-Bit Server VM (21.0.8+-14018985-b1038.68) for windows-amd64 JRE (21.0.8+-14018985-b1038.68), built on 2025-08-29T19:56:34Z by "builder" with MS VC++ 16.10 / 16.11 (VS2019)

END.
