#
# There is insufficient memory for the Java Runtime Environment to continue.
# Native memory allocation (mmap) failed to map 238026752 bytes. Error detail: G1 virtual space
# Possible reasons:
#   The system is out of physical RAM or swap space
#   This process is running with CompressedOops enabled, and the Java Heap may be blocking the growth of the native heap
# Possible solutions:
#   Reduce memory load on the system
#   Increase physical memory or swap space
#   Check if swap backing store is full
#   Decrease Java heap size (-Xmx/-Xms)
#   Decrease number of Java threads
#   Decrease Java thread stack sizes (-Xss)
#   Set larger code cache with -XX:ReservedCodeCacheSize=
#   JVM is running with Unscaled Compressed Oops mode in which the Java heap is
#     placed in the first 4GB address space. The Java Heap base address is the
#     maximum limit for the native heap growth. Please use -XX:HeapBaseMinAddress
#     to set the Java Heap base and to place the Java Heap above 4GB virtual address.
# This output file may be truncated or incomplete.
#
#  Out of Memory Error (os_windows.cpp:3925), pid=2352, tid=8952
#
# JRE version: OpenJDK Runtime Environment (21.0.8) (build 21.0.8+-14018985-b1038.68)
# Java VM: OpenJDK 64-Bit Server VM (21.0.8+-14018985-b1038.68, mixed mode, tiered, compressed oops, compressed class ptrs, g1 gc, windows-amd64)
# No core dump will be written. Minidumps are not enabled by default on client versions of Windows
#

---------------  S U M M A R Y ------------

Command Line: --add-opens=java.base/java.lang=ALL-UNNAMED --add-opens=java.base/java.lang.invoke=ALL-UNNAMED --add-opens=java.base/java.util=ALL-UNNAMED --add-opens=java.prefs/java.util.prefs=ALL-UNNAMED --add-exports=jdk.compiler/com.sun.tools.javac.api=ALL-UNNAMED --add-exports=jdk.compiler/com.sun.tools.javac.util=ALL-UNNAMED --add-opens=java.base/java.util=ALL-UNNAMED --add-opens=java.prefs/java.util.prefs=ALL-UNNAMED --add-opens=java.base/java.nio.charset=ALL-UNNAMED --add-opens=java.base/java.net=ALL-UNNAMED --add-opens=java.base/java.util.concurrent.atomic=ALL-UNNAMED --add-opens=java.xml/javax.xml.namespace=ALL-UNNAMED -Xmx2048m -Dfile.encoding=UTF-8 -Duser.country=US -Duser.language=en -Duser.variant -javaagent:C:\Users\Laptop_Store\.gradle\wrapper\dists\gradle-8.13-bin\5xuhj0ry160q40clulazy9h7d\gradle-8.13\lib\agents\gradle-instrumentation-agent-8.13.jar org.gradle.launcher.daemon.bootstrap.GradleDaemon 8.13

Host: Intel(R) Core(TM) i5-8350U CPU @ 1.70GHz, 8 cores, 7G,  Windows 10 , 64 bit Build 19041 (10.0.19041.5794)
Time: Tue Jun  9 00:13:36 2026 Pakistan Standard Time elapsed time: 45.472056 seconds (0d 0h 0m 45s)

---------------  T H R E A D  ---------------

Current thread (0x000001e6ff1fbfb0):  VMThread "VM Thread"          [id=8952, stack(0x0000003b59a00000,0x0000003b59b00000) (1024K)]

Stack: [0x0000003b59a00000,0x0000003b59b00000]
Native frames: (J=compiled Java code, j=interpreted, Vv=VM code, C=native code)
V  [jvm.dll+0x6d68d9]
V  [jvm.dll+0x866693]
V  [jvm.dll+0x868c4e]
V  [jvm.dll+0x869333]
V  [jvm.dll+0x280566]
V  [jvm.dll+0x6d3195]
V  [jvm.dll+0x6c69ea]
V  [jvm.dll+0x3586db]
V  [jvm.dll+0x360336]
V  [jvm.dll+0x3b23f6]
V  [jvm.dll+0x3b26c8]
V  [jvm.dll+0x32ae6c]
V  [jvm.dll+0x32aef7]
V  [jvm.dll+0x370d3c]
V  [jvm.dll+0x36f4ee]
V  [jvm.dll+0x32a5c1]
V  [jvm.dll+0x36ebf0]
V  [jvm.dll+0x86f0b8]
V  [jvm.dll+0x870434]
V  [jvm.dll+0x870970]
V  [jvm.dll+0x870c03]
V  [jvm.dll+0x80eac8]
V  [jvm.dll+0x6d512d]
C  [ucrtbase.dll+0x21bb2]
C  [KERNEL32.DLL+0x17374]
C  [ntdll.dll+0x4cc91]

VM_Operation (0x0000003b5daf8520): G1CollectForAllocation, mode: safepoint, requested by thread 0x000001e68e5d39d0


---------------  P R O C E S S  ---------------

Threads class SMR info:
_java_thread_list=0x000001e68c444670, length=134, elements={
0x000001e6ebae1fc0, 0x000001e6ff3aaa70, 0x000001e6ff3b69e0, 0x000001e6ff3b8260,
0x000001e6ff3e5810, 0x000001e6ff3e6270, 0x000001e6ff3e7500, 0x000001e6ff3e8580,
0x000001e6ff3ef830, 0x000001e6ff3f22e0, 0x000001e6ff6d8680, 0x000001e6ff6d5f20,
0x000001e6ff6d7ff0, 0x000001e6ff6d72d0, 0x000001e6ff6d7960, 0x000001e6ff6d5200,
0x000001e6ff6d5890, 0x000001e68933d2d0, 0x000001e689338aa0, 0x000001e68933a4e0,
0x000001e689337060, 0x000001e68933c5b0, 0x000001e689338410, 0x000001e68933ab70,
0x000001e6893397c0, 0x000001e689339e50, 0x000001e68933bf20, 0x000001e68933d960,
0x000001e689339130, 0x000001e68933b200, 0x000001e68933b890, 0x000001e68933cc40,
0x000001e689337d80, 0x000001e68eb18bf0, 0x000001e68eb150e0, 0x000001e68eb13d30,
0x000001e68eb17840, 0x000001e68eb15e00, 0x000001e68eb12980, 0x000001e68eb13010,
0x000001e68eb136a0, 0x000001e68eb14a50, 0x000001e68eb143c0, 0x000001e68eb16490,
0x000001e68eb15770, 0x000001e68eb19fa0, 0x000001e68eb171b0, 0x000001e68eb18560,
0x000001e68eb16b20, 0x000001e68eb19280, 0x000001e68eb19910, 0x000001e6893376f0,
0x000001e68e5d3340, 0x000001e68e5d1900, 0x000001e68e5d1f90, 0x000001e68e5d39d0,
0x000001e68e5d2620, 0x000001e68e5cddf0, 0x000001e68e5cf830, 0x000001e68e5d4060,
0x000001e68e5d5410, 0x000001e68e5ce480, 0x000001e68e5ceb10, 0x000001e68e5d46f0,
0x000001e68e5cf1a0, 0x000001e68c687970, 0x000001e68c68b480, 0x000001e68c688d20,
0x000001e68c68bb10, 0x000001e68c68adf0, 0x000001e68c68a760, 0x000001e68c68e270,
0x000001e68c68e900, 0x000001e68c688690, 0x000001e68c6893b0, 0x000001e68be18d70,
0x000001e68be11de0, 0x000001e68e881eb0, 0x000001e68e883f80, 0x000001e68e888120,
0x000001e68e8866e0, 0x000001e68e8887b0, 0x000001e68e886d70, 0x000001e68e882540,
0x000001e68e884ca0, 0x000001e68aca4e30, 0x000001e68aca4110, 0x000001e68acab0a0,
0x000001e68aca6f00, 0x000001e68aca7590, 0x000001e68aca54c0, 0x000001e68aca82b0,
0x000001e68acab730, 0x000001e68aca7c20, 0x000001e68aca5b50, 0x000001e68aca8940,
0x000001e68acaaa10, 0x000001e68acaa380, 0x000001e68aca8fd0, 0x000001e68aca9660,
0x000001e68aca9cf0, 0x000001e68aca61e0, 0x000001e68aca6870, 0x000001e68be16ca0,
0x000001e68be13eb0, 0x000001e68be12b00, 0x000001e68be19400, 0x000001e68be15260,
0x000001e68be12470, 0x000001e68be17330, 0x000001e68be14540, 0x000001e68be158f0,
0x000001e68be13820, 0x000001e68be15f80, 0x000001e68be16610, 0x000001e68e886050,
0x000001e68e882bd0, 0x000001e68e885330, 0x000001e68e883260, 0x000001e68e8838f0,
0x000001e68e884610, 0x000001e68e8859c0, 0x000001e68e881190, 0x000001e68ab15b30,
0x000001e68ab14e10, 0x000001e68ab11990, 0x000001e68ab11300, 0x000001e68ab16850,
0x000001e68ab161c0, 0x000001e68ab16ee0, 0x000001e68ab14780, 0x000001e68ab133d0,
0x000001e68ab13a60, 0x000001e68ab17570
}

Java Threads: ( => current thread )
  0x000001e6ebae1fc0 JavaThread "main"                              [_thread_blocked, id=8520, stack(0x0000003b59300000,0x0000003b59400000) (1024K)]
  0x000001e6ff3aaa70 JavaThread "Common-Cleaner"             daemon [_thread_blocked, id=2584, stack(0x0000003b59b00000,0x0000003b59c00000) (1024K)]
  0x000001e6ff3b69e0 JavaThread "Reference Handler"          daemon [_thread_blocked, id=11524, stack(0x0000003b59c00000,0x0000003b59d00000) (1024K)]
  0x000001e6ff3b8260 JavaThread "Finalizer"                  daemon [_thread_blocked, id=2284, stack(0x0000003b59d00000,0x0000003b59e00000) (1024K)]
  0x000001e6ff3e5810 JavaThread "Signal Dispatcher"          daemon [_thread_blocked, id=1596, stack(0x0000003b59e00000,0x0000003b59f00000) (1024K)]
  0x000001e6ff3e6270 JavaThread "Attach Listener"            daemon [_thread_blocked, id=1600, stack(0x0000003b59f00000,0x0000003b5a000000) (1024K)]
  0x000001e6ff3e7500 JavaThread "Service Thread"             daemon [_thread_blocked, id=11528, stack(0x0000003b5a000000,0x0000003b5a100000) (1024K)]
  0x000001e6ff3e8580 JavaThread "Monitor Deflation Thread"   daemon [_thread_blocked, id=11536, stack(0x0000003b5a100000,0x0000003b5a200000) (1024K)]
  0x000001e6ff3ef830 JavaThread "C2 CompilerThread0"         daemon [_thread_blocked, id=6500, stack(0x0000003b5a200000,0x0000003b5a300000) (1024K)]
  0x000001e6ff3f22e0 JavaThread "C1 CompilerThread0"         daemon [_thread_blocked, id=2652, stack(0x0000003b5a300000,0x0000003b5a400000) (1024K)]
  0x000001e6ff6d8680 JavaThread "Notification Thread"        daemon [_thread_blocked, id=2648, stack(0x0000003b5a400000,0x0000003b5a500000) (1024K)]
  0x000001e6ff6d5f20 JavaThread "Daemon health stats"               [_thread_blocked, id=12160, stack(0x0000003b5aa00000,0x0000003b5ab00000) (1024K)]
  0x000001e6ff6d7ff0 JavaThread "Incoming local TCP Connector on port 51570"        [_thread_in_native, id=12216, stack(0x0000003b5ae00000,0x0000003b5af00000) (1024K)]
  0x000001e6ff6d72d0 JavaThread "Daemon periodic checks"            [_thread_blocked, id=824, stack(0x0000003b5af00000,0x0000003b5b000000) (1024K)]
  0x000001e6ff6d7960 JavaThread "Daemon"                            [_thread_blocked, id=8496, stack(0x0000003b5b000000,0x0000003b5b100000) (1024K)]
  0x000001e6ff6d5200 JavaThread "Handler for socket connection from /127.0.0.1:51570 to /127.0.0.1:51571"        [_thread_in_native, id=12208, stack(0x0000003b5b100000,0x0000003b5b200000) (1024K)]
  0x000001e6ff6d5890 JavaThread "Cancel handler"                    [_thread_blocked, id=948, stack(0x0000003b5b200000,0x0000003b5b300000) (1024K)]
  0x000001e68933d2d0 JavaThread "Daemon worker"                     [_thread_blocked, id=12168, stack(0x0000003b5b300000,0x0000003b5b400000) (1024K)]
  0x000001e689338aa0 JavaThread "Asynchronous log dispatcher for DefaultDaemonConnection: socket connection from /127.0.0.1:51570 to /127.0.0.1:51571"        [_thread_blocked, id=10476, stack(0x0000003b5b400000,0x0000003b5b500000) (1024K)]
  0x000001e68933a4e0 JavaThread "Stdin handler"                     [_thread_blocked, id=6428, stack(0x0000003b5b500000,0x0000003b5b600000) (1024K)]
  0x000001e689337060 JavaThread "Daemon client event forwarder"        [_thread_blocked, id=12196, stack(0x0000003b5b600000,0x0000003b5b700000) (1024K)]
  0x000001e68933c5b0 JavaThread "Cache worker for journal cache (C:\Users\Laptop_Store\.gradle\caches\journal-1)"        [_thread_blocked, id=11012, stack(0x0000003b5b800000,0x0000003b5b900000) (1024K)]
  0x000001e689338410 JavaThread "File lock request listener"        [_thread_in_native, id=2688, stack(0x0000003b5b900000,0x0000003b5ba00000) (1024K)]
  0x000001e68933ab70 JavaThread "Cache worker for file hash cache (C:\Users\Laptop_Store\.gradle\caches\8.13\fileHashes)"        [_thread_blocked, id=10388, stack(0x0000003b5ba00000,0x0000003b5bb00000) (1024K)]
  0x000001e6893397c0 JavaThread "Cache worker for file hash cache (D:\VillageToCityReseilingApp1\.gradle\8.13\fileHashes)"        [_thread_blocked, id=12228, stack(0x0000003b5bc00000,0x0000003b5bd00000) (1024K)]
  0x000001e689339e50 JavaThread "Cache worker for Build Output Cleanup Cache (D:\VillageToCityReseilingApp1\.gradle\buildOutputCleanup)"        [_thread_blocked, id=12236, stack(0x0000003b5bd00000,0x0000003b5be00000) (1024K)]
  0x000001e68933bf20 JavaThread "File watcher server"        daemon [_thread_blocked, id=12240, stack(0x0000003b5be00000,0x0000003b5bf00000) (1024K)]
  0x000001e68933d960 JavaThread "File watcher consumer"      daemon [_thread_blocked, id=12244, stack(0x0000003b5bf00000,0x0000003b5c000000) (1024K)]
  0x000001e689339130 JavaThread "jar transforms"                    [_thread_blocked, id=12248, stack(0x0000003b5c000000,0x0000003b5c100000) (1024K)]
  0x000001e68933b200 JavaThread "jar transforms Thread 2"           [_thread_blocked, id=12256, stack(0x0000003b5c100000,0x0000003b5c200000) (1024K)]
  0x000001e68933b890 JavaThread "Cache worker for checksums cache (D:\VillageToCityReseilingApp1\.gradle\8.13\checksums)"        [_thread_blocked, id=11892, stack(0x0000003b5c200000,0x0000003b5c300000) (1024K)]
  0x000001e68933cc40 JavaThread "Cache worker for file content cache (C:\Users\Laptop_Store\.gradle\caches\8.13\fileContent)"        [_thread_blocked, id=8908, stack(0x0000003b5c300000,0x0000003b5c400000) (1024K)]
  0x000001e689337d80 JavaThread "jar transforms Thread 3"           [_thread_blocked, id=808, stack(0x0000003b5c400000,0x0000003b5c500000) (1024K)]
  0x000001e68eb18bf0 JavaThread "Cache worker for cache directory md-supplier (C:\Users\Laptop_Store\.gradle\caches\8.13\md-supplier)"        [_thread_blocked, id=10188, stack(0x0000003b5c500000,0x0000003b5c600000) (1024K)]
  0x000001e68eb150e0 JavaThread "Cache worker for cache directory md-rule (C:\Users\Laptop_Store\.gradle\caches\8.13\md-rule)"        [_thread_blocked, id=2076, stack(0x0000003b5c600000,0x0000003b5c700000) (1024K)]
  0x000001e68eb13d30 JavaThread "Unconstrained build operations"        [_thread_blocked, id=2452, stack(0x0000003b5c700000,0x0000003b5c800000) (1024K)]
  0x000001e68eb17840 JavaThread "Unconstrained build operations Thread 2"        [_thread_blocked, id=5668, stack(0x0000003b5c800000,0x0000003b5c900000) (1024K)]
  0x000001e68eb15e00 JavaThread "Unconstrained build operations Thread 3"        [_thread_blocked, id=12084, stack(0x0000003b5c900000,0x0000003b5ca00000) (1024K)]
  0x000001e68eb12980 JavaThread "Unconstrained build operations Thread 4"        [_thread_blocked, id=4652, stack(0x0000003b5ca00000,0x0000003b5cb00000) (1024K)]
  0x000001e68eb13010 JavaThread "Unconstrained build operations Thread 5"        [_thread_blocked, id=12176, stack(0x0000003b5cb00000,0x0000003b5cc00000) (1024K)]
  0x000001e68eb136a0 JavaThread "Unconstrained build operations Thread 6"        [_thread_blocked, id=10640, stack(0x0000003b5cc00000,0x0000003b5cd00000) (1024K)]
  0x000001e68eb14a50 JavaThread "Unconstrained build operations Thread 7"        [_thread_blocked, id=992, stack(0x0000003b5cd00000,0x0000003b5ce00000) (1024K)]
  0x000001e68eb143c0 JavaThread "Unconstrained build operations Thread 8"        [_thread_blocked, id=7460, stack(0x0000003b5ce00000,0x0000003b5cf00000) (1024K)]
  0x000001e68eb16490 JavaThread "jar transforms Thread 4"           [_thread_blocked, id=4184, stack(0x0000003b5cf00000,0x0000003b5d000000) (1024K)]
  0x000001e68eb15770 JavaThread "jar transforms Thread 5"           [_thread_blocked, id=3976, stack(0x0000003b5d000000,0x0000003b5d100000) (1024K)]
  0x000001e68eb19fa0 JavaThread "Unconstrained build operations Thread 9"        [_thread_blocked, id=10868, stack(0x0000003b5d100000,0x0000003b5d200000) (1024K)]
  0x000001e68eb171b0 JavaThread "Unconstrained build operations Thread 10"        [_thread_blocked, id=2104, stack(0x0000003b5d200000,0x0000003b5d300000) (1024K)]
  0x000001e68eb18560 JavaThread "Unconstrained build operations Thread 11"        [_thread_blocked, id=7808, stack(0x0000003b5d300000,0x0000003b5d400000) (1024K)]
  0x000001e68eb16b20 JavaThread "Unconstrained build operations Thread 12"        [_thread_blocked, id=6060, stack(0x0000003b5d400000,0x0000003b5d500000) (1024K)]
  0x000001e68eb19280 JavaThread "jar transforms Thread 6"           [_thread_blocked, id=2852, stack(0x0000003b5d500000,0x0000003b5d600000) (1024K)]
  0x000001e68eb19910 JavaThread "jar transforms Thread 7"           [_thread_blocked, id=10844, stack(0x0000003b5d600000,0x0000003b5d700000) (1024K)]
  0x000001e6893376f0 JavaThread "jar transforms Thread 8"           [_thread_blocked, id=13032, stack(0x0000003b5d700000,0x0000003b5d800000) (1024K)]
  0x000001e68e5d3340 JavaThread "Unconstrained build operations Thread 13"        [_thread_blocked, id=11984, stack(0x0000003b5bb00000,0x0000003b5bc00000) (1024K)]
  0x000001e68e5d1900 JavaThread "Unconstrained build operations Thread 14"        [_thread_blocked, id=11960, stack(0x0000003b5d800000,0x0000003b5d900000) (1024K)]
  0x000001e68e5d1f90 JavaThread "Unconstrained build operations Thread 15"        [_thread_blocked, id=11932, stack(0x0000003b5d900000,0x0000003b5da00000) (1024K)]
  0x000001e68e5d39d0 JavaThread "Unconstrained build operations Thread 16"        [_thread_blocked, id=1644, stack(0x0000003b5da00000,0x0000003b5db00000) (1024K)]
  0x000001e68e5d2620 JavaThread "Unconstrained build operations Thread 17"        [_thread_blocked, id=3612, stack(0x0000003b5db00000,0x0000003b5dc00000) (1024K)]
  0x000001e68e5cddf0 JavaThread "Unconstrained build operations Thread 18"        [_thread_blocked, id=11980, stack(0x0000003b5dc00000,0x0000003b5dd00000) (1024K)]
  0x000001e68e5cf830 JavaThread "Unconstrained build operations Thread 19"        [_thread_blocked, id=11940, stack(0x0000003b5dd00000,0x0000003b5de00000) (1024K)]
  0x000001e68e5d4060 JavaThread "Unconstrained build operations Thread 20"        [_thread_blocked, id=7896, stack(0x0000003b5de00000,0x0000003b5df00000) (1024K)]
  0x000001e68e5d5410 JavaThread "Unconstrained build operations Thread 21"        [_thread_blocked, id=11832, stack(0x0000003b5df00000,0x0000003b5e000000) (1024K)]
  0x000001e68e5ce480 JavaThread "Unconstrained build operations Thread 22"        [_thread_blocked, id=11888, stack(0x0000003b5e000000,0x0000003b5e100000) (1024K)]
  0x000001e68e5ceb10 JavaThread "Unconstrained build operations Thread 23"        [_thread_blocked, id=11884, stack(0x0000003b5e100000,0x0000003b5e200000) (1024K)]
  0x000001e68e5d46f0 JavaThread "Unconstrained build operations Thread 24"        [_thread_blocked, id=11868, stack(0x0000003b5e200000,0x0000003b5e300000) (1024K)]
  0x000001e68e5cf1a0 JavaThread "Unconstrained build operations Thread 25"        [_thread_blocked, id=11828, stack(0x0000003b5e300000,0x0000003b5e400000) (1024K)]
  0x000001e68c687970 JavaThread "Unconstrained build operations Thread 26"        [_thread_blocked, id=10792, stack(0x0000003b5e400000,0x0000003b5e500000) (1024K)]
  0x000001e68c68b480 JavaThread "Unconstrained build operations Thread 27"        [_thread_blocked, id=11872, stack(0x0000003b5e500000,0x0000003b5e600000) (1024K)]
  0x000001e68c688d20 JavaThread "Unconstrained build operations Thread 28"        [_thread_blocked, id=11876, stack(0x0000003b5e600000,0x0000003b5e700000) (1024K)]
  0x000001e68c68bb10 JavaThread "Unconstrained build operations Thread 29"        [_thread_blocked, id=11880, stack(0x0000003b5e700000,0x0000003b5e800000) (1024K)]
  0x000001e68c68adf0 JavaThread "Unconstrained build operations Thread 30"        [_thread_blocked, id=11852, stack(0x0000003b5e800000,0x0000003b5e900000) (1024K)]
  0x000001e68c68a760 JavaThread "Unconstrained build operations Thread 31"        [_thread_blocked, id=11848, stack(0x0000003b5e900000,0x0000003b5ea00000) (1024K)]
  0x000001e68c68e270 JavaThread "Unconstrained build operations Thread 32"        [_thread_blocked, id=13436, stack(0x0000003b5ea00000,0x0000003b5eb00000) (1024K)]
  0x000001e68c68e900 JavaThread "Unconstrained build operations Thread 33"        [_thread_blocked, id=12564, stack(0x0000003b5eb00000,0x0000003b5ec00000) (1024K)]
  0x000001e68c688690 JavaThread "build event listener"              [_thread_blocked, id=1332, stack(0x0000003b5a500000,0x0000003b5a600000) (1024K)]
  0x000001e68c6893b0 JavaThread "Memory manager"                    [_thread_blocked, id=7228, stack(0x0000003b5ed00000,0x0000003b5ee00000) (1024K)]
  0x000001e68be18d70 JavaThread "pool-3-thread-1"                   [_thread_blocked, id=12400, stack(0x0000003b5ec00000,0x0000003b5ed00000) (1024K)]
  0x000001e68be11de0 JavaThread "build event listener"              [_thread_blocked, id=13040, stack(0x0000003b5ee00000,0x0000003b5ef00000) (1024K)]
  0x000001e68e881eb0 JavaThread "included builds"                   [_thread_blocked, id=7532, stack(0x0000003b5ef00000,0x0000003b5f000000) (1024K)]
  0x000001e68e883f80 JavaThread "Execution worker"                  [_thread_blocked, id=5772, stack(0x0000003b5f000000,0x0000003b5f100000) (1024K)]
  0x000001e68e888120 JavaThread "Execution worker Thread 2"         [_thread_blocked, id=9772, stack(0x0000003b5f100000,0x0000003b5f200000) (1024K)]
  0x000001e68e8866e0 JavaThread "Execution worker Thread 3"         [_thread_blocked, id=12120, stack(0x0000003b5f200000,0x0000003b5f300000) (1024K)]
  0x000001e68e8887b0 JavaThread "Execution worker Thread 4"         [_thread_blocked, id=12828, stack(0x0000003b5f300000,0x0000003b5f400000) (1024K)]
  0x000001e68e886d70 JavaThread "Execution worker Thread 5"         [_thread_blocked, id=12764, stack(0x0000003b5f400000,0x0000003b5f500000) (1024K)]
  0x000001e68e882540 JavaThread "Execution worker Thread 6"         [_thread_blocked, id=10596, stack(0x0000003b5f500000,0x0000003b5f600000) (1024K)]
  0x000001e68e884ca0 JavaThread "Execution worker Thread 7"         [_thread_blocked, id=12188, stack(0x0000003b5f600000,0x0000003b5f700000) (1024K)]
  0x000001e68aca4e30 JavaThread "Cache worker for execution history cache (D:\VillageToCityReseilingApp1\.gradle\8.13\executionHistory)"        [_thread_blocked, id=10576, stack(0x0000003b5f700000,0x0000003b5f800000) (1024K)]
  0x000001e68aca4110 JavaThread "Unconstrained build operations Thread 34"        [_thread_blocked, id=13732, stack(0x0000003b5f800000,0x0000003b5f900000) (1024K)]
  0x000001e68acab0a0 JavaThread "Unconstrained build operations Thread 35"        [_thread_blocked, id=12812, stack(0x0000003b5f900000,0x0000003b5fa00000) (1024K)]
  0x000001e68aca6f00 JavaThread "Unconstrained build operations Thread 36"        [_thread_blocked, id=5932, stack(0x0000003b5fa00000,0x0000003b5fb00000) (1024K)]
  0x000001e68aca7590 JavaThread "Unconstrained build operations Thread 37"        [_thread_blocked, id=7348, stack(0x0000003b5fb00000,0x0000003b5fc00000) (1024K)]
  0x000001e68aca54c0 JavaThread "Unconstrained build operations Thread 38"        [_thread_blocked, id=9288, stack(0x0000003b5fc00000,0x0000003b5fd00000) (1024K)]
  0x000001e68aca82b0 JavaThread "Unconstrained build operations Thread 39"        [_thread_blocked, id=3912, stack(0x0000003b5fd00000,0x0000003b5fe00000) (1024K)]
  0x000001e68acab730 JavaThread "Unconstrained build operations Thread 40"        [_thread_blocked, id=3288, stack(0x0000003b5fe00000,0x0000003b5ff00000) (1024K)]
  0x000001e68aca7c20 JavaThread "Unconstrained build operations Thread 41"        [_thread_blocked, id=9688, stack(0x0000003b5ff00000,0x0000003b60000000) (1024K)]
  0x000001e68aca5b50 JavaThread "Unconstrained build operations Thread 42"        [_thread_blocked, id=3908, stack(0x0000003b60000000,0x0000003b60100000) (1024K)]
  0x000001e68aca8940 JavaThread "Unconstrained build operations Thread 43"        [_thread_blocked, id=5240, stack(0x0000003b60100000,0x0000003b60200000) (1024K)]
  0x000001e68acaaa10 JavaThread "Unconstrained build operations Thread 44"        [_thread_blocked, id=12804, stack(0x0000003b60200000,0x0000003b60300000) (1024K)]
  0x000001e68acaa380 JavaThread "Unconstrained build operations Thread 45"        [_thread_blocked, id=10384, stack(0x0000003b60300000,0x0000003b60400000) (1024K)]
  0x000001e68aca8fd0 JavaThread "Unconstrained build operations Thread 46"        [_thread_blocked, id=13948, stack(0x0000003b60400000,0x0000003b60500000) (1024K)]
  0x000001e68aca9660 JavaThread "Unconstrained build operations Thread 47"        [_thread_blocked, id=6672, stack(0x0000003b60500000,0x0000003b60600000) (1024K)]
  0x000001e68aca9cf0 JavaThread "Unconstrained build operations Thread 48"        [_thread_blocked, id=11820, stack(0x0000003b60600000,0x0000003b60700000) (1024K)]
  0x000001e68aca61e0 JavaThread "Unconstrained build operations Thread 49"        [_thread_blocked, id=6800, stack(0x0000003b60700000,0x0000003b60800000) (1024K)]
  0x000001e68aca6870 JavaThread "Unconstrained build operations Thread 50"        [_thread_blocked, id=14020, stack(0x0000003b60800000,0x0000003b60900000) (1024K)]
  0x000001e68be16ca0 JavaThread "Unconstrained build operations Thread 51"        [_thread_blocked, id=6328, stack(0x0000003b60900000,0x0000003b60a00000) (1024K)]
  0x000001e68be13eb0 JavaThread "Unconstrained build operations Thread 52"        [_thread_blocked, id=8588, stack(0x0000003b60a00000,0x0000003b60b00000) (1024K)]
  0x000001e68be12b00 JavaThread "Unconstrained build operations Thread 53"        [_thread_blocked, id=9960, stack(0x0000003b60b00000,0x0000003b60c00000) (1024K)]
  0x000001e68be19400 JavaThread "Unconstrained build operations Thread 54"        [_thread_blocked, id=6636, stack(0x0000003b60c00000,0x0000003b60d00000) (1024K)]
  0x000001e68be15260 JavaThread "Unconstrained build operations Thread 55"        [_thread_blocked, id=4340, stack(0x0000003b60d00000,0x0000003b60e00000) (1024K)]
  0x000001e68be12470 JavaThread "Unconstrained build operations Thread 56"        [_thread_blocked, id=13752, stack(0x0000003b60e00000,0x0000003b60f00000) (1024K)]
  0x000001e68be17330 JavaThread "Unconstrained build operations Thread 57"        [_thread_blocked, id=792, stack(0x0000003b60f00000,0x0000003b61000000) (1024K)]
  0x000001e68be14540 JavaThread "Unconstrained build operations Thread 58"        [_thread_blocked, id=8684, stack(0x0000003b61000000,0x0000003b61100000) (1024K)]
  0x000001e68be158f0 JavaThread "Unconstrained build operations Thread 59"        [_thread_blocked, id=13980, stack(0x0000003b61100000,0x0000003b61200000) (1024K)]
  0x000001e68be13820 JavaThread "Unconstrained build operations Thread 60"        [_thread_blocked, id=1564, stack(0x0000003b61200000,0x0000003b61300000) (1024K)]
  0x000001e68be15f80 JavaThread "Unconstrained build operations Thread 61"        [_thread_blocked, id=8872, stack(0x0000003b61300000,0x0000003b61400000) (1024K)]
  0x000001e68be16610 JavaThread "Unconstrained build operations Thread 62"        [_thread_blocked, id=13528, stack(0x0000003b61400000,0x0000003b61500000) (1024K)]
  0x000001e68e886050 JavaThread "Unconstrained build operations Thread 63"        [_thread_blocked, id=11168, stack(0x0000003b61500000,0x0000003b61600000) (1024K)]
  0x000001e68e882bd0 JavaThread "Unconstrained build operations Thread 64"        [_thread_blocked, id=8904, stack(0x0000003b61600000,0x0000003b61700000) (1024K)]
  0x000001e68e885330 JavaThread "Unconstrained build operations Thread 65"        [_thread_blocked, id=9332, stack(0x0000003b61700000,0x0000003b61800000) (1024K)]
  0x000001e68e883260 JavaThread "Unconstrained build operations Thread 66"        [_thread_blocked, id=12944, stack(0x0000003b61800000,0x0000003b61900000) (1024K)]
  0x000001e68e8838f0 JavaThread "Unconstrained build operations Thread 67"        [_thread_blocked, id=9124, stack(0x0000003b61900000,0x0000003b61a00000) (1024K)]
  0x000001e68e884610 JavaThread "Unconstrained build operations Thread 68"        [_thread_blocked, id=3416, stack(0x0000003b61a00000,0x0000003b61b00000) (1024K)]
  0x000001e68e8859c0 JavaThread "Unconstrained build operations Thread 69"        [_thread_blocked, id=12428, stack(0x0000003b61b00000,0x0000003b61c00000) (1024K)]
  0x000001e68e881190 JavaThread "WorkerExecutor Queue"              [_thread_blocked, id=1744, stack(0x0000003b61c00000,0x0000003b61d00000) (1024K)]
  0x000001e68ab15b30 JavaThread "Unconstrained build operations Thread 70"        [_thread_blocked, id=7548, stack(0x0000003b61d00000,0x0000003b61e00000) (1024K)]
  0x000001e68ab14e10 JavaThread "Unconstrained build operations Thread 71"        [_thread_blocked, id=8920, stack(0x0000003b61e00000,0x0000003b61f00000) (1024K)]
  0x000001e68ab11990 JavaThread "Unconstrained build operations Thread 72"        [_thread_blocked, id=13520, stack(0x0000003b61f00000,0x0000003b62000000) (1024K)]
  0x000001e68ab11300 JavaThread "Unconstrained build operations Thread 73"        [_thread_blocked, id=4316, stack(0x0000003b62000000,0x0000003b62100000) (1024K)]
  0x000001e68ab16850 JavaThread "Unconstrained build operations Thread 74"        [_thread_blocked, id=1792, stack(0x0000003b62100000,0x0000003b62200000) (1024K)]
  0x000001e68ab161c0 JavaThread "Unconstrained build operations Thread 75"        [_thread_blocked, id=14064, stack(0x0000003b62200000,0x0000003b62300000) (1024K)]
  0x000001e68ab16ee0 JavaThread "Unconstrained build operations Thread 76"        [_thread_blocked, id=12816, stack(0x0000003b62300000,0x0000003b62400000) (1024K)]
  0x000001e68ab14780 JavaThread "Unconstrained build operations Thread 77"        [_thread_blocked, id=2908, stack(0x0000003b62400000,0x0000003b62500000) (1024K)]
  0x000001e68ab133d0 JavaThread "Unconstrained build operations Thread 78"        [_thread_blocked, id=2200, stack(0x0000003b62500000,0x0000003b62600000) (1024K)]
  0x000001e68ab13a60 JavaThread "Unconstrained build operations Thread 79"        [_thread_blocked, id=5836, stack(0x0000003b62600000,0x0000003b62700000) (1024K)]
  0x000001e68ab17570 JavaThread "Unconstrained build operations Thread 80"        [_thread_blocked, id=2480, stack(0x0000003b62700000,0x0000003b62800000) (1024K)]
Total: 134

Other Threads:
=>0x000001e6ff1fbfb0 VMThread "VM Thread"                           [id=8952, stack(0x0000003b59a00000,0x0000003b59b00000) (1024K)]
  0x000001e6ff19ac30 WatcherThread "VM Periodic Task Thread"        [id=7552, stack(0x0000003b59900000,0x0000003b59a00000) (1024K)]
  0x000001e6ebb393c0 WorkerThread "GC Thread#0"                     [id=4808, stack(0x0000003b59400000,0x0000003b59500000) (1024K)]
  0x000001e6ff9914f0 WorkerThread "GC Thread#1"                     [id=10956, stack(0x0000003b5a700000,0x0000003b5a800000) (1024K)]
  0x000001e6ffbd1af0 WorkerThread "GC Thread#2"                     [id=2276, stack(0x0000003b5a800000,0x0000003b5a900000) (1024K)]
  0x000001e6889090f0 WorkerThread "GC Thread#3"                     [id=8200, stack(0x0000003b5a600000,0x0000003b5a700000) (1024K)]
  0x000001e6888c3ec0 WorkerThread "GC Thread#4"                     [id=13076, stack(0x0000003b5a900000,0x0000003b5aa00000) (1024K)]
  0x000001e689213c90 WorkerThread "GC Thread#5"                     [id=7516, stack(0x0000003b5ab00000,0x0000003b5ac00000) (1024K)]
  0x000001e689108fb0 WorkerThread "GC Thread#6"                     [id=12200, stack(0x0000003b5ac00000,0x0000003b5ad00000) (1024K)]
  0x000001e689109350 WorkerThread "GC Thread#7"                     [id=12204, stack(0x0000003b5ad00000,0x0000003b5ae00000) (1024K)]
  0x000001e6ebb4a420 ConcurrentGCThread "G1 Main Marker"            [id=9556, stack(0x0000003b59500000,0x0000003b59600000) (1024K)]
  0x000001e6ebb4ae30 WorkerThread "G1 Conc#0"                       [id=1384, stack(0x0000003b59600000,0x0000003b59700000) (1024K)]
  0x000001e689372c70 WorkerThread "G1 Conc#1"                       [id=816, stack(0x0000003b5b700000,0x0000003b5b800000) (1024K)]
  0x000001e6ff071e20 ConcurrentGCThread "G1 Refine#0"               [id=8204, stack(0x0000003b59700000,0x0000003b59800000) (1024K)]
  0x000001e6ff0727a0 ConcurrentGCThread "G1 Service"                [id=7788, stack(0x0000003b59800000,0x0000003b59900000) (1024K)]
Total: 15

Threads with active compile tasks:
C2 CompilerThread0  45562 18352       4       com.android.tools.r8.internal.l32::c (803 bytes)
C1 CompilerThread0  45562 18605       3       com.android.tools.r8.internal.lr0::c (1678 bytes)
Total: 2

VM state: at safepoint (normal execution)

VM Mutex/Monitor currently owned by a thread:  ([mutex/lock_event])
[0x00007ffda63f85b8] Threads_lock - owner thread: 0x000001e6ff1fbfb0
[0x00007ffda63f86b8] Heap_lock - owner thread: 0x000001e68e5d39d0

Heap address: 0x0000000080000000, size: 2048 MB, Compressed Oops mode: 32-bit

CDS archive(s) not mapped
Compressed class space mapped at: 0x0000000100000000-0x0000000140000000, reserved size: 1073741824
Narrow klass base: 0x0000000000000000, Narrow klass shift: 3, Narrow klass range: 0x140000000

GC Precious Log:
 CardTable entry size: 512
 Card Set container configuration: InlinePtr #cards 5 size 8 Array Of Cards #cards 12 size 40 Howl #buckets 4 coarsen threshold 1843 Howl Bitmap #cards 512 size 80 coarsen threshold 460 Card regions per heap region 1 cards per card region 2048
 CPUs: 8 total, 8 available
 Memory: 8050M
 Large Page Support: Disabled
 NUMA Support: Disabled
 Compressed Oops: Enabled (32-bit)
 Heap Region Size: 1M
 Heap Min Capacity: 8M
 Heap Initial Capacity: 126M
 Heap Max Capacity: 2G
 Pre-touch: Disabled
 Parallel Workers: 8
 Concurrent Workers: 2
 Concurrent Refinement Workers: 8
 Periodic GC: Disabled

Heap:
 garbage-first heap   total 257024K, used 151635K [0x0000000080000000, 0x0000000100000000)
  region size 1024K, 4 young (4096K), 4 survivors (4096K)
 Metaspace       used 132669K, committed 134912K, reserved 1179648K
  class space    used 18533K, committed 19648K, reserved 1048576K

Heap Regions: E=young(eden), S=young(survivor), O=old, HS=humongous(starts), HC=humongous(continues), CS=collection set, F=free, TAMS=top-at-mark-start, PB=parsable bottom
|   0|0x0000000080000000, 0x0000000080100000, 0x0000000080100000|100%|HS|  |TAMS 0x0000000080000000| PB 0x0000000080000000| Complete 
|   1|0x0000000080100000, 0x0000000080200000, 0x0000000080200000|100%|HC|  |TAMS 0x0000000080100000| PB 0x0000000080100000| Complete 
|   2|0x0000000080200000, 0x0000000080300000, 0x0000000080300000|100%|HC|  |TAMS 0x0000000080200000| PB 0x0000000080200000| Complete 
|   3|0x0000000080300000, 0x0000000080400000, 0x0000000080400000|100%| O|  |TAMS 0x0000000080300000| PB 0x0000000080300000| Untracked 
|   4|0x0000000080400000, 0x0000000080500000, 0x0000000080500000|100%| O|  |TAMS 0x0000000080400000| PB 0x0000000080400000| Untracked 
|   5|0x0000000080500000, 0x0000000080600000, 0x0000000080600000|100%| O|  |TAMS 0x0000000080500000| PB 0x0000000080500000| Untracked 
|   6|0x0000000080600000, 0x0000000080700000, 0x0000000080700000|100%|HS|  |TAMS 0x0000000080600000| PB 0x0000000080600000| Complete 
|   7|0x0000000080700000, 0x0000000080800000, 0x0000000080800000|100%| O|  |TAMS 0x0000000080700000| PB 0x0000000080700000| Untracked 
|   8|0x0000000080800000, 0x0000000080900000, 0x0000000080900000|100%| O|  |TAMS 0x0000000080800000| PB 0x0000000080800000| Untracked 
|   9|0x0000000080900000, 0x0000000080a00000, 0x0000000080a00000|100%| O|  |TAMS 0x0000000080900000| PB 0x0000000080900000| Untracked 
|  10|0x0000000080a00000, 0x0000000080b00000, 0x0000000080b00000|100%| O|  |TAMS 0x0000000080a00000| PB 0x0000000080a00000| Untracked 
|  11|0x0000000080b00000, 0x0000000080c00000, 0x0000000080c00000|100%| O|  |TAMS 0x0000000080b00000| PB 0x0000000080b00000| Untracked 
|  12|0x0000000080c00000, 0x0000000080d00000, 0x0000000080d00000|100%| O|  |TAMS 0x0000000080c00000| PB 0x0000000080c00000| Untracked 
|  13|0x0000000080d00000, 0x0000000080e00000, 0x0000000080e00000|100%| O|  |TAMS 0x0000000080d00000| PB 0x0000000080d00000| Untracked 
|  14|0x0000000080e00000, 0x0000000080f00000, 0x0000000080f00000|100%| O|  |TAMS 0x0000000080e00000| PB 0x0000000080e00000| Untracked 
|  15|0x0000000080f00000, 0x0000000081000000, 0x0000000081000000|100%| O|  |TAMS 0x0000000080f00000| PB 0x0000000080f00000| Untracked 
|  16|0x0000000081000000, 0x0000000081100000, 0x0000000081100000|100%| O|  |TAMS 0x0000000081000000| PB 0x0000000081000000| Untracked 
|  17|0x0000000081100000, 0x0000000081200000, 0x0000000081200000|100%| O|  |TAMS 0x0000000081100000| PB 0x0000000081100000| Untracked 
|  18|0x0000000081200000, 0x0000000081300000, 0x0000000081300000|100%| O|  |TAMS 0x0000000081200000| PB 0x0000000081200000| Untracked 
|  19|0x0000000081300000, 0x0000000081400000, 0x0000000081400000|100%| O|  |TAMS 0x0000000081300000| PB 0x0000000081300000| Untracked 
|  20|0x0000000081400000, 0x0000000081500000, 0x0000000081500000|100%| O|  |TAMS 0x0000000081400000| PB 0x0000000081400000| Untracked 
|  21|0x0000000081500000, 0x0000000081600000, 0x0000000081600000|100%| O|  |TAMS 0x0000000081500000| PB 0x0000000081500000| Untracked 
|  22|0x0000000081600000, 0x0000000081700000, 0x0000000081700000|100%| O|  |TAMS 0x0000000081600000| PB 0x0000000081600000| Untracked 
|  23|0x0000000081700000, 0x0000000081800000, 0x0000000081800000|100%| O|  |TAMS 0x0000000081700000| PB 0x0000000081700000| Untracked 
|  24|0x0000000081800000, 0x0000000081900000, 0x0000000081900000|100%| O|  |TAMS 0x0000000081800000| PB 0x0000000081800000| Untracked 
|  25|0x0000000081900000, 0x0000000081a00000, 0x0000000081a00000|100%| O|  |TAMS 0x0000000081900000| PB 0x0000000081900000| Untracked 
|  26|0x0000000081a00000, 0x0000000081b00000, 0x0000000081b00000|100%| O|  |TAMS 0x0000000081a00000| PB 0x0000000081a00000| Untracked 
|  27|0x0000000081b00000, 0x0000000081c00000, 0x0000000081c00000|100%| O|  |TAMS 0x0000000081b00000| PB 0x0000000081b00000| Untracked 
|  28|0x0000000081c00000, 0x0000000081d00000, 0x0000000081d00000|100%| O|  |TAMS 0x0000000081c00000| PB 0x0000000081c00000| Untracked 
|  29|0x0000000081d00000, 0x0000000081e00000, 0x0000000081e00000|100%| O|  |TAMS 0x0000000081d00000| PB 0x0000000081d00000| Untracked 
|  30|0x0000000081e00000, 0x0000000081f00000, 0x0000000081f00000|100%| O|  |TAMS 0x0000000081e00000| PB 0x0000000081e00000| Untracked 
|  31|0x0000000081f00000, 0x0000000082000000, 0x0000000082000000|100%| O|  |TAMS 0x0000000081f00000| PB 0x0000000081f00000| Untracked 
|  32|0x0000000082000000, 0x0000000082100000, 0x0000000082100000|100%|HS|  |TAMS 0x0000000082000000| PB 0x0000000082000000| Complete 
|  33|0x0000000082100000, 0x0000000082200000, 0x0000000082200000|100%| O|  |TAMS 0x0000000082100000| PB 0x0000000082100000| Untracked 
|  34|0x0000000082200000, 0x0000000082300000, 0x0000000082300000|100%| O|  |TAMS 0x0000000082200000| PB 0x0000000082200000| Untracked 
|  35|0x0000000082300000, 0x0000000082400000, 0x0000000082400000|100%| O|  |TAMS 0x0000000082300000| PB 0x0000000082300000| Untracked 
|  36|0x0000000082400000, 0x0000000082500000, 0x0000000082500000|100%| O|  |TAMS 0x0000000082400000| PB 0x0000000082400000| Untracked 
|  37|0x0000000082500000, 0x0000000082600000, 0x0000000082600000|100%| O|  |TAMS 0x0000000082500000| PB 0x0000000082500000| Untracked 
|  38|0x0000000082600000, 0x0000000082700000, 0x0000000082700000|100%| O|  |TAMS 0x0000000082600000| PB 0x0000000082600000| Untracked 
|  39|0x0000000082700000, 0x0000000082800000, 0x0000000082800000|100%| O|  |TAMS 0x0000000082700000| PB 0x0000000082700000| Untracked 
|  40|0x0000000082800000, 0x0000000082900000, 0x0000000082900000|100%| O|  |TAMS 0x0000000082800000| PB 0x0000000082800000| Untracked 
|  41|0x0000000082900000, 0x0000000082a00000, 0x0000000082a00000|100%| O|  |TAMS 0x0000000082900000| PB 0x0000000082900000| Untracked 
|  42|0x0000000082a00000, 0x0000000082b00000, 0x0000000082b00000|100%| O|  |TAMS 0x0000000082a00000| PB 0x0000000082a00000| Untracked 
|  43|0x0000000082b00000, 0x0000000082c00000, 0x0000000082c00000|100%| O|  |TAMS 0x0000000082b00000| PB 0x0000000082b00000| Untracked 
|  44|0x0000000082c00000, 0x0000000082d00000, 0x0000000082d00000|100%|HS|  |TAMS 0x0000000082c00000| PB 0x0000000082c00000| Complete 
|  45|0x0000000082d00000, 0x0000000082e00000, 0x0000000082e00000|100%| O|  |TAMS 0x0000000082d00000| PB 0x0000000082d00000| Untracked 
|  46|0x0000000082e00000, 0x0000000082f00000, 0x0000000082f00000|100%| O|  |TAMS 0x0000000082e00000| PB 0x0000000082e00000| Untracked 
|  47|0x0000000082f00000, 0x0000000083000000, 0x0000000083000000|100%| O|  |TAMS 0x0000000082f00000| PB 0x0000000082f00000| Untracked 
|  48|0x0000000083000000, 0x0000000083100000, 0x0000000083100000|100%|HS|  |TAMS 0x0000000083000000| PB 0x0000000083000000| Complete 
|  49|0x0000000083100000, 0x0000000083200000, 0x0000000083200000|100%|HS|  |TAMS 0x0000000083100000| PB 0x0000000083100000| Complete 
|  50|0x0000000083200000, 0x0000000083300000, 0x0000000083300000|100%| O|  |TAMS 0x0000000083200000| PB 0x0000000083200000| Untracked 
|  51|0x0000000083300000, 0x0000000083400000, 0x0000000083400000|100%| O|  |TAMS 0x0000000083300000| PB 0x0000000083300000| Untracked 
|  52|0x0000000083400000, 0x0000000083500000, 0x0000000083500000|100%| O|  |TAMS 0x0000000083400000| PB 0x0000000083400000| Untracked 
|  53|0x0000000083500000, 0x0000000083600000, 0x0000000083600000|100%|HS|  |TAMS 0x0000000083500000| PB 0x0000000083500000| Complete 
|  54|0x0000000083600000, 0x0000000083700000, 0x0000000083700000|100%|HS|  |TAMS 0x0000000083600000| PB 0x0000000083600000| Complete 
|  55|0x0000000083700000, 0x0000000083800000, 0x0000000083800000|100%| O|  |TAMS 0x0000000083700000| PB 0x0000000083700000| Untracked 
|  56|0x0000000083800000, 0x0000000083900000, 0x0000000083900000|100%| O|  |TAMS 0x0000000083800000| PB 0x0000000083800000| Untracked 
|  57|0x0000000083900000, 0x0000000083a00000, 0x0000000083a00000|100%| O|  |TAMS 0x0000000083900000| PB 0x0000000083900000| Untracked 
|  58|0x0000000083a00000, 0x0000000083b00000, 0x0000000083b00000|100%|HS|  |TAMS 0x0000000083a00000| PB 0x0000000083a00000| Complete 
|  59|0x0000000083b00000, 0x0000000083c00000, 0x0000000083c00000|100%| O|  |TAMS 0x0000000083b00000| PB 0x0000000083b00000| Untracked 
|  60|0x0000000083c00000, 0x0000000083d00000, 0x0000000083d00000|100%| O|  |TAMS 0x0000000083c00000| PB 0x0000000083c00000| Untracked 
|  61|0x0000000083d00000, 0x0000000083e00000, 0x0000000083e00000|100%| O|  |TAMS 0x0000000083d00000| PB 0x0000000083d00000| Untracked 
|  62|0x0000000083e00000, 0x0000000083f00000, 0x0000000083f00000|100%| O|  |TAMS 0x0000000083e00000| PB 0x0000000083e00000| Untracked 
|  63|0x0000000083f00000, 0x0000000084000000, 0x0000000084000000|100%| O|  |TAMS 0x0000000083f00000| PB 0x0000000083f00000| Untracked 
|  64|0x0000000084000000, 0x0000000084100000, 0x0000000084100000|100%| O|  |TAMS 0x0000000084000000| PB 0x0000000084000000| Untracked 
|  65|0x0000000084100000, 0x0000000084200000, 0x0000000084200000|100%| O|  |TAMS 0x0000000084100000| PB 0x0000000084100000| Untracked 
|  66|0x0000000084200000, 0x0000000084300000, 0x0000000084300000|100%| O|  |TAMS 0x0000000084200000| PB 0x0000000084200000| Untracked 
|  67|0x0000000084300000, 0x0000000084400000, 0x0000000084400000|100%| O|  |TAMS 0x0000000084300000| PB 0x0000000084300000| Untracked 
|  68|0x0000000084400000, 0x0000000084500000, 0x0000000084500000|100%| O|  |TAMS 0x0000000084400000| PB 0x0000000084400000| Untracked 
|  69|0x0000000084500000, 0x0000000084500000, 0x0000000084600000|  0%| F|  |TAMS 0x0000000084500000| PB 0x0000000084500000| Untracked 
|  70|0x0000000084600000, 0x0000000084700000, 0x0000000084700000|100%| O|  |TAMS 0x0000000084600000| PB 0x0000000084600000| Untracked 
|  71|0x0000000084700000, 0x0000000084800000, 0x0000000084800000|100%| O|  |TAMS 0x0000000084700000| PB 0x0000000084700000| Untracked 
|  72|0x0000000084800000, 0x0000000084900000, 0x0000000084900000|100%| O|  |TAMS 0x0000000084800000| PB 0x0000000084800000| Untracked 
|  73|0x0000000084900000, 0x0000000084a00000, 0x0000000084a00000|100%| O|  |TAMS 0x0000000084900000| PB 0x0000000084900000| Untracked 
|  74|0x0000000084a00000, 0x0000000084b00000, 0x0000000084b00000|100%| O|  |TAMS 0x0000000084a00000| PB 0x0000000084a00000| Untracked 
|  75|0x0000000084b00000, 0x0000000084c00000, 0x0000000084c00000|100%| O|  |TAMS 0x0000000084b00000| PB 0x0000000084b00000| Untracked 
|  76|0x0000000084c00000, 0x0000000084d00000, 0x0000000084d00000|100%| O|  |TAMS 0x0000000084c00000| PB 0x0000000084c00000| Untracked 
|  77|0x0000000084d00000, 0x0000000084e00000, 0x0000000084e00000|100%| O|  |TAMS 0x0000000084d00000| PB 0x0000000084d00000| Untracked 
|  78|0x0000000084e00000, 0x0000000084f00000, 0x0000000084f00000|100%| O|  |TAMS 0x0000000084e00000| PB 0x0000000084e00000| Untracked 
|  79|0x0000000084f00000, 0x0000000085000000, 0x0000000085000000|100%| O|  |TAMS 0x0000000084f00000| PB 0x0000000084f00000| Untracked 
|  80|0x0000000085000000, 0x0000000085100000, 0x0000000085100000|100%| O|  |TAMS 0x0000000085000000| PB 0x0000000085000000| Untracked 
|  81|0x0000000085100000, 0x0000000085200000, 0x0000000085200000|100%| O|  |TAMS 0x0000000085100000| PB 0x0000000085100000| Untracked 
|  82|0x0000000085200000, 0x0000000085300000, 0x0000000085300000|100%| O|  |TAMS 0x0000000085200000| PB 0x0000000085200000| Untracked 
|  83|0x0000000085300000, 0x0000000085400000, 0x0000000085400000|100%| O|  |TAMS 0x0000000085300000| PB 0x0000000085300000| Untracked 
|  84|0x0000000085400000, 0x0000000085500000, 0x0000000085500000|100%| O|  |TAMS 0x0000000085400000| PB 0x0000000085400000| Untracked 
|  85|0x0000000085500000, 0x0000000085600000, 0x0000000085600000|100%| O|  |TAMS 0x0000000085500000| PB 0x0000000085500000| Untracked 
|  86|0x0000000085600000, 0x0000000085700000, 0x0000000085700000|100%| O|  |TAMS 0x0000000085600000| PB 0x0000000085600000| Untracked 
|  87|0x0000000085700000, 0x0000000085800000, 0x0000000085800000|100%| O|  |TAMS 0x0000000085700000| PB 0x0000000085700000| Untracked 
|  88|0x0000000085800000, 0x0000000085900000, 0x0000000085900000|100%| O|  |TAMS 0x0000000085800000| PB 0x0000000085800000| Untracked 
|  89|0x0000000085900000, 0x0000000085a00000, 0x0000000085a00000|100%| O|  |TAMS 0x0000000085900000| PB 0x0000000085900000| Untracked 
|  90|0x0000000085a00000, 0x0000000085b00000, 0x0000000085b00000|100%| O|  |TAMS 0x0000000085a00000| PB 0x0000000085a00000| Untracked 
|  91|0x0000000085b00000, 0x0000000085c00000, 0x0000000085c00000|100%| O|  |TAMS 0x0000000085b00000| PB 0x0000000085b00000| Untracked 
|  92|0x0000000085c00000, 0x0000000085d00000, 0x0000000085d00000|100%| O|  |TAMS 0x0000000085c00000| PB 0x0000000085c00000| Untracked 
|  93|0x0000000085d00000, 0x0000000085e00000, 0x0000000085e00000|100%| O|  |TAMS 0x0000000085d00000| PB 0x0000000085d00000| Untracked 
|  94|0x0000000085e00000, 0x0000000085f00000, 0x0000000085f00000|100%| O|  |TAMS 0x0000000085e00000| PB 0x0000000085e00000| Untracked 
|  95|0x0000000085f00000, 0x0000000086000000, 0x0000000086000000|100%| O|  |TAMS 0x0000000085f00000| PB 0x0000000085f00000| Untracked 
|  96|0x0000000086000000, 0x0000000086100000, 0x0000000086100000|100%| O|  |TAMS 0x0000000086000000| PB 0x0000000086000000| Untracked 
|  97|0x0000000086100000, 0x0000000086200000, 0x0000000086200000|100%| O|  |TAMS 0x0000000086100000| PB 0x0000000086100000| Untracked 
|  98|0x0000000086200000, 0x0000000086300000, 0x0000000086300000|100%| O|  |TAMS 0x0000000086200000| PB 0x0000000086200000| Untracked 
|  99|0x0000000086300000, 0x0000000086400000, 0x0000000086400000|100%| O|  |TAMS 0x0000000086300000| PB 0x0000000086300000| Untracked 
| 100|0x0000000086400000, 0x0000000086500000, 0x0000000086500000|100%| O|  |TAMS 0x0000000086400000| PB 0x0000000086400000| Untracked 
| 101|0x0000000086500000, 0x0000000086600000, 0x0000000086600000|100%| O|  |TAMS 0x0000000086500000| PB 0x0000000086500000| Untracked 
| 102|0x0000000086600000, 0x0000000086700000, 0x0000000086700000|100%| O|  |TAMS 0x0000000086600000| PB 0x0000000086600000| Untracked 
| 103|0x0000000086700000, 0x0000000086800000, 0x0000000086800000|100%| O|  |TAMS 0x0000000086700000| PB 0x0000000086700000| Untracked 
| 104|0x0000000086800000, 0x0000000086900000, 0x0000000086900000|100%| O|  |TAMS 0x0000000086800000| PB 0x0000000086800000| Untracked 
| 105|0x0000000086900000, 0x0000000086a00000, 0x0000000086a00000|100%| O|  |TAMS 0x0000000086900000| PB 0x0000000086900000| Untracked 
| 106|0x0000000086a00000, 0x0000000086b00000, 0x0000000086b00000|100%| O|  |TAMS 0x0000000086a00000| PB 0x0000000086a00000| Untracked 
| 107|0x0000000086b00000, 0x0000000086c00000, 0x0000000086c00000|100%| O|  |TAMS 0x0000000086b00000| PB 0x0000000086b00000| Untracked 
| 108|0x0000000086c00000, 0x0000000086d00000, 0x0000000086d00000|100%| O|  |TAMS 0x0000000086c00000| PB 0x0000000086c00000| Untracked 
| 109|0x0000000086d00000, 0x0000000086e00000, 0x0000000086e00000|100%| O|  |TAMS 0x0000000086d00000| PB 0x0000000086d00000| Untracked 
| 110|0x0000000086e00000, 0x0000000086f00000, 0x0000000086f00000|100%| O|  |TAMS 0x0000000086e00000| PB 0x0000000086e00000| Untracked 
| 111|0x0000000086f00000, 0x0000000087000000, 0x0000000087000000|100%| O|  |TAMS 0x0000000086f00000| PB 0x0000000086f00000| Untracked 
| 112|0x0000000087000000, 0x0000000087100000, 0x0000000087100000|100%| O|  |TAMS 0x0000000087000000| PB 0x0000000087000000| Untracked 
| 113|0x0000000087100000, 0x0000000087200000, 0x0000000087200000|100%| O|  |TAMS 0x0000000087100000| PB 0x0000000087100000| Untracked 
| 114|0x0000000087200000, 0x0000000087300000, 0x0000000087300000|100%| O|  |TAMS 0x0000000087200000| PB 0x0000000087200000| Untracked 
| 115|0x0000000087300000, 0x0000000087400000, 0x0000000087400000|100%| O|  |TAMS 0x0000000087300000| PB 0x0000000087300000| Untracked 
| 116|0x0000000087400000, 0x0000000087500000, 0x0000000087500000|100%| O|  |TAMS 0x0000000087400000| PB 0x0000000087400000| Untracked 
| 117|0x0000000087500000, 0x0000000087600000, 0x0000000087600000|100%| O|  |TAMS 0x0000000087500000| PB 0x0000000087500000| Untracked 
| 118|0x0000000087600000, 0x0000000087700000, 0x0000000087700000|100%| O|  |TAMS 0x0000000087600000| PB 0x0000000087600000| Untracked 
| 119|0x0000000087700000, 0x0000000087700000, 0x0000000087800000|  0%| F|  |TAMS 0x0000000087700000| PB 0x0000000087700000| Untracked 
| 120|0x0000000087800000, 0x0000000087900000, 0x0000000087900000|100%| O|  |TAMS 0x0000000087800000| PB 0x0000000087800000| Untracked 
| 121|0x0000000087900000, 0x0000000087a00000, 0x0000000087a00000|100%| O|  |TAMS 0x0000000087900000| PB 0x0000000087900000| Untracked 
| 122|0x0000000087a00000, 0x0000000087b00000, 0x0000000087b00000|100%| O|  |TAMS 0x0000000087a00000| PB 0x0000000087a00000| Untracked 
| 123|0x0000000087b00000, 0x0000000087c00000, 0x0000000087c00000|100%| O|  |TAMS 0x0000000087b00000| PB 0x0000000087b00000| Untracked 
| 124|0x0000000087c00000, 0x0000000087d00000, 0x0000000087d00000|100%| O|  |TAMS 0x0000000087c00000| PB 0x0000000087c00000| Untracked 
| 125|0x0000000087d00000, 0x0000000087e00000, 0x0000000087e00000|100%| O|  |TAMS 0x0000000087d00000| PB 0x0000000087d00000| Untracked 
| 126|0x0000000087e00000, 0x0000000087f00000, 0x0000000087f00000|100%| O|  |TAMS 0x0000000087e00000| PB 0x0000000087e00000| Untracked 
| 127|0x0000000087f00000, 0x0000000088000000, 0x0000000088000000|100%| O|  |TAMS 0x0000000087f00000| PB 0x0000000087f00000| Untracked 
| 128|0x0000000088000000, 0x0000000088100000, 0x0000000088100000|100%| O|  |TAMS 0x0000000088000000| PB 0x0000000088000000| Untracked 
| 129|0x0000000088100000, 0x0000000088200000, 0x0000000088200000|100%| O|  |TAMS 0x0000000088100000| PB 0x0000000088100000| Untracked 
| 130|0x0000000088200000, 0x0000000088300000, 0x0000000088300000|100%| O|  |TAMS 0x0000000088200000| PB 0x0000000088200000| Untracked 
| 131|0x0000000088300000, 0x0000000088400000, 0x0000000088400000|100%| O|  |TAMS 0x0000000088300000| PB 0x0000000088300000| Untracked 
| 132|0x0000000088400000, 0x0000000088500000, 0x0000000088500000|100%| O|  |TAMS 0x0000000088400000| PB 0x0000000088400000| Untracked 
| 133|0x0000000088500000, 0x0000000088600000, 0x0000000088600000|100%| O|  |TAMS 0x0000000088500000| PB 0x0000000088500000| Untracked 
| 134|0x0000000088600000, 0x0000000088700000, 0x0000000088700000|100%| O|  |TAMS 0x0000000088600000| PB 0x0000000088600000| Untracked 
| 135|0x0000000088700000, 0x0000000088800000, 0x0000000088800000|100%| O|  |TAMS 0x0000000088700000| PB 0x0000000088700000| Untracked 
| 136|0x0000000088800000, 0x0000000088900000, 0x0000000088900000|100%| O|  |TAMS 0x0000000088800000| PB 0x0000000088800000| Untracked 
| 137|0x0000000088900000, 0x0000000088a00000, 0x0000000088a00000|100%| O|  |TAMS 0x0000000088900000| PB 0x0000000088900000| Untracked 
| 138|0x0000000088a00000, 0x0000000088b00000, 0x0000000088b00000|100%| O|  |TAMS 0x0000000088a00000| PB 0x0000000088a00000| Untracked 
| 139|0x0000000088b00000, 0x0000000088c00000, 0x0000000088c00000|100%| O|  |TAMS 0x0000000088b00000| PB 0x0000000088b00000| Untracked 
| 140|0x0000000088c00000, 0x0000000088c00000, 0x0000000088d00000|  0%| F|  |TAMS 0x0000000088c00000| PB 0x0000000088c00000| Untracked 
| 141|0x0000000088d00000, 0x0000000088e00000, 0x0000000088e00000|100%| O|  |TAMS 0x0000000088d00000| PB 0x0000000088d00000| Untracked 
| 142|0x0000000088e00000, 0x0000000088e00000, 0x0000000088f00000|  0%| F|  |TAMS 0x0000000088e00000| PB 0x0000000088e00000| Untracked 
| 143|0x0000000088f00000, 0x0000000089000000, 0x0000000089000000|100%| O|  |TAMS 0x0000000088f00000| PB 0x0000000088f00000| Untracked 
| 144|0x0000000089000000, 0x0000000089100000, 0x0000000089100000|100%| O|  |TAMS 0x0000000089000000| PB 0x0000000089000000| Untracked 
| 145|0x0000000089100000, 0x0000000089200000, 0x0000000089200000|100%| O|  |TAMS 0x0000000089100000| PB 0x0000000089100000| Untracked 
| 146|0x0000000089200000, 0x0000000089300000, 0x0000000089300000|100%| O|  |TAMS 0x0000000089200000| PB 0x0000000089200000| Untracked 
| 147|0x0000000089300000, 0x0000000089300000, 0x0000000089400000|  0%| F|  |TAMS 0x0000000089300000| PB 0x0000000089300000| Untracked 
| 148|0x0000000089400000, 0x00000000894b1080, 0x0000000089500000| 69%| O|  |TAMS 0x0000000089400000| PB 0x0000000089400000| Untracked 
| 149|0x0000000089500000, 0x0000000089500000, 0x0000000089600000|  0%| F|  |TAMS 0x0000000089500000| PB 0x0000000089500000| Untracked 
| 150|0x0000000089600000, 0x0000000089600000, 0x0000000089700000|  0%| F|  |TAMS 0x0000000089600000| PB 0x0000000089600000| Untracked 
| 151|0x0000000089700000, 0x0000000089700000, 0x0000000089800000|  0%| F|  |TAMS 0x0000000089700000| PB 0x0000000089700000| Untracked 
| 152|0x0000000089800000, 0x0000000089800000, 0x0000000089900000|  0%| F|  |TAMS 0x0000000089800000| PB 0x0000000089800000| Untracked 
| 153|0x0000000089900000, 0x0000000089900000, 0x0000000089a00000|  0%| F|  |TAMS 0x0000000089900000| PB 0x0000000089900000| Untracked 
| 154|0x0000000089a00000, 0x0000000089a00000, 0x0000000089b00000|  0%| F|  |TAMS 0x0000000089a00000| PB 0x0000000089a00000| Untracked 
| 155|0x0000000089b00000, 0x0000000089b00000, 0x0000000089c00000|  0%| F|  |TAMS 0x0000000089b00000| PB 0x0000000089b00000| Untracked 
| 156|0x0000000089c00000, 0x0000000089c00000, 0x0000000089d00000|  0%| F|  |TAMS 0x0000000089c00000| PB 0x0000000089c00000| Untracked 
| 157|0x0000000089d00000, 0x0000000089d00000, 0x0000000089e00000|  0%| F|  |TAMS 0x0000000089d00000| PB 0x0000000089d00000| Untracked 
| 158|0x0000000089e00000, 0x0000000089e63e20, 0x0000000089f00000| 39%| S|CS|TAMS 0x0000000089e00000| PB 0x0000000089e00000| Complete 
| 159|0x0000000089f00000, 0x000000008a000000, 0x000000008a000000|100%| S|CS|TAMS 0x0000000089f00000| PB 0x0000000089f00000| Complete 
| 160|0x000000008a000000, 0x000000008a100000, 0x000000008a100000|100%| S|CS|TAMS 0x000000008a000000| PB 0x000000008a000000| Complete 
| 161|0x000000008a100000, 0x000000008a200000, 0x000000008a200000|100%| S|CS|TAMS 0x000000008a100000| PB 0x000000008a100000| Complete 
| 162|0x000000008a200000, 0x000000008a200000, 0x000000008a300000|  0%| F|  |TAMS 0x000000008a200000| PB 0x000000008a200000| Untracked 
| 163|0x000000008a300000, 0x000000008a300000, 0x000000008a400000|  0%| F|  |TAMS 0x000000008a300000| PB 0x000000008a300000| Untracked 
| 164|0x000000008a400000, 0x000000008a400000, 0x000000008a500000|  0%| F|  |TAMS 0x000000008a400000| PB 0x000000008a400000| Untracked 
| 165|0x000000008a500000, 0x000000008a500000, 0x000000008a600000|  0%| F|  |TAMS 0x000000008a500000| PB 0x000000008a500000| Untracked 
| 166|0x000000008a600000, 0x000000008a600000, 0x000000008a700000|  0%| F|  |TAMS 0x000000008a600000| PB 0x000000008a600000| Untracked 
| 167|0x000000008a700000, 0x000000008a700000, 0x000000008a800000|  0%| F|  |TAMS 0x000000008a700000| PB 0x000000008a700000| Untracked 
| 168|0x000000008a800000, 0x000000008a800000, 0x000000008a900000|  0%| F|  |TAMS 0x000000008a800000| PB 0x000000008a800000| Untracked 
| 169|0x000000008a900000, 0x000000008a900000, 0x000000008aa00000|  0%| F|  |TAMS 0x000000008a900000| PB 0x000000008a900000| Untracked 
| 170|0x000000008aa00000, 0x000000008aa00000, 0x000000008ab00000|  0%| F|  |TAMS 0x000000008aa00000| PB 0x000000008aa00000| Untracked 
| 171|0x000000008ab00000, 0x000000008ab00000, 0x000000008ac00000|  0%| F|  |TAMS 0x000000008ab00000| PB 0x000000008ab00000| Untracked 
| 172|0x000000008ac00000, 0x000000008ac00000, 0x000000008ad00000|  0%| F|  |TAMS 0x000000008ac00000| PB 0x000000008ac00000| Untracked 
| 173|0x000000008ad00000, 0x000000008ad00000, 0x000000008ae00000|  0%| F|  |TAMS 0x000000008ad00000| PB 0x000000008ad00000| Untracked 
| 174|0x000000008ae00000, 0x000000008ae00000, 0x000000008af00000|  0%| F|  |TAMS 0x000000008ae00000| PB 0x000000008ae00000| Untracked 
| 175|0x000000008af00000, 0x000000008af00000, 0x000000008b000000|  0%| F|  |TAMS 0x000000008af00000| PB 0x000000008af00000| Untracked 
| 176|0x000000008b000000, 0x000000008b000000, 0x000000008b100000|  0%| F|  |TAMS 0x000000008b000000| PB 0x000000008b000000| Untracked 
| 177|0x000000008b100000, 0x000000008b100000, 0x000000008b200000|  0%| F|  |TAMS 0x000000008b100000| PB 0x000000008b100000| Untracked 
| 178|0x000000008b200000, 0x000000008b200000, 0x000000008b300000|  0%| F|  |TAMS 0x000000008b200000| PB 0x000000008b200000| Untracked 
| 179|0x000000008b300000, 0x000000008b300000, 0x000000008b400000|  0%| F|  |TAMS 0x000000008b300000| PB 0x000000008b300000| Untracked 
| 180|0x000000008b400000, 0x000000008b400000, 0x000000008b500000|  0%| F|  |TAMS 0x000000008b400000| PB 0x000000008b400000| Untracked 
| 181|0x000000008b500000, 0x000000008b500000, 0x000000008b600000|  0%| F|  |TAMS 0x000000008b500000| PB 0x000000008b500000| Untracked 
| 182|0x000000008b600000, 0x000000008b600000, 0x000000008b700000|  0%| F|  |TAMS 0x000000008b600000| PB 0x000000008b600000| Untracked 
| 183|0x000000008b700000, 0x000000008b700000, 0x000000008b800000|  0%| F|  |TAMS 0x000000008b700000| PB 0x000000008b700000| Untracked 
| 184|0x000000008b800000, 0x000000008b800000, 0x000000008b900000|  0%| F|  |TAMS 0x000000008b800000| PB 0x000000008b800000| Untracked 
| 185|0x000000008b900000, 0x000000008b900000, 0x000000008ba00000|  0%| F|  |TAMS 0x000000008b900000| PB 0x000000008b900000| Untracked 
| 186|0x000000008ba00000, 0x000000008ba00000, 0x000000008bb00000|  0%| F|  |TAMS 0x000000008ba00000| PB 0x000000008ba00000| Untracked 
| 187|0x000000008bb00000, 0x000000008bb00000, 0x000000008bc00000|  0%| F|  |TAMS 0x000000008bb00000| PB 0x000000008bb00000| Untracked 
| 188|0x000000008bc00000, 0x000000008bc00000, 0x000000008bd00000|  0%| F|  |TAMS 0x000000008bc00000| PB 0x000000008bc00000| Untracked 
| 189|0x000000008bd00000, 0x000000008bd00000, 0x000000008be00000|  0%| F|  |TAMS 0x000000008bd00000| PB 0x000000008bd00000| Untracked 
| 190|0x000000008be00000, 0x000000008be00000, 0x000000008bf00000|  0%| F|  |TAMS 0x000000008be00000| PB 0x000000008be00000| Untracked 
| 191|0x000000008bf00000, 0x000000008bf00000, 0x000000008c000000|  0%| F|  |TAMS 0x000000008bf00000| PB 0x000000008bf00000| Untracked 
| 192|0x000000008c000000, 0x000000008c000000, 0x000000008c100000|  0%| F|  |TAMS 0x000000008c000000| PB 0x000000008c000000| Untracked 
| 193|0x000000008c100000, 0x000000008c100000, 0x000000008c200000|  0%| F|  |TAMS 0x000000008c100000| PB 0x000000008c100000| Untracked 
| 194|0x000000008c200000, 0x000000008c200000, 0x000000008c300000|  0%| F|  |TAMS 0x000000008c200000| PB 0x000000008c200000| Untracked 
| 195|0x000000008c300000, 0x000000008c300000, 0x000000008c400000|  0%| F|  |TAMS 0x000000008c300000| PB 0x000000008c300000| Untracked 
| 196|0x000000008c400000, 0x000000008c400000, 0x000000008c500000|  0%| F|  |TAMS 0x000000008c400000| PB 0x000000008c400000| Untracked 
| 197|0x000000008c500000, 0x000000008c500000, 0x000000008c600000|  0%| F|  |TAMS 0x000000008c500000| PB 0x000000008c500000| Untracked 
| 198|0x000000008c600000, 0x000000008c600000, 0x000000008c700000|  0%| F|  |TAMS 0x000000008c600000| PB 0x000000008c600000| Untracked 
| 199|0x000000008c700000, 0x000000008c700000, 0x000000008c800000|  0%| F|  |TAMS 0x000000008c700000| PB 0x000000008c700000| Untracked 
| 200|0x000000008c800000, 0x000000008c800000, 0x000000008c900000|  0%| F|  |TAMS 0x000000008c800000| PB 0x000000008c800000| Untracked 
| 201|0x000000008c900000, 0x000000008c900000, 0x000000008ca00000|  0%| F|  |TAMS 0x000000008c900000| PB 0x000000008c900000| Untracked 
| 202|0x000000008ca00000, 0x000000008ca00000, 0x000000008cb00000|  0%| F|  |TAMS 0x000000008ca00000| PB 0x000000008ca00000| Untracked 
| 203|0x000000008cb00000, 0x000000008cb00000, 0x000000008cc00000|  0%| F|  |TAMS 0x000000008cb00000| PB 0x000000008cb00000| Untracked 
| 204|0x000000008cc00000, 0x000000008cc00000, 0x000000008cd00000|  0%| F|  |TAMS 0x000000008cc00000| PB 0x000000008cc00000| Untracked 
| 205|0x000000008cd00000, 0x000000008cd00000, 0x000000008ce00000|  0%| F|  |TAMS 0x000000008cd00000| PB 0x000000008cd00000| Untracked 
| 206|0x000000008ce00000, 0x000000008ce00000, 0x000000008cf00000|  0%| F|  |TAMS 0x000000008ce00000| PB 0x000000008ce00000| Untracked 
| 207|0x000000008cf00000, 0x000000008cf00000, 0x000000008d000000|  0%| F|  |TAMS 0x000000008cf00000| PB 0x000000008cf00000| Untracked 
| 208|0x000000008d000000, 0x000000008d000000, 0x000000008d100000|  0%| F|  |TAMS 0x000000008d000000| PB 0x000000008d000000| Untracked 
| 209|0x000000008d100000, 0x000000008d100000, 0x000000008d200000|  0%| F|  |TAMS 0x000000008d100000| PB 0x000000008d100000| Untracked 
| 210|0x000000008d200000, 0x000000008d200000, 0x000000008d300000|  0%| F|  |TAMS 0x000000008d200000| PB 0x000000008d200000| Untracked 
| 211|0x000000008d300000, 0x000000008d300000, 0x000000008d400000|  0%| F|  |TAMS 0x000000008d300000| PB 0x000000008d300000| Untracked 
| 212|0x000000008d400000, 0x000000008d400000, 0x000000008d500000|  0%| F|  |TAMS 0x000000008d400000| PB 0x000000008d400000| Untracked 
| 213|0x000000008d500000, 0x000000008d500000, 0x000000008d600000|  0%| F|  |TAMS 0x000000008d500000| PB 0x000000008d500000| Untracked 
| 214|0x000000008d600000, 0x000000008d600000, 0x000000008d700000|  0%| F|  |TAMS 0x000000008d600000| PB 0x000000008d600000| Untracked 
| 215|0x000000008d700000, 0x000000008d700000, 0x000000008d800000|  0%| F|  |TAMS 0x000000008d700000| PB 0x000000008d700000| Untracked 
| 216|0x000000008d800000, 0x000000008d800000, 0x000000008d900000|  0%| F|  |TAMS 0x000000008d800000| PB 0x000000008d800000| Untracked 
| 217|0x000000008d900000, 0x000000008d900000, 0x000000008da00000|  0%| F|  |TAMS 0x000000008d900000| PB 0x000000008d900000| Untracked 
| 218|0x000000008da00000, 0x000000008da00000, 0x000000008db00000|  0%| F|  |TAMS 0x000000008da00000| PB 0x000000008da00000| Untracked 
| 219|0x000000008db00000, 0x000000008db00000, 0x000000008dc00000|  0%| F|  |TAMS 0x000000008db00000| PB 0x000000008db00000| Untracked 
| 220|0x000000008dc00000, 0x000000008dc00000, 0x000000008dd00000|  0%| F|  |TAMS 0x000000008dc00000| PB 0x000000008dc00000| Untracked 
| 221|0x000000008dd00000, 0x000000008dd00000, 0x000000008de00000|  0%| F|  |TAMS 0x000000008dd00000| PB 0x000000008dd00000| Untracked 
| 222|0x000000008de00000, 0x000000008de00000, 0x000000008df00000|  0%| F|  |TAMS 0x000000008de00000| PB 0x000000008de00000| Untracked 
| 223|0x000000008df00000, 0x000000008df00000, 0x000000008e000000|  0%| F|  |TAMS 0x000000008df00000| PB 0x000000008df00000| Untracked 
| 224|0x000000008e000000, 0x000000008e000000, 0x000000008e100000|  0%| F|  |TAMS 0x000000008e000000| PB 0x000000008e000000| Untracked 
| 225|0x000000008e100000, 0x000000008e100000, 0x000000008e200000|  0%| F|  |TAMS 0x000000008e100000| PB 0x000000008e100000| Untracked 
| 226|0x000000008e200000, 0x000000008e200000, 0x000000008e300000|  0%| F|  |TAMS 0x000000008e200000| PB 0x000000008e200000| Untracked 
| 227|0x000000008e300000, 0x000000008e300000, 0x000000008e400000|  0%| F|  |TAMS 0x000000008e300000| PB 0x000000008e300000| Untracked 
| 228|0x000000008e400000, 0x000000008e400000, 0x000000008e500000|  0%| F|  |TAMS 0x000000008e400000| PB 0x000000008e400000| Untracked 
| 229|0x000000008e500000, 0x000000008e500000, 0x000000008e600000|  0%| F|  |TAMS 0x000000008e500000| PB 0x000000008e500000| Untracked 
| 230|0x000000008e600000, 0x000000008e600000, 0x000000008e700000|  0%| F|  |TAMS 0x000000008e600000| PB 0x000000008e600000| Untracked 
| 231|0x000000008e700000, 0x000000008e700000, 0x000000008e800000|  0%| F|  |TAMS 0x000000008e700000| PB 0x000000008e700000| Untracked 
| 232|0x000000008e800000, 0x000000008e800000, 0x000000008e900000|  0%| F|  |TAMS 0x000000008e800000| PB 0x000000008e800000| Untracked 
| 233|0x000000008e900000, 0x000000008e900000, 0x000000008ea00000|  0%| F|  |TAMS 0x000000008e900000| PB 0x000000008e900000| Untracked 
| 234|0x000000008ea00000, 0x000000008ea00000, 0x000000008eb00000|  0%| F|  |TAMS 0x000000008ea00000| PB 0x000000008ea00000| Untracked 
| 235|0x000000008eb00000, 0x000000008eb00000, 0x000000008ec00000|  0%| F|  |TAMS 0x000000008eb00000| PB 0x000000008eb00000| Untracked 
| 236|0x000000008ec00000, 0x000000008ec00000, 0x000000008ed00000|  0%| F|  |TAMS 0x000000008ec00000| PB 0x000000008ec00000| Untracked 
| 237|0x000000008ed00000, 0x000000008ed00000, 0x000000008ee00000|  0%| F|  |TAMS 0x000000008ed00000| PB 0x000000008ed00000| Untracked 
| 238|0x000000008ee00000, 0x000000008ee00000, 0x000000008ef00000|  0%| F|  |TAMS 0x000000008ee00000| PB 0x000000008ee00000| Untracked 
| 239|0x000000008ef00000, 0x000000008ef00000, 0x000000008f000000|  0%| F|  |TAMS 0x000000008ef00000| PB 0x000000008ef00000| Untracked 
| 240|0x000000008f000000, 0x000000008f000000, 0x000000008f100000|  0%| F|  |TAMS 0x000000008f000000| PB 0x000000008f000000| Untracked 
| 241|0x000000008f100000, 0x000000008f100000, 0x000000008f200000|  0%| F|  |TAMS 0x000000008f100000| PB 0x000000008f100000| Untracked 
| 242|0x000000008f200000, 0x000000008f200000, 0x000000008f300000|  0%| F|  |TAMS 0x000000008f200000| PB 0x000000008f200000| Untracked 
| 243|0x000000008f300000, 0x000000008f300000, 0x000000008f400000|  0%| F|  |TAMS 0x000000008f300000| PB 0x000000008f300000| Untracked 
| 244|0x000000008f400000, 0x000000008f400000, 0x000000008f500000|  0%| F|  |TAMS 0x000000008f400000| PB 0x000000008f400000| Untracked 
| 245|0x000000008f500000, 0x000000008f500000, 0x000000008f600000|  0%| F|  |TAMS 0x000000008f500000| PB 0x000000008f500000| Untracked 
|2043|0x00000000ffb00000, 0x00000000ffb00000, 0x00000000ffc00000|  0%| F|  |TAMS 0x00000000ffb00000| PB 0x00000000ffb00000| Untracked 
|2044|0x00000000ffc00000, 0x00000000ffc00000, 0x00000000ffd00000|  0%| F|  |TAMS 0x00000000ffc00000| PB 0x00000000ffc00000| Untracked 
|2045|0x00000000ffd00000, 0x00000000ffd00000, 0x00000000ffe00000|  0%| F|  |TAMS 0x00000000ffd00000| PB 0x00000000ffd00000| Untracked 
|2046|0x00000000ffe00000, 0x00000000ffe00000, 0x00000000fff00000|  0%| F|  |TAMS 0x00000000ffe00000| PB 0x00000000ffe00000| Untracked 
|2047|0x00000000fff00000, 0x0000000100000000, 0x0000000100000000|100%| O|  |TAMS 0x00000000fff00000| PB 0x00000000fff00000| Untracked 

Card table byte_map: [0x000001e6fe380000,0x000001e6fe780000] _byte_map_base: 0x000001e6fdf80000

Marking Bits: (CMBitMap*) 0x000001e6ebb399d0
 Bits: [0x000001e680000000, 0x000001e682000000)

Polling page: 0x000001e6e9920000

Metaspace:

Usage:
  Non-class:    111.46 MB used.
      Class:     18.10 MB used.
       Both:    129.56 MB used.

Virtual space:
  Non-class space:      128.00 MB reserved,     112.56 MB ( 88%) committed,  2 nodes.
      Class space:        1.00 GB reserved,      19.19 MB (  2%) committed,  1 nodes.
             Both:        1.12 GB reserved,     131.75 MB ( 11%) committed. 

Chunk freelists:
   Non-Class:  14.56 MB
       Class:  12.74 MB
        Both:  27.30 MB

MaxMetaspaceSize: unlimited
CompressedClassSpaceSize: 1.00 GB
Initial GC threshold: 21.00 MB
Current GC threshold: 219.50 MB
CDS: off
 - commit_granule_bytes: 65536.
 - commit_granule_words: 8192.
 - virtual_space_node_default_size: 8388608.
 - enlarge_chunks_in_place: 1.
 - use_allocation_guard: 0.


Internal statistics:

num_allocs_failed_limit: 6.
num_arena_births: 4352.
num_arena_deaths: 14.
num_vsnodes_births: 3.
num_vsnodes_deaths: 0.
num_space_committed: 2107.
num_space_uncommitted: 0.
num_chunks_returned_to_freelist: 25.
num_chunks_taken_from_freelist: 9943.
num_chunk_merges: 8.
num_chunk_splits: 6587.
num_chunks_enlarged: 4287.
num_inconsistent_stats: 0.

CodeHeap 'non-profiled nmethods': size=120000Kb used=7008Kb max_used=7021Kb free=112991Kb
 bounds [0x000001e6f6710000, 0x000001e6f6e00000, 0x000001e6fdc40000]
CodeHeap 'profiled nmethods': size=120000Kb used=31493Kb max_used=32444Kb free=88506Kb
 bounds [0x000001e6eec40000, 0x000001e6f0c20000, 0x000001e6f6170000]
CodeHeap 'non-nmethods': size=5760Kb used=2909Kb max_used=2989Kb free=2850Kb
 bounds [0x000001e6f6170000, 0x000001e6f6470000, 0x000001e6f6710000]
CodeCache: size=245760Kb, used=41410Kb, max_used=42454Kb, free=204347Kb
 total_blobs=15777, nmethods=14760, adapters=918, full_count=0
Compilation: enabled, stopped_count=0, restarted_count=0

Compilation events (20 events):
Event: 45.431 Thread 0x000001e6ff3f22e0 nmethod 18590 0x000001e6efeece90 code [0x000001e6efeed060, 0x000001e6efeed368]
Event: 45.431 Thread 0x000001e6ff3f22e0 18592       3       com.android.tools.r8.internal.fi::<init> (130 bytes)
Event: 45.433 Thread 0x000001e6ff3f22e0 nmethod 18592 0x000001e6f035e690 code [0x000001e6f035e960, 0x000001e6f035faf8]
Event: 45.433 Thread 0x000001e6ff3f22e0 18606       3       com.android.tools.r8.internal.vf1::e (176 bytes)
Event: 45.434 Thread 0x000001e6ff3f22e0 nmethod 18606 0x000001e6ef248610 code [0x000001e6ef248840, 0x000001e6ef249270]
Event: 45.434 Thread 0x000001e6ff3f22e0 18576       3       com.android.tools.r8.internal.b41::c (213 bytes)
Event: 45.436 Thread 0x000001e6ff3f22e0 nmethod 18576 0x000001e6eff35f10 code [0x000001e6eff361c0, 0x000001e6eff37200]
Event: 45.436 Thread 0x000001e6ff3f22e0 18587       3       com.android.tools.r8.internal.rh$a::a (51 bytes)
Event: 45.437 Thread 0x000001e6ff3f22e0 nmethod 18587 0x000001e6f03dca10 code [0x000001e6f03dcc20, 0x000001e6f03dd1e0]
Event: 45.437 Thread 0x000001e6ff3f22e0 18591       3       com.android.tools.r8.internal.kc2::a (109 bytes)
Event: 45.438 Thread 0x000001e6ff3f22e0 nmethod 18591 0x000001e6ef6ecd10 code [0x000001e6ef6ecf60, 0x000001e6ef6edaa0]
Event: 45.438 Thread 0x000001e6ff3f22e0 18589       3       com.android.tools.r8.internal.d41::b (78 bytes)
Event: 45.438 Thread 0x000001e6ff3f22e0 nmethod 18589 0x000001e6f03dee10 code [0x000001e6f03defc0, 0x000001e6f03df190]
Event: 45.438 Thread 0x000001e6ff3f22e0 18595       3       com.android.tools.r8.graph.s9::a (11 bytes)
Event: 45.439 Thread 0x000001e6ff3f22e0 nmethod 18595 0x000001e6f03f7610 code [0x000001e6f03f77c0, 0x000001e6f03f7958]
Event: 45.439 Thread 0x000001e6ff3f22e0 18588       3       com.android.tools.r8.graph.proto.c::a (101 bytes)
Event: 45.439 Thread 0x000001e6ff3f22e0 nmethod 18588 0x000001e6ef45b090 code [0x000001e6ef45b2c0, 0x000001e6ef45bbc8]
Event: 45.439 Thread 0x000001e6ff3f22e0 18597       3       com.android.tools.r8.graph.hc::a (28 bytes)
Event: 45.440 Thread 0x000001e6ff3f22e0 nmethod 18597 0x000001e6ef680d90 code [0x000001e6ef680f80, 0x000001e6ef6814a8]
Event: 45.440 Thread 0x000001e6ff3f22e0 18605       3       com.android.tools.r8.internal.lr0::c (1678 bytes)

GC Heap History (20 events):
Event: 36.790 GC heap after
{Heap after GC invocations=53 (full 0):
 garbage-first heap   total 214016K, used 134144K [0x0000000080000000, 0x0000000100000000)
  region size 1024K, 10 young (10240K), 10 survivors (10240K)
 Metaspace       used 122766K, committed 124992K, reserved 1179648K
  class space    used 17161K, committed 18240K, reserved 1048576K
}
Event: 37.433 GC heap before
{Heap before GC invocations=53 (full 0):
 garbage-first heap   total 214016K, used 191488K [0x0000000080000000, 0x0000000100000000)
  region size 1024K, 67 young (68608K), 10 survivors (10240K)
 Metaspace       used 124494K, committed 126720K, reserved 1179648K
  class space    used 17359K, committed 18432K, reserved 1048576K
}
Event: 37.467 GC heap after
{Heap after GC invocations=54 (full 0):
 garbage-first heap   total 214016K, used 140723K [0x0000000080000000, 0x0000000100000000)
  region size 1024K, 9 young (9216K), 9 survivors (9216K)
 Metaspace       used 124494K, committed 126720K, reserved 1179648K
  class space    used 17359K, committed 18432K, reserved 1048576K
}
Event: 38.578 GC heap before
{Heap before GC invocations=54 (full 0):
 garbage-first heap   total 214016K, used 191923K [0x0000000080000000, 0x0000000100000000)
  region size 1024K, 60 young (61440K), 9 survivors (9216K)
 Metaspace       used 125689K, committed 127936K, reserved 1179648K
  class space    used 17587K, committed 18688K, reserved 1048576K
}
Event: 38.619 GC heap after
{Heap after GC invocations=55 (full 0):
 garbage-first heap   total 257024K, used 149043K [0x0000000080000000, 0x0000000100000000)
  region size 1024K, 8 young (8192K), 8 survivors (8192K)
 Metaspace       used 125689K, committed 127936K, reserved 1179648K
  class space    used 17587K, committed 18688K, reserved 1048576K
}
Event: 41.136 GC heap before
{Heap before GC invocations=56 (full 0):
 garbage-first heap   total 257024K, used 230963K [0x0000000080000000, 0x0000000100000000)
  region size 1024K, 88 young (90112K), 8 survivors (8192K)
 Metaspace       used 130408K, committed 132672K, reserved 1179648K
  class space    used 18425K, committed 19520K, reserved 1048576K
}
Event: 41.169 GC heap after
{Heap after GC invocations=57 (full 0):
 garbage-first heap   total 257024K, used 154130K [0x0000000080000000, 0x0000000100000000)
  region size 1024K, 5 young (5120K), 5 survivors (5120K)
 Metaspace       used 130408K, committed 132672K, reserved 1179648K
  class space    used 18425K, committed 19520K, reserved 1048576K
}
Event: 42.056 GC heap before
{Heap before GC invocations=57 (full 0):
 garbage-first heap   total 257024K, used 234002K [0x0000000080000000, 0x0000000100000000)
  region size 1024K, 83 young (84992K), 5 survivors (5120K)
 Metaspace       used 131866K, committed 134080K, reserved 1179648K
  class space    used 18508K, committed 19584K, reserved 1048576K
}
Event: 42.069 GC heap after
{Heap after GC invocations=58 (full 0):
 garbage-first heap   total 257024K, used 152673K [0x0000000080000000, 0x0000000100000000)
  region size 1024K, 5 young (5120K), 5 survivors (5120K)
 Metaspace       used 131866K, committed 134080K, reserved 1179648K
  class space    used 18508K, committed 19584K, reserved 1048576K
}
Event: 42.868 GC heap before
{Heap before GC invocations=58 (full 0):
 garbage-first heap   total 257024K, used 236641K [0x0000000080000000, 0x0000000100000000)
  region size 1024K, 87 young (89088K), 5 survivors (5120K)
 Metaspace       used 132054K, committed 134336K, reserved 1179648K
  class space    used 18517K, committed 19584K, reserved 1048576K
}
Event: 42.888 GC heap after
{Heap after GC invocations=59 (full 0):
 garbage-first heap   total 257024K, used 153117K [0x0000000080000000, 0x0000000100000000)
  region size 1024K, 5 young (5120K), 5 survivors (5120K)
 Metaspace       used 132054K, committed 134336K, reserved 1179648K
  class space    used 18517K, committed 19584K, reserved 1048576K
}
Event: 43.672 GC heap before
{Heap before GC invocations=60 (full 0):
 garbage-first heap   total 257024K, used 237085K [0x0000000080000000, 0x0000000100000000)
  region size 1024K, 87 young (89088K), 5 survivors (5120K)
 Metaspace       used 132193K, committed 134400K, reserved 1179648K
  class space    used 18525K, committed 19584K, reserved 1048576K
}
Event: 43.681 GC heap after
{Heap after GC invocations=61 (full 0):
 garbage-first heap   total 257024K, used 153230K [0x0000000080000000, 0x0000000100000000)
  region size 1024K, 6 young (6144K), 6 survivors (6144K)
 Metaspace       used 132193K, committed 134400K, reserved 1179648K
  class space    used 18525K, committed 19584K, reserved 1048576K
}
Event: 44.152 GC heap before
{Heap before GC invocations=61 (full 0):
 garbage-first heap   total 257024K, used 235150K [0x0000000080000000, 0x0000000100000000)
  region size 1024K, 86 young (88064K), 6 survivors (6144K)
 Metaspace       used 132375K, committed 134592K, reserved 1179648K
  class space    used 18526K, committed 19584K, reserved 1048576K
}
Event: 44.165 GC heap after
{Heap after GC invocations=62 (full 0):
 garbage-first heap   total 257024K, used 151261K [0x0000000080000000, 0x0000000100000000)
  region size 1024K, 6 young (6144K), 6 survivors (6144K)
 Metaspace       used 132375K, committed 134592K, reserved 1179648K
  class space    used 18526K, committed 19584K, reserved 1048576K
}
Event: 44.545 GC heap before
{Heap before GC invocations=62 (full 0):
 garbage-first heap   total 257024K, used 236253K [0x0000000080000000, 0x0000000100000000)
  region size 1024K, 89 young (91136K), 6 survivors (6144K)
 Metaspace       used 132515K, committed 134784K, reserved 1179648K
  class space    used 18530K, committed 19648K, reserved 1048576K
}
Event: 44.556 GC heap after
{Heap after GC invocations=63 (full 0):
 garbage-first heap   total 257024K, used 151701K [0x0000000080000000, 0x0000000100000000)
  region size 1024K, 7 young (7168K), 7 survivors (7168K)
 Metaspace       used 132515K, committed 134784K, reserved 1179648K
  class space    used 18530K, committed 19648K, reserved 1048576K
}
Event: 45.108 GC heap before
{Heap before GC invocations=64 (full 0):
 garbage-first heap   total 257024K, used 233621K [0x0000000080000000, 0x0000000100000000)
  region size 1024K, 88 young (90112K), 7 survivors (7168K)
 Metaspace       used 132650K, committed 134912K, reserved 1179648K
  class space    used 18532K, committed 19648K, reserved 1048576K
}
Event: 45.120 GC heap after
{Heap after GC invocations=65 (full 0):
 garbage-first heap   total 257024K, used 152306K [0x0000000080000000, 0x0000000100000000)
  region size 1024K, 3 young (3072K), 3 survivors (3072K)
 Metaspace       used 132650K, committed 134912K, reserved 1179648K
  class space    used 18532K, committed 19648K, reserved 1048576K
}
Event: 45.456 GC heap before
{Heap before GC invocations=65 (full 0):
 garbage-first heap   total 257024K, used 239346K [0x0000000080000000, 0x0000000100000000)
  region size 1024K, 88 young (90112K), 3 survivors (3072K)
 Metaspace       used 132669K, committed 134912K, reserved 1179648K
  class space    used 18533K, committed 19648K, reserved 1048576K
}

Dll operation events (3 events):
Event: 0.014 Loaded shared library C:\Program Files\Common Files\Android\Android Studio\jbr\bin\java.dll
Event: 0.033 Loaded shared library C:\Program Files\Common Files\Android\Android Studio\jbr\bin\zip.dll
Event: 1.832 Loaded shared library C:\Program Files\Common Files\Android\Android Studio\jbr\bin\verify.dll

Deoptimization events (20 events):
Event: 44.478 Thread 0x000001e68e888120 Uncommon trap: trap_request=0xffffff45 fr.pc=0x000001e6f6d744c0 relative=0x0000000000000120
Event: 44.478 Thread 0x000001e68e888120 Uncommon trap: reason=unstable_if action=reinterpret pc=0x000001e6f6d744c0 method=com.android.tools.r8.internal.wd4.a(C)Lcom/android/tools/r8/internal/wd4; @ 1 c2
Event: 44.478 Thread 0x000001e68e888120 DEOPT PACKING pc=0x000001e6f6d744c0 sp=0x0000003b5f1f6100
Event: 44.478 Thread 0x000001e68e888120 DEOPT UNPACKING pc=0x000001e6f61c46a2 sp=0x0000003b5f1f5fd0 mode 2
Event: 44.481 Thread 0x000001e68e888120 Uncommon trap: trap_request=0xffffff45 fr.pc=0x000001e6f6d748ec relative=0x00000000000000cc
Event: 44.481 Thread 0x000001e68e888120 Uncommon trap: reason=unstable_if action=reinterpret pc=0x000001e6f6d748ec method=com.android.tools.r8.internal.wd4.a(C)Lcom/android/tools/r8/internal/wd4; @ 1 c2
Event: 44.481 Thread 0x000001e68e888120 DEOPT PACKING pc=0x000001e6f6d748ec sp=0x0000003b5f1f6030
Event: 44.481 Thread 0x000001e68e888120 DEOPT UNPACKING pc=0x000001e6f61c46a2 sp=0x0000003b5f1f5fc8 mode 2
Event: 44.524 Thread 0x000001e68eb18560 Uncommon trap: trap_request=0xffffff45 fr.pc=0x000001e6f6a09620 relative=0x0000000000001720
Event: 44.524 Thread 0x000001e68eb18560 Uncommon trap: reason=unstable_if action=reinterpret pc=0x000001e6f6a09620 method=java.util.concurrent.ConcurrentHashMap.computeIfAbsent(Ljava/lang/Object;Ljava/util/function/Function;)Ljava/lang/Object; @ 539 c2
Event: 44.524 Thread 0x000001e68eb18560 DEOPT PACKING pc=0x000001e6f6a09620 sp=0x0000003b5d3f9440
Event: 44.524 Thread 0x000001e68eb18560 DEOPT UNPACKING pc=0x000001e6f61c46a2 sp=0x0000003b5d3f93e0 mode 2
Event: 45.039 Thread 0x000001e68e5d39d0 Uncommon trap: trap_request=0xffffff45 fr.pc=0x000001e6f6c149c8 relative=0x0000000000000488
Event: 45.039 Thread 0x000001e68e5d39d0 Uncommon trap: reason=unstable_if action=reinterpret pc=0x000001e6f6c149c8 method=com.android.tools.r8.internal.ta1.j(I)Lcom/android/tools/r8/internal/qa1; @ 48 c2
Event: 45.039 Thread 0x000001e68e5d39d0 DEOPT PACKING pc=0x000001e6f6c149c8 sp=0x0000003b5daf8fd0
Event: 45.039 Thread 0x000001e68e5d39d0 DEOPT UNPACKING pc=0x000001e6f61c46a2 sp=0x0000003b5daf8f10 mode 2
Event: 45.377 Thread 0x000001e68e5d39d0 Uncommon trap: trap_request=0xffffff45 fr.pc=0x000001e6f6dc020c relative=0x00000000000000cc
Event: 45.377 Thread 0x000001e68e5d39d0 Uncommon trap: reason=unstable_if action=reinterpret pc=0x000001e6f6dc020c method=com.android.tools.r8.internal.w31.a(Lcom/android/tools/r8/internal/rc;)Z @ 25 c2
Event: 45.377 Thread 0x000001e68e5d39d0 DEOPT PACKING pc=0x000001e6f6dc020c sp=0x0000003b5daf94d0
Event: 45.377 Thread 0x000001e68e5d39d0 DEOPT UNPACKING pc=0x000001e6f61c46a2 sp=0x0000003b5daf9458 mode 2

Classes loaded (20 events):
Event: 36.082 Loading class java/util/concurrent/ConcurrentHashMap$TreeNode
Event: 36.082 Loading class java/util/concurrent/ConcurrentHashMap$TreeNode done
Event: 36.082 Loading class java/util/concurrent/ConcurrentHashMap$TreeBin
Event: 36.083 Loading class java/util/concurrent/ConcurrentHashMap$TreeBin done
Event: 40.238 Loading class java/util/IdentityHashMap$EntrySpliterator
Event: 40.239 Loading class java/util/IdentityHashMap$IdentityHashMapSpliterator
Event: 40.239 Loading class java/util/IdentityHashMap$IdentityHashMapSpliterator done
Event: 40.239 Loading class java/util/IdentityHashMap$EntrySpliterator done
Event: 40.308 Loading class java/util/SortedSet$1
Event: 40.310 Loading class java/util/SortedSet$1 done
Event: 40.318 Loading class java/util/stream/SliceOps
Event: 40.320 Loading class java/util/stream/SliceOps done
Event: 40.320 Loading class java/util/stream/SliceOps$1
Event: 40.322 Loading class java/util/stream/SliceOps$1 done
Event: 40.326 Loading class java/util/stream/SliceOps$1$1
Event: 40.327 Loading class java/util/stream/SliceOps$1$1 done
Event: 40.356 Loading class java/util/PriorityQueue
Event: 40.357 Loading class java/util/PriorityQueue done
Event: 40.395 Loading class java/util/IdentityHashMap$ValueIterator
Event: 40.395 Loading class java/util/IdentityHashMap$ValueIterator done

Classes unloaded (7 events):
Event: 38.938 Thread 0x000001e6ff1fbfb0 Unloading class 0x00000001011c0000 'java/lang/invoke/LambdaForm$DMH+0x00000001011c0000'
Event: 38.938 Thread 0x000001e6ff1fbfb0 Unloading class 0x00000001011c0800 'java/lang/invoke/LambdaForm$DMH+0x00000001011c0800'
Event: 38.938 Thread 0x000001e6ff1fbfb0 Unloading class 0x0000000101160400 'java/lang/invoke/LambdaForm$DMH+0x0000000101160400'
Event: 43.419 Thread 0x000001e6ff1fbfb0 Unloading class 0x0000000101248000 'java/lang/invoke/LambdaForm$DMH+0x0000000101248000'
Event: 43.419 Thread 0x000001e6ff1fbfb0 Unloading class 0x0000000101248800 'java/lang/invoke/LambdaForm$DMH+0x0000000101248800'
Event: 43.419 Thread 0x000001e6ff1fbfb0 Unloading class 0x0000000101224800 'java/lang/invoke/LambdaForm$DMH+0x0000000101224800'
Event: 43.419 Thread 0x000001e6ff1fbfb0 Unloading class 0x0000000101224400 'java/lang/invoke/LambdaForm$DMH+0x0000000101224400'

Classes redefined (0 events):
No events

Internal exceptions (20 events):
Event: 36.510 Thread 0x000001e68e888120 Exception <a 'java/lang/IncompatibleClassChangeError'{0x00000000897a2a20}: Found class java.lang.Object, but interface was expected> (0x00000000897a2a20) 
thrown [s\src\hotspot\share\interpreter\linkResolver.cpp, line 851]
Event: 36.510 Thread 0x000001e68eb18560 Exception <a 'java/lang/IncompatibleClassChangeError'{0x00000000897e2d38}: Found class java.lang.Object, but interface was expected> (0x00000000897e2d38) 
thrown [s\src\hotspot\share\interpreter\linkResolver.cpp, line 851]
Event: 36.512 Thread 0x000001e68eb18560 Exception <a 'java/lang/NoSuchMethodError'{0x00000000897e6c50}: 'void java.lang.invoke.DirectMethodHandle$Holder.invokeInterface(java.lang.Object, java.lang.Object, java.lang.Object, int)'> (0x00000000897e6c50) 
thrown [s\src\hotspot\share\interpreter\linkResolver.cpp, line 784]
Event: 36.512 Thread 0x000001e68e5d39d0 Exception <a 'java/lang/NoSuchMethodError'{0x00000000899db0b8}: 'void java.lang.invoke.DirectMethodHandle$Holder.invokeInterface(java.lang.Object, java.lang.Object, java.lang.Object, int)'> (0x00000000899db0b8) 
thrown [s\src\hotspot\share\interpreter\linkResolver.cpp, line 784]
Event: 36.512 Thread 0x000001e68e888120 Exception <a 'java/lang/NoSuchMethodError'{0x00000000897af3d8}: 'void java.lang.invoke.DirectMethodHandle$Holder.invokeInterface(java.lang.Object, java.lang.Object, java.lang.Object, int)'> (0x00000000897af3d8) 
thrown [s\src\hotspot\share\interpreter\linkResolver.cpp, line 784]
Event: 37.503 Thread 0x000001e68eb18560 Exception <a 'java/lang/NoSuchMethodError'{0x000000008ca03968}: 'java.lang.Object java.lang.invoke.DirectMethodHandle$Holder.invokeStatic(java.lang.Object, int, java.lang.Object, java.lang.Object)'> (0x000000008ca03968) 
thrown [s\src\hotspot\share\interpreter\linkResolver.cpp, line 784]
Event: 37.504 Thread 0x000001e68e888120 Exception <a 'java/lang/NoSuchMethodError'{0x000000008cb63f68}: 'java.lang.Object java.lang.invoke.DirectMethodHandle$Holder.invokeStatic(java.lang.Object, int, java.lang.Object, java.lang.Object)'> (0x000000008cb63f68) 
thrown [s\src\hotspot\share\interpreter\linkResolver.cpp, line 784]
Event: 37.505 Thread 0x000001e68eb18560 Exception <a 'java/lang/NoSuchMethodError'{0x000000008ca15708}: 'java.lang.Object java.lang.invoke.DirectMethodHandle$Holder.invokeStatic(java.lang.Object, java.lang.Object, int, java.lang.Object, java.lang.Object)'> (0x000000008ca15708) 
thrown [s\src\hotspot\share\interpreter\linkResolver.cpp, line 784]
Event: 37.505 Thread 0x000001e68e888120 Exception <a 'java/lang/NoSuchMethodError'{0x000000008cb6d838}: 'java.lang.Object java.lang.invoke.DirectMethodHandle$Holder.invokeStatic(java.lang.Object, java.lang.Object, int, java.lang.Object, java.lang.Object)'> (0x000000008cb6d838) 
thrown [s\src\hotspot\share\interpreter\linkResolver.cpp, line 784]
Event: 39.782 Thread 0x000001e68eb18560 Exception <a 'java/lang/IncompatibleClassChangeError'{0x000000008e785c70}: Found class java.lang.Object, but interface was expected> (0x000000008e785c70) 
thrown [s\src\hotspot\share\interpreter\linkResolver.cpp, line 851]
Event: 39.784 Thread 0x000001e68eb18560 Exception <a 'java/lang/IncompatibleClassChangeError'{0x000000008e78a1e8}: Found class java.lang.Object, but interface was expected> (0x000000008e78a1e8) 
thrown [s\src\hotspot\share\interpreter\linkResolver.cpp, line 851]
Event: 40.128 Thread 0x000001e68eb18560 Exception <a 'java/lang/NoSuchMethodError'{0x000000008ddfa068}: 'void java.lang.invoke.DirectMethodHandle$Holder.invokeSpecial(java.lang.Object, java.lang.Object, int, java.lang.Object)'> (0x000000008ddfa068) 
thrown [s\src\hotspot\share\interpreter\linkResolver.cpp, line 784]
Event: 40.412 Thread 0x000001e68eb18560 Exception <a 'java/lang/NoSuchMethodError'{0x000000008d3e3f68}: 'void java.lang.invoke.DirectMethodHandle$Holder.invokeVirtual(java.lang.Object, java.lang.Object, int)'> (0x000000008d3e3f68) 
thrown [s\src\hotspot\share\interpreter\linkResolver.cpp, line 784]
Event: 40.412 Thread 0x000001e68e888120 Exception <a 'java/lang/NoSuchMethodError'{0x000000008d39f308}: 'void java.lang.invoke.DirectMethodHandle$Holder.invokeVirtual(java.lang.Object, java.lang.Object, int)'> (0x000000008d39f308) 
thrown [s\src\hotspot\share\interpreter\linkResolver.cpp, line 784]
Event: 40.474 Thread 0x000001e68e5d39d0 Exception <a 'java/lang/NoSuchMethodError'{0x000000008d189c28}: 'int java.lang.invoke.DirectMethodHandle$Holder.invokeSpecial(java.lang.Object, java.lang.Object, java.lang.Object, int, java.lang.Object)'> (0x000000008d189c28) 
thrown [s\src\hotspot\share\interpreter\linkResolver.cpp, line 784]
Event: 40.474 Thread 0x000001e68eb18560 Exception <a 'java/lang/NoSuchMethodError'{0x000000008d1ec008}: 'int java.lang.invoke.DirectMethodHandle$Holder.invokeSpecial(java.lang.Object, java.lang.Object, java.lang.Object, int, java.lang.Object)'> (0x000000008d1ec008) 
thrown [s\src\hotspot\share\interpreter\linkResolver.cpp, line 784]
Event: 40.474 Thread 0x000001e68e888120 Exception <a 'java/lang/NoSuchMethodError'{0x000000008d0027e0}: 'int java.lang.invoke.DirectMethodHandle$Holder.invokeSpecial(java.lang.Object, java.lang.Object, java.lang.Object, int, java.lang.Object)'> (0x000000008d0027e0) 
thrown [s\src\hotspot\share\interpreter\linkResolver.cpp, line 784]
Event: 40.704 Thread 0x000001e68e5d39d0 Exception <a 'java/lang/NoSuchMethodError'{0x000000008c8b97d8}: 'java.lang.Object java.lang.invoke.DirectMethodHandle$Holder.invokeInterface(java.lang.Object, java.lang.Object, int)'> (0x000000008c8b97d8) 
thrown [s\src\hotspot\share\interpreter\linkResolver.cpp, line 784]
Event: 40.778 Thread 0x000001e68eb18560 Exception <a 'java/lang/NoSuchMethodError'{0x000000008c362fc0}: 'int java.lang.invoke.DirectMethodHandle$Holder.invokeInterface(java.lang.Object, java.lang.Object, int)'> (0x000000008c362fc0) 
thrown [s\src\hotspot\share\interpreter\linkResolver.cpp, line 784]
Event: 40.791 Thread 0x000001e68eb18560 Exception <a 'java/lang/NoSuchMethodError'{0x000000008c262038}: 'void java.lang.invoke.DirectMethodHandle$Holder.invokeStatic(java.lang.Object, int)'> (0x000000008c262038) 
thrown [s\src\hotspot\share\interpreter\linkResolver.cpp, line 784]

ZGC Phase Switch (0 events):
No events

VM Operations (20 events):
Event: 43.443 Executing VM operation: G1PauseRemark done
Event: 43.618 Executing VM operation: G1PauseCleanup
Event: 43.618 Executing VM operation: G1PauseCleanup done
Event: 43.672 Executing VM operation: G1CollectForAllocation (G1 Evacuation Pause)
Event: 43.681 Executing VM operation: G1CollectForAllocation (G1 Evacuation Pause) done
Event: 43.926 Executing VM operation: ICBufferFull
Event: 43.927 Executing VM operation: ICBufferFull done
Event: 43.927 Executing VM operation: ICBufferFull
Event: 43.927 Executing VM operation: ICBufferFull done
Event: 44.152 Executing VM operation: G1CollectForAllocation (G1 Evacuation Pause)
Event: 44.166 Executing VM operation: G1CollectForAllocation (G1 Evacuation Pause) done
Event: 44.544 Executing VM operation: G1CollectForAllocation (G1 Evacuation Pause)
Event: 44.556 Executing VM operation: G1CollectForAllocation (G1 Evacuation Pause) done
Event: 44.874 Executing VM operation: G1PauseRemark
Event: 44.887 Executing VM operation: G1PauseRemark done
Event: 45.044 Executing VM operation: G1PauseCleanup
Event: 45.044 Executing VM operation: G1PauseCleanup done
Event: 45.108 Executing VM operation: G1CollectForAllocation (G1 Evacuation Pause)
Event: 45.120 Executing VM operation: G1CollectForAllocation (G1 Evacuation Pause) done
Event: 45.456 Executing VM operation: G1CollectForAllocation (G1 Evacuation Pause)

Memory protections (0 events):
No events

Nmethod flushes (20 events):
Event: 44.884 Thread 0x000001e6ff1fbfb0 flushing  nmethod 0x000001e6f053b290
Event: 44.884 Thread 0x000001e6ff1fbfb0 flushing  nmethod 0x000001e6f053b790
Event: 44.884 Thread 0x000001e6ff1fbfb0 flushing  nmethod 0x000001e6f053bb90
Event: 44.884 Thread 0x000001e6ff1fbfb0 flushing  nmethod 0x000001e6f053c790
Event: 44.884 Thread 0x000001e6ff1fbfb0 flushing  nmethod 0x000001e6f053d190
Event: 44.884 Thread 0x000001e6ff1fbfb0 flushing  nmethod 0x000001e6f053d610
Event: 44.884 Thread 0x000001e6ff1fbfb0 flushing  nmethod 0x000001e6f053df90
Event: 44.884 Thread 0x000001e6ff1fbfb0 flushing  nmethod 0x000001e6f056fc90
Event: 44.884 Thread 0x000001e6ff1fbfb0 flushing  nmethod 0x000001e6f0570310
Event: 44.884 Thread 0x000001e6ff1fbfb0 flushing  nmethod 0x000001e6f0574d90
Event: 44.884 Thread 0x000001e6ff1fbfb0 flushing  nmethod 0x000001e6f0575a10
Event: 44.884 Thread 0x000001e6ff1fbfb0 flushing  nmethod 0x000001e6f05b4310
Event: 44.884 Thread 0x000001e6ff1fbfb0 flushing  nmethod 0x000001e6f05b4710
Event: 44.884 Thread 0x000001e6ff1fbfb0 flushing  nmethod 0x000001e6f05b4c90
Event: 44.884 Thread 0x000001e6ff1fbfb0 flushing  nmethod 0x000001e6f05b5c10
Event: 44.884 Thread 0x000001e6ff1fbfb0 flushing  nmethod 0x000001e6f05b7990
Event: 44.884 Thread 0x000001e6ff1fbfb0 flushing  nmethod 0x000001e6f069c390
Event: 44.884 Thread 0x000001e6ff1fbfb0 flushing  nmethod 0x000001e6f069cb10
Event: 44.884 Thread 0x000001e6ff1fbfb0 flushing  nmethod 0x000001e6f069d810
Event: 44.884 Thread 0x000001e6ff1fbfb0 flushing  nmethod 0x000001e6f06b0b90

Events (20 events):
Event: 33.097 Thread 0x000001e68e881eb0 Thread added: 0x000001e68be16610
Event: 33.198 Thread 0x000001e68e881eb0 Thread added: 0x000001e68e886050
Event: 33.198 Thread 0x000001e68e881eb0 Thread added: 0x000001e68e882bd0
Event: 33.199 Thread 0x000001e68e881eb0 Thread added: 0x000001e68e885330
Event: 33.199 Thread 0x000001e68e881eb0 Thread added: 0x000001e68e883260
Event: 33.200 Thread 0x000001e68e881eb0 Thread added: 0x000001e68e8838f0
Event: 33.200 Thread 0x000001e68e881eb0 Thread added: 0x000001e68e884610
Event: 33.201 Thread 0x000001e68e881eb0 Thread added: 0x000001e68e8859c0
Event: 33.626 Thread 0x000001e68e881eb0 Thread added: 0x000001e68e881190
Event: 33.688 Thread 0x000001e68e8866e0 Thread added: 0x000001e68ab15b30
Event: 33.689 Thread 0x000001e68e8866e0 Thread added: 0x000001e68ab14e10
Event: 33.689 Thread 0x000001e68e8866e0 Thread added: 0x000001e68ab11990
Event: 33.690 Thread 0x000001e68e8866e0 Thread added: 0x000001e68ab11300
Event: 33.691 Thread 0x000001e68e8866e0 Thread added: 0x000001e68ab16850
Event: 33.692 Thread 0x000001e68e8866e0 Thread added: 0x000001e68ab161c0
Event: 33.692 Thread 0x000001e68e8866e0 Thread added: 0x000001e68ab16ee0
Event: 33.818 Thread 0x000001e68e888120 Thread added: 0x000001e68ab14780
Event: 33.818 Thread 0x000001e68e888120 Thread added: 0x000001e68ab133d0
Event: 33.819 Thread 0x000001e68e888120 Thread added: 0x000001e68ab13a60
Event: 33.819 Thread 0x000001e68e888120 Thread added: 0x000001e68ab17570


Dynamic libraries:
0x00007ff7b1eb0000 - 0x00007ff7b1eba000 	C:\Program Files\Common Files\Android\Android Studio\jbr\bin\java.exe
0x00007ffdd5d30000 - 0x00007ffdd5f28000 	C:\Windows\SYSTEM32\ntdll.dll
0x00007ffdd5950000 - 0x00007ffdd5a12000 	C:\Windows\System32\KERNEL32.DLL
0x00007ffdd3680000 - 0x00007ffdd3976000 	C:\Windows\System32\KERNELBASE.dll
0x00007ffdd3be0000 - 0x00007ffdd3ce0000 	C:\Windows\System32\ucrtbase.dll
0x00007ffdc6d30000 - 0x00007ffdc6d4b000 	C:\Program Files\Common Files\Android\Android Studio\jbr\bin\VCRUNTIME140.dll
0x00007ffdb7fc0000 - 0x00007ffdb7fd8000 	C:\Program Files\Common Files\Android\Android Studio\jbr\bin\jli.dll
0x00007ffdd42b0000 - 0x00007ffdd444d000 	C:\Windows\System32\USER32.dll
0x00007ffdd3650000 - 0x00007ffdd3672000 	C:\Windows\System32\win32u.dll
0x00007ffdbe710000 - 0x00007ffdbe9aa000 	C:\Windows\WinSxS\amd64_microsoft.windows.common-controls_6595b64144ccf1df_6.0.19041.5794_none_60bcd33171f2783c\COMCTL32.dll
0x00007ffdd45c0000 - 0x00007ffdd45eb000 	C:\Windows\System32\GDI32.dll
0x00007ffdd3e10000 - 0x00007ffdd3eae000 	C:\Windows\System32\msvcrt.dll
0x00007ffdd33d0000 - 0x00007ffdd34ea000 	C:\Windows\System32\gdi32full.dll
0x00007ffdd3980000 - 0x00007ffdd3a1d000 	C:\Windows\System32\msvcp_win.dll
0x00007ffdd3eb0000 - 0x00007ffdd3edf000 	C:\Windows\System32\IMM32.DLL
0x00007ffdbb270000 - 0x00007ffdbb27c000 	C:\Program Files\Common Files\Android\Android Studio\jbr\bin\vcruntime140_1.dll
0x00007ffda19b0000 - 0x00007ffda1a3d000 	C:\Program Files\Common Files\Android\Android Studio\jbr\bin\msvcp140.dll
0x00007ffda5840000 - 0x00007ffda64d6000 	C:\Program Files\Common Files\Android\Android Studio\jbr\bin\server\jvm.dll
0x00007ffdd5390000 - 0x00007ffdd543f000 	C:\Windows\System32\ADVAPI32.dll
0x00007ffdd5440000 - 0x00007ffdd54df000 	C:\Windows\System32\sechost.dll
0x00007ffdd5ae0000 - 0x00007ffdd5c03000 	C:\Windows\System32\RPCRT4.dll
0x00007ffdd3ce0000 - 0x00007ffdd3d07000 	C:\Windows\System32\bcrypt.dll
0x00007ffdd4240000 - 0x00007ffdd42ab000 	C:\Windows\System32\WS2_32.dll
0x00007ffdcbcb0000 - 0x00007ffdcbcba000 	C:\Windows\SYSTEM32\VERSION.dll
0x00007ffdbd910000 - 0x00007ffdbd937000 	C:\Windows\SYSTEM32\WINMM.dll
0x00007ffdd2910000 - 0x00007ffdd295b000 	C:\Windows\SYSTEM32\POWRPROF.dll
0x00007ffdd27d0000 - 0x00007ffdd27e2000 	C:\Windows\SYSTEM32\UMPDC.dll
0x00007ffdd1c40000 - 0x00007ffdd1c52000 	C:\Windows\SYSTEM32\kernel.appcore.dll
0x00007ffdbaa00000 - 0x00007ffdbaa0a000 	C:\Program Files\Common Files\Android\Android Studio\jbr\bin\jimage.dll
0x00007ffdcdf90000 - 0x00007ffdce191000 	C:\Windows\SYSTEM32\DBGHELP.DLL
0x00007ffdae2f0000 - 0x00007ffdae324000 	C:\Windows\SYSTEM32\dbgcore.DLL
0x00007ffdd3aa0000 - 0x00007ffdd3b22000 	C:\Windows\System32\bcryptPrimitives.dll
0x00007ffdbaf30000 - 0x00007ffdbaf3e000 	C:\Program Files\Common Files\Android\Android Studio\jbr\bin\instrument.dll
0x00007ffda6e80000 - 0x00007ffda6ea0000 	C:\Program Files\Common Files\Android\Android Studio\jbr\bin\java.dll
0x00007ffda6e60000 - 0x00007ffda6e78000 	C:\Program Files\Common Files\Android\Android Studio\jbr\bin\zip.dll
0x00007ffdd4c10000 - 0x00007ffdd537e000 	C:\Windows\System32\SHELL32.dll
0x00007ffdce2f0000 - 0x00007ffdcea93000 	C:\Windows\SYSTEM32\windows.storage.dll
0x00007ffdd3ee0000 - 0x00007ffdd4233000 	C:\Windows\System32\combase.dll
0x00007ffdd2e00000 - 0x00007ffdd2e2b000 	C:\Windows\SYSTEM32\Wldp.dll
0x00007ffdd44f0000 - 0x00007ffdd45bd000 	C:\Windows\System32\OLEAUT32.dll
0x00007ffdd4650000 - 0x00007ffdd46fd000 	C:\Windows\System32\SHCORE.dll
0x00007ffdd49d0000 - 0x00007ffdd4a25000 	C:\Windows\System32\shlwapi.dll
0x00007ffdd3300000 - 0x00007ffdd3325000 	C:\Windows\SYSTEM32\profapi.dll
0x00007ffdb1ed0000 - 0x00007ffdb1ee0000 	C:\Program Files\Common Files\Android\Android Studio\jbr\bin\net.dll
0x00007ffdcb8b0000 - 0x00007ffdcb9ba000 	C:\Windows\SYSTEM32\WINHTTP.dll
0x00007ffdd2b60000 - 0x00007ffdd2bcc000 	C:\Windows\system32\mswsock.dll
0x00007ffda5820000 - 0x00007ffda5836000 	C:\Program Files\Common Files\Android\Android Studio\jbr\bin\nio.dll
0x00007ffda6980000 - 0x00007ffda6990000 	C:\Program Files\Common Files\Android\Android Studio\jbr\bin\verify.dll
0x00007ffdb1f30000 - 0x00007ffdb1f57000 	C:\Users\Laptop_Store\.gradle\native\1def1411415f61bf3af743bc5b6707747c0891f09f0c88961ee8f79bc544acac\windows-amd64\native-platform.dll
0x00007ffd9eb50000 - 0x00007ffd9ebc8000 	C:\Users\Laptop_Store\.gradle\native\0.2.7\x86_64-windows-gnu\gradle-fileevents.dll
0x00007ffda6e50000 - 0x00007ffda6e59000 	C:\Program Files\Common Files\Android\Android Studio\jbr\bin\management.dll
0x00007ffda69a0000 - 0x00007ffda69ab000 	C:\Program Files\Common Files\Android\Android Studio\jbr\bin\management_ext.dll
0x00007ffdd5380000 - 0x00007ffdd5388000 	C:\Windows\System32\PSAPI.DLL
0x00007ffdd27f0000 - 0x00007ffdd282b000 	C:\Windows\SYSTEM32\IPHLPAPI.DLL
0x00007ffdd4ac0000 - 0x00007ffdd4ac8000 	C:\Windows\System32\NSI.dll
0x00007ffdcc380000 - 0x00007ffdcc389000 	C:\Program Files\Common Files\Android\Android Studio\jbr\bin\extnet.dll
0x00007ffdd2d60000 - 0x00007ffdd2d78000 	C:\Windows\SYSTEM32\CRYPTSP.dll
0x00007ffdd2410000 - 0x00007ffdd2448000 	C:\Windows\system32\rsaenh.dll
0x00007ffdd32c0000 - 0x00007ffdd32ee000 	C:\Windows\SYSTEM32\USERENV.dll
0x00007ffdd2d50000 - 0x00007ffdd2d5c000 	C:\Windows\SYSTEM32\CRYPTBASE.dll
0x00007ffdc9b10000 - 0x00007ffdc9b17000 	C:\Windows\system32\wshunix.dll

JVMTI agents:
C:\Users\Laptop_Store\.gradle\wrapper\dists\gradle-8.13-bin\5xuhj0ry160q40clulazy9h7d\gradle-8.13\lib\agents\gradle-instrumentation-agent-8.13.jar path:C:\Program Files\Common Files\Android\Android Studio\jbr\bin\instrument.dll, loaded, initialized, instrumentlib options:none

dbghelp: loaded successfully - version: 4.0.5 - missing functions: none
symbol engine: initialized successfully - sym options: 0x614 - pdb path: .;C:\Program Files\Common Files\Android\Android Studio\jbr\bin;C:\Windows\SYSTEM32;C:\Windows\WinSxS\amd64_microsoft.windows.common-controls_6595b64144ccf1df_6.0.19041.5794_none_60bcd33171f2783c;C:\Program Files\Common Files\Android\Android Studio\jbr\bin\server;C:\Users\Laptop_Store\.gradle\native\1def1411415f61bf3af743bc5b6707747c0891f09f0c88961ee8f79bc544acac\windows-amd64;C:\Users\Laptop_Store\.gradle\native\0.2.7\x86_64-windows-gnu

VM Arguments:
jvm_args: --add-opens=java.base/java.lang=ALL-UNNAMED --add-opens=java.base/java.lang.invoke=ALL-UNNAMED --add-opens=java.base/java.util=ALL-UNNAMED --add-opens=java.prefs/java.util.prefs=ALL-UNNAMED --add-exports=jdk.compiler/com.sun.tools.javac.api=ALL-UNNAMED --add-exports=jdk.compiler/com.sun.tools.javac.util=ALL-UNNAMED --add-opens=java.base/java.util=ALL-UNNAMED --add-opens=java.prefs/java.util.prefs=ALL-UNNAMED --add-opens=java.base/java.nio.charset=ALL-UNNAMED --add-opens=java.base/java.net=ALL-UNNAMED --add-opens=java.base/java.util.concurrent.atomic=ALL-UNNAMED --add-opens=java.xml/javax.xml.namespace=ALL-UNNAMED -Xmx2048m -Dfile.encoding=UTF-8 -Duser.country=US -Duser.language=en -Duser.variant -javaagent:C:\Users\Laptop_Store\.gradle\wrapper\dists\gradle-8.13-bin\5xuhj0ry160q40clulazy9h7d\gradle-8.13\lib\agents\gradle-instrumentation-agent-8.13.jar 
java_command: org.gradle.launcher.daemon.bootstrap.GradleDaemon 8.13
java_class_path (initial): C:\Users\Laptop_Store\.gradle\wrapper\dists\gradle-8.13-bin\5xuhj0ry160q40clulazy9h7d\gradle-8.13\lib\gradle-daemon-main-8.13.jar
Launcher Type: SUN_STANDARD

[Global flags]
     intx CICompilerCount                          = 4                                         {product} {ergonomic}
     uint ConcGCThreads                            = 2                                         {product} {ergonomic}
     uint G1ConcRefinementThreads                  = 8                                         {product} {ergonomic}
   size_t G1HeapRegionSize                         = 1048576                                   {product} {ergonomic}
    uintx GCDrainStackTargetSize                   = 64                                        {product} {ergonomic}
   size_t InitialHeapSize                          = 132120576                                 {product} {ergonomic}
   size_t MarkStackSize                            = 4194304                                   {product} {ergonomic}
   size_t MaxHeapSize                              = 2147483648                                {product} {command line}
   size_t MaxNewSize                               = 1287651328                                {product} {ergonomic}
   size_t MinHeapDeltaBytes                        = 1048576                                   {product} {ergonomic}
   size_t MinHeapSize                              = 8388608                                   {product} {ergonomic}
    uintx NonNMethodCodeHeapSize                   = 5839372                                {pd product} {ergonomic}
    uintx NonProfiledCodeHeapSize                  = 122909434                              {pd product} {ergonomic}
    uintx ProfiledCodeHeapSize                     = 122909434                              {pd product} {ergonomic}
    uintx ReservedCodeCacheSize                    = 251658240                              {pd product} {ergonomic}
     bool SegmentedCodeCache                       = true                                      {product} {ergonomic}
   size_t SoftMaxHeapSize                          = 2147483648                             {manageable} {ergonomic}
     bool UseCompressedOops                        = true                           {product lp64_product} {ergonomic}
     bool UseG1GC                                  = true                                      {product} {ergonomic}
     bool UseLargePagesIndividualAllocation        = false                                  {pd product} {ergonomic}

Logging:
Log output configuration:
 #0: stdout all=warning uptime,level,tags foldmultilines=false
 #1: stderr all=off uptime,level,tags foldmultilines=false

Environment Variables:
PATH=C:\Program Files (x86)\Common Files\Oracle\Java\java8path;C:\Program Files (x86)\Common Files\Oracle\Java\javapath;C:\Windows\system32;C:\Windows;C:\Windows\System32\Wbem;C:\Windows\System32\WindowsPowerShell\v1.0\;C:\Windows\System32\OpenSSH\;C:\Program Files\Git\cmd;C:\Users\Laptop_Store\AppData\Local\Microsoft\WindowsApps
USERNAME=Laptop_Store
OS=Windows_NT
PROCESSOR_IDENTIFIER=Intel64 Family 6 Model 142 Stepping 10, GenuineIntel
TMP=C:\Users\LAPTOP~1\AppData\Local\Temp
TEMP=C:\Users\LAPTOP~1\AppData\Local\Temp




Periodic native trim disabled

JNI global refs:
JNI global refs: 29, weak refs: 138

JNI global refs memory usage: 835, weak refs: 2097

Process memory usage:
Resident Set Size: 529404K (6% of 8243648K total physical memory with 299992K free physical memory)

OOME stack traces (most recent first):
Classloader memory used:
Loader org.gradle.internal.classloader.VisitableURLClassLoader$InstrumentingVisitableURLClassLoader: 45359K
Loader org.gradle.internal.classloader.VisitableURLClassLoader                         : 44161K
Loader bootstrap                                                                       : 28725K
Loader org.gradle.initialization.MixInLegacyTypesClassLoader                           : 13029K
Loader jdk.internal.loader.ClassLoaders$PlatformClassLoader                            : 509K
Loader jdk.internal.reflect.DelegatingClassLoader                                      : 325K
Loader jdk.internal.loader.ClassLoaders$AppClassLoader                                 : 235K
Loader org.gradle.internal.classloader.VisitableURLClassLoader                         : 160K
Loader org.gradle.groovy.scripts.internal.DefaultScriptCompilationHandler$ScriptClassLoader: 135K
Loader org.codehaus.groovy.runtime.callsite.CallSiteClassLoader                        : 27488B

Classes loaded by more than one classloader:
Class Program                                                                         : loaded 5 times (x 72B)
Class Build_gradle                                                                    : loaded 3 times (x 130B)
Class Build_gradle$1                                                                  : loaded 3 times (x 74B)
Class org.gradle.internal.classloader.FilteringClassLoader                            : loaded 2 times (x 105B)
Class com.google.common.base.CharMatcher$IsEither                                     : loaded 2 times (x 111B)
Class org.gradle.internal.classloader.ClassLoaderHierarchy                            : loaded 2 times (x 70B)
Class com.google.common.collect.ImmutableEnumSet                                      : loaded 2 times (x 146B)
Class com.google.common.util.concurrent.ExecutionError                                : loaded 2 times (x 82B)
Class com.google.common.collect.ImmutableList$1                                       : loaded 2 times (x 97B)
Class org.gradle.api.internal.classpath.ManifestUtil                                  : loaded 2 times (x 71B)
Class com.google.common.io.ByteArrayDataOutput                                        : loaded 2 times (x 70B)
Class com.google.common.collect.RegularImmutableMap                                   : loaded 2 times (x 121B)
Class com.google.common.collect.ImmutableMap$MapViewOfValuesAsSingletonSets           : loaded 2 times (x 126B)
Class [Lorg.objectweb.asm.Symbol;                                                     : loaded 2 times (x 69B)
Class org.objectweb.asm.ClassVisitor                                                  : loaded 2 times (x 88B)
Class com.google.common.collect.UnmodifiableListIterator                              : loaded 2 times (x 95B)
Class com.google.common.base.Platform$JdkPatternCompiler                              : loaded 2 times (x 75B)
Class org.objectweb.asm.MethodTooLargeException                                       : loaded 2 times (x 83B)
Class [Lcom.google.common.cache.CacheBuilder$OneWeigher;                              : loaded 2 times (x 69B)
Class com.google.common.base.Suppliers                                                : loaded 2 times (x 71B)
Class org.gradle.internal.classloader.DefaultClassLoaderFactory                       : loaded 2 times (x 82B)
Class org.gradle.internal.classloader.ClassLoaderVisitor                              : loaded 2 times (x 76B)
Class [Lcom.google.common.collect.ImmutableMapEntry;                                  : loaded 2 times (x 69B)
Class org.gradle.api.internal.classpath.EffectiveClassPath                            : loaded 2 times (x 90B)
Class com.google.common.collect.ListMultimap                                          : loaded 2 times (x 70B)
Class com.google.common.collect.ImmutableEnumMap                                      : loaded 2 times (x 126B)
Class com.google.common.collect.Sets$1                                                : loaded 2 times (x 139B)
Class org.objectweb.asm.AnnotationVisitor                                             : loaded 2 times (x 78B)
Class org.gradle.api.internal.DefaultClassPathProvider                                : loaded 2 times (x 76B)
Class com.google.common.collect.Sets$2                                                : loaded 2 times (x 139B)
Class [Lorg.gradle.api.internal.ClassPathProvider;                                    : loaded 2 times (x 69B)
Class org.gradle.api.internal.ClassPathProvider                                       : loaded 2 times (x 70B)
Class [Lorg.objectweb.asm.AnnotationVisitor;                                          : loaded 2 times (x 69B)
Class com.google.common.collect.Sets$3                                                : loaded 2 times (x 139B)
Class com.google.common.util.concurrent.AbstractFuture$SafeAtomicHelper               : loaded 2 times (x 79B)
Class com.google.common.cache.LocalCache$LocalLoadingCache                            : loaded 2 times (x 134B)
Class org.gradle.internal.service.UnknownServiceException                             : loaded 2 times (x 83B)
Class com.google.common.io.ByteArrayDataInput                                         : loaded 2 times (x 70B)
Class com.google.common.collect.Sets$4                                                : loaded 2 times (x 139B)
Class org.objectweb.asm.ModuleVisitor                                                 : loaded 2 times (x 81B)
Class com.google.common.cache.LocalCache$Strength$1                                   : loaded 2 times (x 81B)
Class com.google.common.util.concurrent.SettableFuture                                : loaded 2 times (x 114B)
Class com.google.common.cache.LocalCache$Strength$2                                   : loaded 2 times (x 81B)
Class com.google.common.io.ByteStreams                                                : loaded 2 times (x 71B)
Class com.google.common.cache.LocalCache$Strength$3                                   : loaded 2 times (x 81B)
Class com.google.common.collect.MapDifference                                         : loaded 2 times (x 70B)
Class org.objectweb.asm.FieldWriter                                                   : loaded 2 times (x 78B)
Class com.google.common.cache.CacheBuilder$NullListener                               : loaded 2 times (x 82B)
Class org.gradle.internal.classpath.TransformedClassPath                              : loaded 2 times (x 96B)
Class org.gradle.internal.classloader.InstrumentingClassLoader                        : loaded 2 times (x 70B)
Class com.google.common.cache.CacheLoader$FunctionToCacheLoader                       : loaded 2 times (x 75B)
Class com.google.common.collect.Iterators$ArrayItr                                    : loaded 2 times (x 97B)
Class com.google.common.collect.ImmutableCollection$Builder                           : loaded 2 times (x 76B)
Class ijJvmDebugger1_1xmetagh0zzfu3fni9z64hmfq                                        : loaded 2 times (x 179B)
Class com.google.common.base.Joiner                                                   : loaded 2 times (x 79B)
Class com.google.common.base.MoreObjects                                              : loaded 2 times (x 71B)
Class com.google.common.collect.Platform                                              : loaded 2 times (x 71B)
Class [Lorg.objectweb.asm.Type;                                                       : loaded 2 times (x 69B)
Class com.google.common.collect.UnmodifiableIterator                                  : loaded 2 times (x 80B)
Class org.gradle.internal.service.ServiceLocator                                      : loaded 2 times (x 70B)
Class com.google.common.base.Ascii                                                    : loaded 2 times (x 71B)
Class com.google.common.collect.SingletonImmutableBiMap                               : loaded 2 times (x 143B)
Class com.google.common.cache.LocalCache$1                                            : loaded 2 times (x 89B)
Class com.google.common.collect.AbstractMapEntry                                      : loaded 2 times (x 81B)
Class com.google.common.collect.Sets$ImprovedAbstractSet                              : loaded 2 times (x 135B)
Class com.google.common.collect.ImmutableList$Builder                                 : loaded 2 times (x 77B)
Class com.google.common.collect.AbstractMultimap                                      : loaded 2 times (x 123B)
Class com.google.common.cache.LocalCache$2                                            : loaded 2 times (x 142B)
Class com.google.common.util.concurrent.AbstractFuture$UnsafeAtomicHelper$1           : loaded 2 times (x 76B)
Class com.google.common.collect.RegularImmutableAsList                                : loaded 2 times (x 217B)
Class com.google.common.util.concurrent.AbstractFuture$Trusted                        : loaded 2 times (x 70B)
Class com.google.common.collect.Iterators                                             : loaded 2 times (x 71B)
Class com.google.common.collect.Lists$StringAsImmutableList                           : loaded 2 times (x 207B)
Class com.google.common.util.concurrent.UncheckedExecutionException                   : loaded 2 times (x 82B)
Class org.gradle.kotlin.dsl.VersionCatalogAccessorsKt                                 : loaded 2 times (x 71B)
Class org.gradle.internal.InternalTransformer                                         : loaded 2 times (x 70B)
Class com.google.common.collect.AbstractMapBasedMultimap$KeySet$1                     : loaded 2 times (x 82B)
Class org.objectweb.asm.ClassWriter                                                   : loaded 2 times (x 106B)
Class com.google.common.base.CharMatcher$And                                          : loaded 2 times (x 112B)
Class com.google.common.cache.CacheLoader$UnsupportedLoadingOperationException        : loaded 2 times (x 82B)
Class org.gradle.internal.classloader.ClasspathUtil$1                                 : loaded 2 times (x 76B)
Class com.google.common.base.Objects                                                  : loaded 2 times (x 71B)
Class org.objectweb.asm.FieldVisitor                                                  : loaded 2 times (x 77B)
Class com.google.common.collect.IndexedImmutableSet                                   : loaded 2 times (x 152B)
Class com.google.common.collect.ImmutableMap$1                                        : loaded 2 times (x 81B)
Class com.google.common.collect.BiMap                                                 : loaded 2 times (x 70B)
Class org.gradle.api.internal.classpath.DefaultModuleRegistry$DefaultModule           : loaded 2 times (x 86B)
Class com.google.common.primitives.Ints                                               : loaded 2 times (x 71B)
Class com.google.common.collect.AbstractIterator                                      : loaded 2 times (x 82B)
Class com.google.common.collect.ObjectArrays                                          : loaded 2 times (x 71B)
Class com.google.common.collect.Multiset                                              : loaded 2 times (x 70B)
Class com.google.common.collect.RegularImmutableMap$KeySet                            : loaded 2 times (x 152B)
Class com.google.common.collect.AbstractIndexedListIterator                           : loaded 2 times (x 96B)
Class com.google.common.math.MathPreconditions                                        : loaded 2 times (x 71B)
Class com.google.common.collect.ImmutableMapEntrySet                                  : loaded 2 times (x 152B)
Class org.gradle.api.internal.classpath.Module                                        : loaded 2 times (x 70B)
Class com.google.common.cache.Weigher                                                 : loaded 2 times (x 70B)
Class org.gradle.api.internal.classpath.UnknownModuleException                        : loaded 2 times (x 82B)
Class com.google.common.base.Stopwatch                                                : loaded 2 times (x 72B)
Class com.google.common.cache.LocalCache$Strength                                     : loaded 2 times (x 81B)
Class com.google.common.cache.Cache                                                   : loaded 2 times (x 70B)
Class com.google.common.base.NullnessCasts                                            : loaded 2 times (x 71B)
Class com.google.common.util.concurrent.AbstractFuture$Cancellation                   : loaded 2 times (x 72B)
Class com.google.common.collect.ImmutableMap$Builder                                  : loaded 2 times (x 82B)
Class com.google.common.cache.RemovalListener                                         : loaded 2 times (x 70B)
Class org.gradle.api.internal.DefaultClassPathRegistry                                : loaded 2 times (x 76B)
Class com.google.common.primitives.IntsMethodsForWeb                                  : loaded 2 times (x 71B)
Class com.google.common.collect.Multimap                                              : loaded 2 times (x 70B)
Class org.gradle.api.internal.ClassPathRegistry                                       : loaded 2 times (x 70B)
Class org.gradle.internal.classpath.DefaultClassPath$ImmutableUniqueList              : loaded 2 times (x 199B)
Class com.google.common.base.ExtraObjectsMethodsForWeb                                : loaded 2 times (x 71B)
Class com.google.common.base.PairwiseEquivalence                                      : loaded 2 times (x 83B)
Class com.google.common.cache.CacheBuilder                                            : loaded 2 times (x 72B)
Class com.google.common.collect.SingletonImmutableList                                : loaded 2 times (x 207B)
Class Settings_gradle$1                                                               : loaded 2 times (x 74B)
Class org.gradle.internal.classpath.ClassPath                                         : loaded 2 times (x 70B)
Class org.gradle.api.UncheckedIOException                                             : loaded 2 times (x 82B)
Class com.google.common.base.JdkPattern                                               : loaded 2 times (x 75B)
Class com.google.common.collect.ImmutableList$ReverseImmutableList                    : loaded 2 times (x 209B)
Class ijKotlinCoroutineJvmDebugInit1_f2xb91z8bjt99qyrcjg9y4vw3$_run_closure1$_closure2: loaded 2 times (x 139B)
Class org.objectweb.asm.SymbolTable$Entry                                             : loaded 2 times (x 74B)
Class com.google.common.util.concurrent.AbstractFuture$AtomicHelper                   : loaded 2 times (x 78B)
Class org.objectweb.asm.Edge                                                          : loaded 2 times (x 72B)
Class com.google.common.base.Suppliers$SupplierOfInstance                             : loaded 2 times (x 79B)
Class com.google.common.collect.Iterators$1                                           : loaded 2 times (x 81B)
Class com.google.common.cache.LocalCache$ComputingValueReference                      : loaded 2 times (x 96B)
Class com.google.common.collect.SingletonImmutableSet                                 : loaded 2 times (x 146B)
Class com.google.common.collect.ImmutableMap$IteratorBasedImmutableMap                : loaded 2 times (x 126B)
Class com.google.common.cache.LocalCache$Segment                                      : loaded 2 times (x 154B)
Class com.google.common.collect.AbstractListMultimap                                  : loaded 2 times (x 172B)
Class [Lorg.objectweb.asm.SymbolTable$Entry;                                          : loaded 2 times (x 69B)
Class com.google.common.cache.CacheLoader                                             : loaded 2 times (x 74B)
Class com.google.common.collect.Iterators$4                                           : loaded 2 times (x 82B)
Class com.google.common.collect.ImmutableBiMap                                        : loaded 2 times (x 143B)
Class org.gradle.internal.installation.GradleInstallation$1                           : loaded 2 times (x 75B)
Class org.gradle.api.internal.classpath.ModuleRegistry                                : loaded 2 times (x 70B)
Class com.google.common.util.concurrent.internal.InternalFutureFailureAccess          : loaded 2 times (x 72B)
Class com.google.common.collect.Iterators$5                                           : loaded 2 times (x 82B)
Class com.google.common.collect.ImmutableSet$JdkBackedSetBuilderImpl                  : loaded 2 times (x 76B)
Class com.google.common.util.concurrent.AbstractFuture$UnsafeAtomicHelper             : loaded 2 times (x 78B)
Class com.google.common.base.CharMatcher$ForPredicate                                 : loaded 2 times (x 112B)
Class com.google.common.cache.LocalCache$LocalManualCache$1                           : loaded 2 times (x 75B)
Class com.google.common.base.CharMatcher$AnyOf                                        : loaded 2 times (x 112B)
Class com.google.common.collect.ImmutableCollection                                   : loaded 2 times (x 125B)
Class org.gradle.api.internal.classpath.DefaultModuleRegistry                         : loaded 2 times (x 86B)
Class com.google.common.collect.Lists                                                 : loaded 2 times (x 71B)
Class com.google.common.util.concurrent.ListenableFuture                              : loaded 2 times (x 70B)
Class com.google.common.cache.ReferenceEntry                                          : loaded 2 times (x 70B)
Class com.google.common.base.Converter                                                : loaded 2 times (x 90B)
Class com.google.common.collect.ImmutableSet$CachingAsList                            : loaded 2 times (x 148B)
Class com.google.common.collect.AbstractMapBasedMultimap                              : loaded 2 times (x 139B)
Class com.google.common.util.concurrent.AbstractFuture                                : loaded 2 times (x 106B)
Class com.google.common.base.FunctionalEquivalence                                    : loaded 2 times (x 83B)
Class com.google.common.collect.Iterators$9                                           : loaded 2 times (x 81B)
Class com.google.common.collect.ImmutableAsList                                       : loaded 2 times (x 209B)
Class org.objectweb.asm.RecordComponentVisitor                                        : loaded 2 times (x 77B)
Class com.google.common.cache.CacheLoader$SupplierToCacheLoader                       : loaded 2 times (x 75B)
Class com.google.common.collect.Maps$EntryTransformer                                 : loaded 2 times (x 70B)
Class org.gradle.internal.service.ServiceLookupException                              : loaded 2 times (x 82B)
Class [Lcom.google.common.cache.LocalCache$EntryFactory;                              : loaded 2 times (x 69B)
Class org.gradle.internal.classloader.ClassLoaderFactory                              : loaded 2 times (x 70B)
Class com.google.common.base.CommonPattern                                            : loaded 2 times (x 74B)
Class com.google.common.base.CharMatcher$IsNot                                        : loaded 2 times (x 111B)
Class com.google.common.cache.LocalCache$LocalManualCache                             : loaded 2 times (x 99B)
Class org.gradle.internal.service.CachingServiceLocator                               : loaded 2 times (x 82B)
Class com.google.common.collect.AbstractMapBasedMultimap$KeySet                       : loaded 2 times (x 137B)
Class com.google.common.math.IntMath                                                  : loaded 2 times (x 71B)
Class com.google.common.collect.ImmutableMapEntry                                     : loaded 2 times (x 85B)
Class com.google.common.base.Equivalence                                              : loaded 2 times (x 82B)
Class com.google.common.base.Function                                                 : loaded 2 times (x 70B)
Class com.google.common.collect.ImmutableMapEntry$NonTerminalImmutableMapEntry        : loaded 2 times (x 85B)
Class ijKotlinCoroutineJvmDebugInit1_f2xb91z8bjt99qyrcjg9y4vw3                        : loaded 2 times (x 179B)
Class com.google.common.collect.IndexedImmutableSet$1                                 : loaded 2 times (x 213B)
Class com.google.common.cache.CacheBuilder$OneWeigher                                 : loaded 2 times (x 82B)
Class com.google.common.collect.RegularImmutableList                                  : loaded 2 times (x 213B)
Class org.gradle.internal.classloader.ClasspathUtil                                   : loaded 2 times (x 71B)
Class com.google.common.base.Charsets                                                 : loaded 2 times (x 71B)
Class com.google.common.util.concurrent.Uninterruptibles                              : loaded 2 times (x 71B)
Class com.google.common.collect.Maps                                                  : loaded 2 times (x 71B)
Class org.gradle.api.specs.Spec                                                       : loaded 2 times (x 70B)
Class [Lcom.google.common.collect.ImmutableEntry;                                     : loaded 2 times (x 69B)
Class com.google.common.cache.LocalCache$LoadingValueReference                        : loaded 2 times (x 96B)
Class com.google.common.collect.ArrayListMultimapGwtSerializationDependencies         : loaded 2 times (x 172B)
Class com.google.common.base.Platform                                                 : loaded 2 times (x 71B)
Class ijJvmDebugger1_1xmetagh0zzfu3fni9z64hmfq$_run_closure1                          : loaded 2 times (x 139B)
Class [Lorg.objectweb.asm.AnnotationWriter;                                           : loaded 2 times (x 69B)
Class com.google.common.collect.Maps$8                                                : loaded 2 times (x 82B)
Class com.google.common.collect.Sets$SetView                                          : loaded 2 times (x 138B)
Class com.google.common.cache.LocalCache$StrongValueReference                         : loaded 2 times (x 90B)
Class com.google.common.util.concurrent.AbstractFuture$SynchronizedHelper             : loaded 2 times (x 78B)
Class org.objectweb.asm.Type                                                          : loaded 2 times (x 72B)
Class org.gradle.internal.classloader.VisitableURLClassLoader$InstrumentingVisitableURLClassLoader: loaded 2 times (x 123B)
Class org.objectweb.asm.ByteVector                                                    : loaded 2 times (x 79B)
Class [Lcom.google.common.cache.CacheBuilder$NullListener;                            : loaded 2 times (x 69B)
Class com.google.common.math.IntMath$1                                                : loaded 2 times (x 71B)
Class org.gradle.internal.classloader.VisitableURLClassLoader$Spec                    : loaded 2 times (x 74B)
Class org.gradle.internal.classpath.DefaultClassPath                                  : loaded 2 times (x 90B)
Class org.objectweb.asm.Symbol                                                        : loaded 2 times (x 73B)
Class com.google.common.io.Closer                                                     : loaded 2 times (x 78B)
Class com.google.common.base.CharMatcher$Ascii                                        : loaded 2 times (x 112B)
Class com.google.common.base.CharMatcher$BitSetMatcher                                : loaded 2 times (x 112B)
Class com.google.common.collect.RegularImmutableMap$Values                            : loaded 2 times (x 207B)
Class com.google.common.collect.ImmutableSet                                          : loaded 2 times (x 145B)
Class org.gradle.internal.classloader.ClassLoaderSpec                                 : loaded 2 times (x 71B)
Class org.objectweb.asm.AnnotationWriter                                              : loaded 2 times (x 79B)
Class com.google.common.cache.CacheStats                                              : loaded 2 times (x 71B)
Class com.google.common.io.Closer$Suppressor                                          : loaded 2 times (x 70B)
Class org.objectweb.asm.RecordComponentWriter                                         : loaded 2 times (x 78B)
Class com.google.common.util.concurrent.AbstractFuture$Listener                       : loaded 2 times (x 72B)
Class com.google.common.base.CharMatcher$Or                                           : loaded 2 times (x 112B)
Class Settings_gradle$1$1                                                             : loaded 2 times (x 74B)
Class org.objectweb.asm.Attribute                                                     : loaded 2 times (x 77B)
Class com.google.common.base.Supplier                                                 : loaded 2 times (x 70B)
Class org.gradle.internal.classloader.VisitableURLClassLoader                         : loaded 2 times (x 117B)
Class com.google.common.util.concurrent.AbstractFuture$Waiter                         : loaded 2 times (x 72B)
Class Settings_gradle                                                                 : loaded 2 times (x 128B)
Class org.gradle.internal.Cast                                                        : loaded 2 times (x 71B)
Class org.gradle.api.Action                                                           : loaded 2 times (x 70B)
Class com.google.common.base.Strings                                                  : loaded 2 times (x 71B)
Class com.google.common.collect.Sets                                                  : loaded 2 times (x 71B)
Class org.objectweb.asm.Handler                                                       : loaded 2 times (x 72B)
Class com.google.common.base.CharMatcher$FastMatcher                                  : loaded 2 times (x 111B)
Class com.google.common.base.Ticker                                                   : loaded 2 times (x 72B)
Class [Lcom.google.common.cache.LocalCache$Segment;                                   : loaded 2 times (x 69B)
Class com.google.common.base.Predicate                                                : loaded 2 times (x 70B)
Class [Lcom.google.common.cache.LocalCache$Strength;                                  : loaded 2 times (x 69B)
Class com.google.common.cache.CacheBuilder$1                                          : loaded 2 times (x 85B)
Class com.google.common.collect.ImmutableMap                                          : loaded 2 times (x 120B)
Class org.gradle.internal.classpath.DefaultClassPath$ImmutableUniqueList$Builder      : loaded 2 times (x 75B)
Class com.google.common.base.CharMatcher$NegatedFastMatcher                           : loaded 2 times (x 113B)
Class com.google.common.cache.LocalCache                                              : loaded 2 times (x 187B)
Class com.google.common.cache.CacheBuilder$2                                          : loaded 2 times (x 79B)
Class com.google.common.collect.ArrayListMultimap                                     : loaded 2 times (x 172B)
Class com.google.common.cache.CacheBuilder$3                                          : loaded 2 times (x 72B)
Class [Lcom.google.common.collect.AbstractMapEntry;                                   : loaded 2 times (x 69B)
Class com.google.common.collect.ImmutableEntry                                        : loaded 2 times (x 82B)
Class org.gradle.api.GradleException                                                  : loaded 2 times (x 82B)
Class com.google.common.base.Suppliers$MemoizingSupplier                              : loaded 2 times (x 79B)
Class com.google.common.collect.CollectPreconditions                                  : loaded 2 times (x 71B)
Class com.google.common.collect.SortedMapDifference                                   : loaded 2 times (x 70B)
Class com.google.common.cache.LocalCache$EntryFactory                                 : loaded 2 times (x 83B)
Class com.google.common.cache.LocalCache$AbstractReferenceEntry                       : loaded 2 times (x 107B)
Class org.gradle.internal.IoActions                                                   : loaded 2 times (x 71B)
Class org.objectweb.asm.SymbolTable                                                   : loaded 2 times (x 72B)
Class com.google.common.cache.CacheLoader$InvalidCacheLoadException                   : loaded 2 times (x 82B)
Class com.google.common.collect.ImmutableSet$RegularSetBuilderImpl                    : loaded 2 times (x 77B)
Class org.gradle.internal.classloader.SystemClassLoaderSpec                           : loaded 2 times (x 71B)
Class com.google.common.cache.LocalCache$StrongEntry                                  : loaded 2 times (x 108B)
Class com.google.common.util.concurrent.AbstractFuture$TrustedFuture                  : loaded 2 times (x 114B)
Class com.google.common.cache.LoadingCache                                            : loaded 2 times (x 70B)
Class com.google.common.io.ByteStreams$LimitedInputStream                             : loaded 2 times (x 92B)
Class com.google.common.base.Suppliers$NonSerializableMemoizingSupplier               : loaded 2 times (x 79B)
Class org.objectweb.asm.MethodWriter                                                  : loaded 2 times (x 106B)
Class [Lcom.google.common.cache.Weigher;                                              : loaded 2 times (x 69B)
Class com.google.common.collect.RegularImmutableMap$BucketOverflowException           : loaded 2 times (x 82B)
Class com.google.common.collect.RegularImmutableBiMap                                 : loaded 2 times (x 149B)
Class com.google.common.base.CharMatcher$Is                                           : loaded 2 times (x 111B)
Class com.google.common.base.CharMatcher$Negated                                      : loaded 2 times (x 113B)
Class com.google.common.cache.LocalCache$ValueReference                               : loaded 2 times (x 70B)
Class com.google.common.base.PatternCompiler                                          : loaded 2 times (x 70B)
Class com.google.common.util.concurrent.AbstractFuture$Failure                        : loaded 2 times (x 72B)
Class com.google.common.base.Equivalence$Equals                                       : loaded 2 times (x 82B)
Class com.google.common.collect.Hashing                                               : loaded 2 times (x 71B)
Class com.google.common.base.Preconditions                                            : loaded 2 times (x 71B)
Class com.google.common.base.Joiner$1                                                 : loaded 2 times (x 80B)
Class org.objectweb.asm.Label                                                         : loaded 2 times (x 73B)
Class org.objectweb.asm.CurrentFrame                                                  : loaded 2 times (x 73B)
Class org.objectweb.asm.ClassTooLargeException                                        : loaded 2 times (x 83B)
Class com.google.common.base.CharMatcher                                              : loaded 2 times (x 111B)
Class com.google.common.collect.PeekingIterator                                       : loaded 2 times (x 70B)
Class com.google.common.collect.Maps$IteratorBasedAbstractMap                         : loaded 2 times (x 125B)
Class com.google.common.base.Joiner$2                                                 : loaded 2 times (x 79B)
Class org.objectweb.asm.Frame                                                         : loaded 2 times (x 73B)
Class org.objectweb.asm.MethodVisitor                                                 : loaded 2 times (x 105B)
Class com.google.common.base.CharMatcher$NamedFastMatcher                             : loaded 2 times (x 112B)
Class com.google.common.base.CharMatcher$1                                            : loaded 2 times (x 113B)
Class com.google.common.cache.LocalCache$EntryFactory$1                               : loaded 2 times (x 83B)
Class [Lcom.google.common.cache.RemovalListener;                                      : loaded 2 times (x 69B)
Class ijKotlinCoroutineJvmDebugInit1_f2xb91z8bjt99qyrcjg9y4vw3$_run_closure1          : loaded 2 times (x 139B)
Class com.google.common.cache.LocalCache$EntryFactory$2                               : loaded 2 times (x 83B)
Class org.gradle.api.internal.classpath.GlobalCacheRootsProvider                      : loaded 2 times (x 70B)
Class org.objectweb.asm.ModuleWriter                                                  : loaded 2 times (x 82B)
Class com.google.common.cache.LocalCache$EntryFactory$3                               : loaded 2 times (x 83B)
Class com.google.common.base.Ticker$1                                                 : loaded 2 times (x 72B)
Class com.google.common.collect.Maps$BiMapConverter                                   : loaded 2 times (x 90B)
Class com.google.common.collect.ImmutableMapEntrySet$RegularEntrySet                  : loaded 2 times (x 152B)
Class com.google.common.base.CharMatcher$InRange                                      : loaded 2 times (x 111B)
Class com.google.common.cache.LocalCache$EntryFactory$4                               : loaded 2 times (x 83B)
Class com.google.common.collect.ImmutableSet$Builder                                  : loaded 2 times (x 85B)
Class com.google.common.io.ByteStreams$1                                              : loaded 2 times (x 85B)
Class com.google.common.cache.LocalCache$EntryFactory$5                               : loaded 2 times (x 83B)
Class ijJvmDebugger1_1xmetagh0zzfu3fni9z64hmfq$_run_closure1$_closure2                : loaded 2 times (x 140B)
Class com.google.common.base.Equivalence$Identity                                     : loaded 2 times (x 82B)
Class com.google.common.cache.LocalCache$EntryFactory$6                               : loaded 2 times (x 83B)
Class org.gradle.internal.installation.CurrentGradleInstallationLocator               : loaded 2 times (x 71B)
Class com.google.common.collect.Maps$KeySet                                           : loaded 2 times (x 137B)
Class com.google.common.cache.LocalCache$EntryFactory$7                               : loaded 2 times (x 83B)
Class com.google.common.collect.ImmutableSet$EmptySetBuilderImpl                      : loaded 2 times (x 76B)
Class com.google.common.collect.ImmutableList                                         : loaded 2 times (x 206B)
Class org.gradle.internal.service.DefaultServiceLocator                               : loaded 2 times (x 83B)
Class com.google.common.cache.LocalCache$EntryFactory$8                               : loaded 2 times (x 83B)
Class com.google.common.collect.ImmutableSet$SetBuilderImpl                           : loaded 2 times (x 76B)
Class org.gradle.internal.installation.CurrentGradleInstallation                      : loaded 2 times (x 73B)
Class com.google.common.cache.CacheLoader$1                                           : loaded 2 times (x 75B)
Class com.google.common.collect.ForwardingObject                                      : loaded 2 times (x 72B)
Class com.google.common.collect.ImmutableList$SubList                                 : loaded 2 times (x 209B)
Class org.gradle.util.internal.GUtil                                                  : loaded 2 times (x 71B)
Class com.google.common.util.concurrent.AbstractFuture$SetFuture                      : loaded 2 times (x 75B)
Class com.google.common.cache.AbstractCache$StatsCounter                              : loaded 2 times (x 70B)
Class com.google.common.collect.Iterators$MergingIterator                             : loaded 2 times (x 81B)
Class com.google.common.collect.RegularImmutableSet                                   : loaded 2 times (x 149B)
Class org.gradle.internal.installation.GradleInstallation                             : loaded 2 times (x 75B)
Class com.google.common.collect.Iterables                                             : loaded 2 times (x 71B)

---------------  S Y S T E M  ---------------

OS:
 Windows 10 , 64 bit Build 19041 (10.0.19041.5794)
OS uptime: 0 days 1:40 hours

CPU: total 8 (initial active 8) (4 cores per cpu, 2 threads per core) family 6 model 142 stepping 10 microcode 0xf6, cx8, cmov, fxsr, ht, mmx, 3dnowpref, sse, sse2, sse3, ssse3, sse4.1, sse4.2, popcnt, lzcnt, tsc, tscinvbit, avx, avx2, aes, erms, clmul, bmi1, bmi2, rtm, adx, fma, vzeroupper, clflush, clflushopt, rdtscp, f16c
Processor Information for processor 0
  Max Mhz: 1896, Current Mhz: 1496, Mhz Limit: 1687
Processor Information for processor 1
  Max Mhz: 1896, Current Mhz: 1496, Mhz Limit: 1687
Processor Information for processor 2
  Max Mhz: 1896, Current Mhz: 1496, Mhz Limit: 1687
Processor Information for processor 3
  Max Mhz: 1896, Current Mhz: 1496, Mhz Limit: 1687
Processor Information for processor 4
  Max Mhz: 1896, Current Mhz: 1496, Mhz Limit: 1687
Processor Information for processor 5
  Max Mhz: 1896, Current Mhz: 1696, Mhz Limit: 1687
Processor Information for processor 6
  Max Mhz: 1896, Current Mhz: 1496, Mhz Limit: 1687
Processor Information for processor 7
  Max Mhz: 1896, Current Mhz: 1496, Mhz Limit: 1687

Memory: 4k page, system-wide physical 8050M (291M free)
TotalPageFile size 13077M (AvailPageFile size 61M)
current process WorkingSet (physical memory assigned to process): 517M, peak: 518M
current process commit charge ("private bytes"): 623M, peak: 851M

vm_info: OpenJDK 64-Bit Server VM (21.0.8+-14018985-b1038.68) for windows-amd64 JRE (21.0.8+-14018985-b1038.68), built on 2025-08-29T19:56:34Z by "builder" with MS VC++ 16.10 / 16.11 (VS2019)

END.
